Equipment Name,Type,Flowrate,Pressure,Temperature
Equipment_1,Separator,492.77,10.52,55.73
Equipment_2,Reactor,457.76,14.25,302.34
Equipment_3,Condenser,74.95,2.38,269.51
Equipment_4,Separator,424.87,18.84,289.87
Equipment_5,Valve,256.01,9.72,249.7
Equipment_6,Condenser,166.53,18.83,65.46
Equipment_7,Condenser,445.44,3.04,102.35
Equipment_8,Separator,138.5,19.05,372.79
Equipment_9,Compressor,476.28,3.07,131.52
Equipment_10,Valve,142.53,9.77,397.53
Equipment_11,Separator,326.16,18.82,287.86
Equipment_12,Valve,150.39,5.42,205.52
Equipment_13,Valve,295.55,1.66,372.02
Equipment_14,Condenser,357.79,16.07,328.25
Equipment_15,Reactor,135.6,12.32,200.14
Equipment_16,Valve,284.4,10.76,74.01
Equipment_17,HeatExchanger,261.08,1.65,353.91
Equipment_18,Condenser,81.97,13.41,317.76
Equipment_19,Compressor,418.24,4.26,326.76
Equipment_20,Reactor,201.06,18.69,310.7
Equipment_21,HeatExchanger,308.56,14.03,146.51
Equipment_22,HeatExchanger,281.65,14.43,350.6
Equipment_23,Compressor,280.97,5.42,50.78
Equipment_24,Reactor,98.25,17.73,133.05
Equipment_25,Condenser,240.57,11.22,66.3
Equipment_26,Pump,253.57,17.28,88.71
Equipment_27,Reactor,380.14,6.15,236.33
Equipment_28,Compressor,428.01,15.35,63.04
Equipment_29,HeatExchanger,295.24,11.92,113.48
Equipment_30,Condenser,89.05,1.92,131.46
Equipment_31,Reactor,156.58,8.7,279.37
Equipment_32,Pump,124.22,4.49,214.09
Equipment_33,Pump,106.08,7.82,210.44
Equipment_34,Valve,214.65,8.28,318.95
Equipment_35,Valve,153.23,10.02,209.85
Equipment_36,Separator,148.24,12.41,171.97
Equipment_37,Compressor,74.61,11.85,386.86
Equipment_38,Reactor,57.95,1.74,52.9
Equipment_39,Reactor,96.25,15.26,156.89
Equipment_40,Separator,127.49,19.03,263.29
Equipment_41,HeatExchanger,243.94,7.62,323.98
Equipment_42,HeatExchanger,279.73,4.42,335.74
Equipment_43,Separator,113.27,11.26,66.13
Equipment_44,HeatExchanger,241.15,14.39,298.2
Equipment_45,Valve,203.79,13.9,302.09
Equipment_46,Reactor,132.54,12.63,124.93
Equipment_47,Separator,53.08,3.78,89.47
Equipment_48,Reactor,260.16,16.9,312.39
Equipment_49,Pump,358.54,9.09,137.33
Equipment_50,Valve,151.82,5.21,50.59
Equipment_51,Condenser,109.31,2.64,128.25
Equipment_52,Valve,449.17,8.92,60.87
Equipment_53,Separator,173.76,12.74,137.22
Equipment_54,Condenser,150.63,13.64,167.26
Equipment_55,Pump,435.69,19.29,144.99
Equipment_56,Separator,417.7,3.91,371.98
Equipment_57,Compressor,251.76,19.73,131.39
Equipment_58,Reactor,270.16,13.44,213.64
Equipment_59,Pump,147.99,9.63,385.1
Equipment_60,Reactor,85.24,17.88,357.72
Equipment_61,HeatExchanger,308.04,14.2,158.24
Equipment_62,Compressor,94.26,7.63,164.27
Equipment_63,Compressor,252.17,17.8,257.67
Equipment_64,Pump,473.22,13.67,371.25
Equipment_65,Compressor,478.78,14.28,53.5
Equipment_66,Condenser,157.7,18.03,187.59
Equipment_67,Compressor,330.85,9.52,347.42
Equipment_68,Reactor,263.33,13.48,193.66
Equipment_69,Reactor,444.06,15.15,302.02
Equipment_70,Separator,172.14,9.62,292.17
Equipment_71,Reactor,51.67,2.59,121.91
Equipment_72,Separator,123.15,15.66,207.36
Equipment_73,Reactor,207.29,1.91,248.17
Equipment_74,Condenser,192.07,14.64,300.41
Equipment_75,Separator,406.11,18.31,337.84
Equipment_76,Valve,356.25,7.59,315.98
Equipment_77,HeatExchanger,184.8,2.94,59.91
Equipment_78,Pump,255.98,5.42,284.72
Equipment_79,Reactor,93.0,11.68,224.06
Equipment_80,Compressor,454.17,18.91,250.85
Equipment_81,Reactor,470.94,10.73,180.54
Equipment_82,Compressor,490.91,3.14,299.91
Equipment_83,HeatExchanger,440.85,12.93,285.86
Equipment_84,HeatExchanger,128.28,14.92,252.82
Equipment_85,HeatExchanger,70.79,8.47,351.56
Equipment_86,Compressor,310.82,14.71,85.67
Equipment_87,Reactor,460.67,7.17,155.36
Equipment_88,HeatExchanger,129.81,15.99,223.3
Equipment_89,Condenser,53.17,7.48,385.51
Equipment_90,Separator,412.47,5.87,75.19
Equipment_91,Compressor,84.56,17.7,167.98
Equipment_92,Compressor,236.17,11.42,374.06
Equipment_93,Reactor,355.5,6.42,364.28
Equipment_94,Compressor,156.56,18.77,352.84
Equipment_95,Compressor,87.78,14.13,157.94
Equipment_96,HeatExchanger,396.51,5.19,346.39
Equipment_97,Reactor,333.58,12.68,226.87
Equipment_98,HeatExchanger,494.82,17.54,266.92
Equipment_99,Separator,204.94,14.23,133.59
Equipment_100,Separator,77.79,5.65,297.34
Equipment_101,HeatExchanger,380.46,13.33,164.69
Equipment_102,Separator,284.78,12.76,170.36
Equipment_103,Reactor,145.94,16.6,272.89
Equipment_104,Pump,401.78,4.38,133.94
Equipment_105,HeatExchanger,141.69,14.29,128.55
Equipment_106,Condenser,167.3,1.52,179.21
Equipment_107,Condenser,91.64,14.23,322.32
Equipment_108,Compressor,229.74,19.25,128.64
Equipment_109,Separator,238.52,4.31,325.56
Equipment_110,Condenser,281.55,6.91,293.46
Equipment_111,Compressor,369.03,12.07,287.68
Equipment_112,Pump,457.75,14.92,216.16
Equipment_113,Reactor,111.98,7.54,311.06
Equipment_114,Reactor,74.46,13.62,54.73
Equipment_115,Reactor,58.34,18.09,156.96
Equipment_116,Condenser,114.63,14.8,287.7
Equipment_117,Pump,346.08,14.51,395.55
Equipment_118,Condenser,377.36,8.26,50.88
Equipment_119,Separator,403.93,18.32,228.49
Equipment_120,Condenser,159.67,6.27,373.34
Equipment_121,Pump,187.65,4.9,352.24
Equipment_122,Pump,267.41,7.92,58.1
Equipment_123,Separator,78.43,13.35,235.35
Equipment_124,Pump,325.01,17.37,51.5
Equipment_125,Pump,492.68,3.51,326.35
Equipment_126,Reactor,212.36,16.46,158.11
Equipment_127,Separator,388.78,16.44,317.96
Equipment_128,Valve,275.02,12.15,380.68
Equipment_129,Valve,107.52,15.45,391.63
Equipment_130,Pump,312.01,4.46,362.94
Equipment_131,Valve,184.94,4.22,121.45
Equipment_132,Valve,65.48,17.39,118.11
Equipment_133,Pump,335.72,10.46,269.02
Equipment_134,Valve,436.52,5.67,240.42
Equipment_135,Condenser,205.15,14.09,53.34
Equipment_136,Compressor,225.63,17.95,187.1
Equipment_137,Separator,450.96,13.01,367.34
Equipment_138,Compressor,416.12,7.6,364.43
Equipment_139,Pump,371.73,10.18,121.37
Equipment_140,Reactor,161.96,15.29,183.69
Equipment_141,Separator,459.6,2.28,246.13
Equipment_142,Pump,119.49,5.13,348.47
Equipment_143,Reactor,332.05,9.79,236.2
Equipment_144,Compressor,62.96,12.48,388.87
Equipment_145,Pump,339.67,7.44,329.67
Equipment_146,Separator,174.71,6.67,383.58
Equipment_147,Separator,252.35,1.79,306.02
Equipment_148,HeatExchanger,205.37,1.62,357.17
Equipment_149,Condenser,127.74,6.3,340.85
Equipment_150,Valve,329.89,11.08,138.84
Equipment_151,Reactor,446.89,11.57,130.34
Equipment_152,HeatExchanger,481.59,10.39,352.53
Equipment_153,Valve,136.56,8.79,79.64
Equipment_154,Valve,372.82,5.79,193.0
Equipment_155,Pump,348.95,8.61,337.23
Equipment_156,Valve,204.52,3.64,334.63
Equipment_157,Condenser,58.59,3.19,98.57
Equipment_158,Separator,360.41,6.7,220.7
Equipment_159,HeatExchanger,475.47,19.91,217.94
Equipment_160,Valve,334.45,7.2,163.3
Equipment_161,Pump,245.88,18.79,371.01
Equipment_162,Condenser,286.32,8.45,278.59
Equipment_163,Compressor,139.83,9.34,393.07
Equipment_164,Separator,387.74,16.14,73.37
Equipment_165,Separator,385.89,2.78,188.02
Equipment_166,HeatExchanger,115.48,4.46,342.3
Equipment_167,Separator,445.09,19.5,197.94
Equipment_168,Valve,171.14,10.61,141.66
Equipment_169,Pump,492.02,1.84,399.23
Equipment_170,Separator,222.31,1.9,355.59
Equipment_171,Separator,130.05,18.24,241.27
Equipment_172,Compressor,208.27,17.59,246.6
Equipment_173,Compressor,248.08,9.71,52.4
Equipment_174,Reactor,81.19,4.1,393.35
Equipment_175,Condenser,310.2,16.78,332.2
Equipment_176,Valve,318.93,7.17,62.86
Equipment_177,Separator,382.52,8.96,111.72
Equipment_178,Separator,63.13,13.97,337.36
Equipment_179,Pump,293.56,7.71,80.4
Equipment_180,Reactor,73.81,12.94,379.63
Equipment_181,Condenser,365.51,17.82,399.96
Equipment_182,Reactor,75.08,16.15,360.25
Equipment_183,HeatExchanger,460.28,8.25,308.62
Equipment_184,Condenser,365.94,6.47,220.55
Equipment_185,Separator,278.33,6.42,78.85
Equipment_186,Separator,248.68,7.62,305.66
Equipment_187,Condenser,108.8,10.38,188.9
Equipment_188,Separator,180.95,8.92,249.58
Equipment_189,Valve,441.03,3.53,152.69
Equipment_190,Condenser,457.0,4.11,134.75
Equipment_191,Reactor,50.34,7.52,163.5
Equipment_192,Condenser,317.36,11.68,334.84
Equipment_193,Separator,373.69,12.26,199.27
Equipment_194,Valve,328.44,10.24,159.1
Equipment_195,Valve,86.76,15.04,201.54
Equipment_196,HeatExchanger,147.98,15.01,61.3
Equipment_197,Reactor,162.65,9.12,361.71
Equipment_198,Compressor,424.28,3.36,243.12
Equipment_199,Compressor,258.44,11.07,86.69
Equipment_200,Condenser,269.07,8.25,150.94
Equipment_201,HeatExchanger,470.7,3.62,394.24
Equipment_202,Pump,336.69,19.65,257.57
Equipment_203,Condenser,454.4,8.03,151.99
Equipment_204,HeatExchanger,255.43,12.89,199.22
Equipment_205,Reactor,117.25,10.31,140.47
Equipment_206,Reactor,468.47,3.71,61.13
Equipment_207,Reactor,256.42,2.06,344.71
Equipment_208,Reactor,131.73,12.89,152.37
Equipment_209,Reactor,186.08,5.69,343.44
Equipment_210,HeatExchanger,72.86,5.63,217.49
Equipment_211,HeatExchanger,260.74,19.18,114.01
Equipment_212,Valve,433.91,9.77,330.65
Equipment_213,Compressor,470.11,1.56,181.99
Equipment_214,Separator,469.67,7.46,297.71
Equipment_215,Reactor,106.35,12.11,343.03
Equipment_216,Pump,221.92,7.24,387.04
Equipment_217,Separator,62.7,1.51,80.04
Equipment_218,HeatExchanger,434.82,9.44,52.94
Equipment_219,Pump,211.44,3.01,241.95
Equipment_220,Pump,334.0,12.76,142.48
Equipment_221,Pump,371.7,12.77,214.19
Equipment_222,Valve,243.43,1.72,75.43
Equipment_223,HeatExchanger,187.9,6.52,225.56
Equipment_224,Pump,483.0,8.86,93.7
Equipment_225,Reactor,484.02,11.46,343.51
Equipment_226,Condenser,180.25,6.63,315.82
Equipment_227,Pump,265.83,6.47,75.93
Equipment_228,Valve,487.78,19.68,342.72
Equipment_229,Separator,52.19,1.8,163.74
Equipment_230,HeatExchanger,235.71,19.79,173.5
Equipment_231,Valve,95.21,1.91,112.93
Equipment_232,Pump,279.12,6.48,342.36
Equipment_233,HeatExchanger,61.1,10.38,191.65
Equipment_234,Condenser,233.1,3.72,67.09
Equipment_235,Pump,149.31,3.56,388.19
Equipment_236,Valve,289.99,5.87,139.56
Equipment_237,Compressor,498.2,19.5,377.66
Equipment_238,Reactor,410.24,8.22,155.43
Equipment_239,Separator,430.54,11.75,341.0
Equipment_240,Valve,335.87,14.38,282.48
Equipment_241,HeatExchanger,68.7,15.1,351.45
Equipment_242,Pump,143.06,14.07,391.64
Equipment_243,Reactor,466.28,7.4,355.02
Equipment_244,Pump,214.75,3.12,191.28
Equipment_245,HeatExchanger,96.64,6.35,335.08
Equipment_246,Pump,366.08,5.0,299.08
Equipment_247,Compressor,184.76,3.59,71.56
Equipment_248,Reactor,170.99,1.47,375.42
Equipment_249,Reactor,499.09,18.78,213.09
Equipment_250,HeatExchanger,436.16,18.5,97.06
Equipment_251,Separator,233.57,1.96,198.88
Equipment_252,Compressor,491.12,4.29,261.1
Equipment_253,Valve,342.55,3.65,250.53
Equipment_254,Pump,383.91,6.34,251.18
Equipment_255,Condenser,64.18,4.88,139.54
Equipment_256,Pump,104.72,18.97,271.45
Equipment_257,Pump,334.89,2.6,367.6
Equipment_258,Valve,454.56,5.02,186.03
Equipment_259,Pump,330.68,2.53,270.7
Equipment_260,Compressor,110.31,19.63,135.4
Equipment_261,Compressor,102.09,18.45,66.9
Equipment_262,Reactor,429.88,14.62,255.01
Equipment_263,HeatExchanger,112.69,9.09,66.64
Equipment_264,Separator,284.1,4.61,303.25
Equipment_265,Condenser,66.7,5.21,284.62
Equipment_266,Pump,86.3,9.42,179.26
Equipment_267,Pump,352.56,15.6,193.95
Equipment_268,Valve,360.13,6.03,371.22
Equipment_269,HeatExchanger,203.66,6.91,54.6
Equipment_270,Compressor,147.02,12.4,247.16
Equipment_271,Condenser,416.17,5.52,373.18
Equipment_272,Reactor,147.7,12.1,369.9
Equipment_273,Compressor,293.91,8.36,254.63
Equipment_274,HeatExchanger,485.69,1.65,183.43
Equipment_275,Separator,116.53,8.65,84.62
Equipment_276,Reactor,473.39,18.47,110.82
Equipment_277,Separator,132.3,6.57,287.89
Equipment_278,Valve,305.35,7.13,55.82
Equipment_279,Valve,219.65,2.25,359.22
Equipment_280,Pump,484.22,12.69,255.78
Equipment_281,Separator,173.09,17.14,65.8
Equipment_282,HeatExchanger,229.85,7.71,133.92
Equipment_283,Condenser,492.29,5.56,257.97
Equipment_284,Reactor,291.41,19.18,62.46
Equipment_285,Compressor,276.18,15.16,323.0
Equipment_286,HeatExchanger,166.0,11.78,371.97
Equipment_287,HeatExchanger,365.61,6.81,386.43
Equipment_288,Valve,56.47,5.2,306.78
Equipment_289,Separator,72.28,14.6,349.89
Equipment_290,Pump,319.71,10.91,263.75
Equipment_291,Pump,203.75,10.89,210.49
Equipment_292,Reactor,478.99,2.4,299.6
Equipment_293,Valve,456.44,10.73,128.46
Equipment_294,HeatExchanger,371.17,16.63,88.42
Equipment_295,Condenser,418.17,18.99,316.65
Equipment_296,Valve,350.3,3.03,385.37
Equipment_297,Reactor,106.51,12.99,252.12
Equipment_298,Reactor,394.49,11.8,218.89
Equipment_299,Valve,144.59,17.92,237.04
Equipment_300,Reactor,195.55,15.27,217.46
Equipment_301,Valve,418.66,19.34,204.77
Equipment_302,Compressor,291.44,19.24,381.46
Equipment_303,Valve,436.97,5.29,217.92
Equipment_304,Separator,145.87,14.78,78.39
Equipment_305,Valve,323.5,11.08,317.93
Equipment_306,Reactor,87.71,5.08,187.05
Equipment_307,Separator,339.38,4.7,298.74
Equipment_308,Reactor,393.14,2.54,252.85
Equipment_309,Pump,313.22,16.12,299.61
Equipment_310,Pump,169.8,7.17,71.7
Equipment_311,Separator,64.1,17.28,61.86
Equipment_312,Compressor,103.75,12.56,182.49
Equipment_313,Pump,330.04,13.8,292.61
Equipment_314,Valve,470.49,6.54,128.29
Equipment_315,Reactor,142.94,9.69,201.69
Equipment_316,Pump,380.76,8.83,393.28
Equipment_317,Pump,439.9,5.48,125.21
Equipment_318,Compressor,284.4,16.82,346.78
Equipment_319,Separator,351.17,12.82,338.91
Equipment_320,Separator,416.76,1.71,361.97
Equipment_321,HeatExchanger,167.3,16.58,370.3
Equipment_322,Compressor,183.6,3.01,227.56
Equipment_323,Valve,50.28,8.67,288.68
Equipment_324,Separator,483.39,11.85,266.61
Equipment_325,Reactor,462.9,1.15,158.13
Equipment_326,Compressor,394.06,13.41,147.93
Equipment_327,Pump,85.58,13.53,169.55
Equipment_328,Reactor,251.38,13.4,126.46
Equipment_329,Reactor,95.85,4.11,315.08
Equipment_330,Pump,57.16,5.86,387.6
Equipment_331,Compressor,327.28,5.7,353.72
Equipment_332,Pump,482.37,19.24,126.28
Equipment_333,HeatExchanger,456.29,2.28,68.17
Equipment_334,Reactor,363.54,9.15,314.98
Equipment_335,Condenser,93.49,17.55,186.57
Equipment_336,Condenser,173.37,15.62,338.61
Equipment_337,Valve,194.03,16.63,322.73
Equipment_338,Separator,393.42,19.47,268.89
Equipment_339,Pump,411.01,8.36,139.37
Equipment_340,Pump,223.3,6.88,86.41
Equipment_341,Valve,238.05,1.58,138.43
Equipment_342,Valve,70.03,3.85,228.42
Equipment_343,Valve,180.11,11.68,392.81
Equipment_344,Reactor,253.08,4.0,72.29
Equipment_345,HeatExchanger,102.64,14.99,120.03
Equipment_346,Pump,253.97,1.71,269.55
Equipment_347,Reactor,433.93,5.93,156.53
Equipment_348,Valve,311.59,14.21,350.48
Equipment_349,Pump,85.52,5.85,98.8
Equipment_350,Reactor,136.25,14.85,387.11
Equipment_351,HeatExchanger,263.54,19.92,369.33
Equipment_352,Reactor,212.67,16.14,360.64
Equipment_353,HeatExchanger,211.43,7.49,110.57
Equipment_354,Valve,288.17,18.11,165.32
Equipment_355,HeatExchanger,312.98,1.97,331.43
Equipment_356,Pump,408.59,14.78,332.73
Equipment_357,Valve,203.43,1.44,296.81
Equipment_358,Pump,412.46,4.32,206.82
Equipment_359,Condenser,202.38,19.76,159.06
Equipment_360,Compressor,74.94,7.86,387.04
Equipment_361,HeatExchanger,299.38,16.59,98.74
Equipment_362,Compressor,314.56,8.15,65.31
Equipment_363,Compressor,470.54,16.96,53.2
Equipment_364,HeatExchanger,376.73,19.34,321.26
Equipment_365,Valve,463.0,9.28,69.85
Equipment_366,Condenser,458.76,11.63,238.53
Equipment_367,Pump,322.06,12.94,178.55
Equipment_368,Reactor,287.49,18.76,101.42
Equipment_369,Pump,300.85,5.88,309.21
Equipment_370,Reactor,490.25,12.61,69.25
Equipment_371,Pump,397.93,7.17,161.44
Equipment_372,HeatExchanger,97.82,5.12,246.77
Equipment_373,Condenser,400.29,2.61,190.85
Equipment_374,Reactor,126.74,12.79,140.7
Equipment_375,Separator,251.31,17.76,374.1
Equipment_376,Valve,144.71,7.68,375.84
Equipment_377,Pump,360.31,11.5,195.63
Equipment_378,Pump,444.79,13.2,187.81
Equipment_379,Reactor,180.66,8.88,157.58
Equipment_380,Valve,86.9,18.16,349.51
Equipment_381,Valve,184.32,7.89,248.77
Equipment_382,HeatExchanger,352.56,3.38,81.33
Equipment_383,Separator,197.94,3.74,348.66
Equipment_384,HeatExchanger,175.15,17.93,237.21
Equipment_385,HeatExchanger,133.0,19.77,195.46
Equipment_386,HeatExchanger,273.88,6.49,168.25
Equipment_387,HeatExchanger,174.18,3.73,84.8
Equipment_388,HeatExchanger,378.95,10.16,384.85
Equipment_389,Condenser,84.48,14.48,309.44
Equipment_390,Valve,348.81,12.64,96.12
Equipment_391,HeatExchanger,156.9,19.07,228.94
Equipment_392,Valve,270.18,16.54,244.45
Equipment_393,Valve,178.74,17.51,108.76
Equipment_394,Compressor,375.25,11.29,199.53
Equipment_395,Condenser,475.39,7.22,276.01
Equipment_396,HeatExchanger,462.68,14.33,149.4
Equipment_397,Pump,312.54,9.34,166.06
Equipment_398,Reactor,258.17,6.47,92.71
Equipment_399,Separator,418.24,3.89,194.63
Equipment_400,Pump,357.5,11.03,254.35
Equipment_401,Condenser,132.6,12.29,90.78
Equipment_402,Reactor,419.41,11.81,265.17
Equipment_403,Condenser,243.0,3.21,189.23
Equipment_404,Valve,135.04,11.83,287.36
Equipment_405,Reactor,176.81,4.2,160.19
Equipment_406,Valve,170.39,13.61,248.97
Equipment_407,Pump,283.64,9.16,264.48
Equipment_408,Pump,155.47,17.13,291.68
Equipment_409,Reactor,105.6,15.79,314.93
Equipment_410,Reactor,105.66,14.76,97.72
Equipment_411,HeatExchanger,312.47,14.31,387.83
Equipment_412,Condenser,380.64,11.65,345.28
Equipment_413,HeatExchanger,194.69,2.16,246.81
Equipment_414,Condenser,65.59,13.45,361.63
Equipment_415,HeatExchanger,107.25,9.87,183.85
Equipment_416,Valve,461.61,9.92,62.0
Equipment_417,Reactor,272.09,8.2,304.46
Equipment_418,Pump,254.11,18.65,380.17
Equipment_419,Condenser,67.12,5.74,106.65
Equipment_420,Condenser,377.89,7.02,275.36
Equipment_421,Pump,287.63,19.3,334.7
Equipment_422,HeatExchanger,140.94,16.39,366.77
Equipment_423,Condenser,99.53,1.27,146.78
Equipment_424,Separator,222.52,18.22,95.06
Equipment_425,Valve,426.72,5.31,136.75
Equipment_426,Reactor,439.38,14.41,252.2
Equipment_427,Pump,321.28,11.51,371.55
Equipment_428,Reactor,377.39,11.2,253.89
Equipment_429,Separator,101.82,14.64,371.87
Equipment_430,Condenser,314.66,4.94,319.51
Equipment_431,Condenser,350.13,4.02,259.44
Equipment_432,Separator,140.32,13.39,57.63
Equipment_433,Pump,446.07,6.52,166.58
Equipment_434,Valve,137.75,19.51,70.11
Equipment_435,Compressor,191.06,9.58,162.78
Equipment_436,Pump,329.25,3.12,71.82
Equipment_437,Compressor,337.26,14.03,108.74
Equipment_438,Separator,364.72,6.82,193.74
Equipment_439,HeatExchanger,100.41,3.82,230.21
Equipment_440,Compressor,432.26,9.03,126.0
Equipment_441,Valve,289.78,19.32,306.4
Equipment_442,HeatExchanger,262.09,8.82,256.63
Equipment_443,Compressor,491.49,7.6,292.12
Equipment_444,Separator,383.17,9.45,306.47
Equipment_445,HeatExchanger,103.1,1.23,304.42
Equipment_446,Separator,390.44,3.53,377.68
Equipment_447,Compressor,92.86,17.14,133.03
Equipment_448,Separator,62.36,19.58,144.55
Equipment_449,Valve,231.63,4.0,82.97
Equipment_450,Compressor,497.11,11.17,257.41
Equipment_451,Compressor,128.7,19.36,188.31
Equipment_452,Compressor,352.69,3.98,223.67
Equipment_453,Pump,128.03,4.54,109.44
Equipment_454,Pump,376.15,18.61,277.17
Equipment_455,Pump,277.41,14.41,266.66
Equipment_456,Valve,355.99,3.89,142.67
Equipment_457,HeatExchanger,141.29,8.48,212.9
Equipment_458,Separator,385.53,2.07,363.01
Equipment_459,Condenser,498.03,9.22,320.72
Equipment_460,Compressor,349.54,15.78,129.43
Equipment_461,Separator,272.07,11.53,357.6
Equipment_462,Compressor,465.43,13.3,73.56
Equipment_463,Valve,57.13,7.21,194.87
Equipment_464,Compressor,378.47,4.07,78.04
Equipment_465,Pump,449.94,1.25,373.47
Equipment_466,Condenser,77.75,16.6,64.25
Equipment_467,Reactor,252.53,13.1,102.93
Equipment_468,Compressor,142.12,5.36,370.26
Equipment_469,Separator,304.93,8.95,253.76
Equipment_470,Pump,342.29,16.23,328.32
Equipment_471,Reactor,186.18,11.24,55.74
Equipment_472,Condenser,256.99,6.7,196.68
Equipment_473,Reactor,175.7,6.08,394.56
Equipment_474,Pump,216.23,5.13,252.94
Equipment_475,HeatExchanger,121.79,16.65,347.39
Equipment_476,HeatExchanger,448.5,12.06,387.25
Equipment_477,Reactor,54.5,14.47,289.76
Equipment_478,Valve,447.08,17.34,164.67
Equipment_479,Separator,307.26,19.75,158.01
Equipment_480,Separator,199.25,5.74,74.95
Equipment_481,Reactor,375.38,4.44,199.72
Equipment_482,Compressor,278.49,9.78,370.39
Equipment_483,Compressor,274.6,1.67,217.32
Equipment_484,Separator,99.56,16.04,368.85
Equipment_485,Separator,225.28,17.79,336.0
Equipment_486,HeatExchanger,158.48,14.03,394.47
Equipment_487,Valve,57.06,6.09,381.69
Equipment_488,Pump,212.04,3.34,297.27
Equipment_489,Compressor,90.42,8.26,354.93
Equipment_490,Separator,165.57,16.83,311.83
Equipment_491,HeatExchanger,91.63,7.61,296.19
Equipment_492,Condenser,95.42,1.65,300.45
Equipment_493,HeatExchanger,139.56,6.21,302.37
Equipment_494,Compressor,499.93,19.81,182.8
Equipment_495,Compressor,50.98,13.86,198.25
Equipment_496,HeatExchanger,337.4,18.12,152.92
Equipment_497,Pump,113.56,15.72,101.89
Equipment_498,Reactor,464.28,11.25,210.46
Equipment_499,Compressor,92.13,3.83,364.98
Equipment_500,HeatExchanger,479.78,7.62,277.94
Equipment_501,Separator,324.92,12.09,69.66
Equipment_502,HeatExchanger,50.57,17.54,333.92
Equipment_503,Valve,452.3,6.1,377.39
Equipment_504,Reactor,284.77,3.3,340.3
Equipment_505,Condenser,168.2,11.62,304.64
Equipment_506,Pump,395.28,4.35,102.54
Equipment_507,Condenser,467.0,12.6,172.15
Equipment_508,Reactor,267.66,6.01,247.85
Equipment_509,Reactor,192.0,5.39,76.9
Equipment_510,Reactor,405.03,8.58,87.19
Equipment_511,Condenser,356.8,12.27,376.99
Equipment_512,Separator,449.94,11.36,295.94
Equipment_513,Reactor,361.63,5.65,146.28
Equipment_514,HeatExchanger,159.59,17.93,164.58
Equipment_515,Condenser,469.25,3.09,184.55
Equipment_516,Reactor,97.18,1.75,76.27
Equipment_517,HeatExchanger,170.57,12.45,308.71
Equipment_518,Separator,284.09,3.34,111.89
Equipment_519,Valve,304.58,10.59,331.79
Equipment_520,Separator,56.89,19.08,346.06
Equipment_521,Reactor,401.26,14.27,273.45
Equipment_522,Condenser,212.72,12.73,319.45
Equipment_523,Compressor,232.89,11.92,110.14
Equipment_524,Reactor,414.22,4.41,251.58
Equipment_525,Compressor,220.68,9.22,286.88
Equipment_526,HeatExchanger,71.25,7.51,281.55
Equipment_527,Valve,129.4,19.11,91.05
Equipment_528,Pump,480.16,5.6,170.53
Equipment_529,Separator,81.68,9.96,163.76
Equipment_530,Valve,209.72,18.82,250.38
Equipment_531,Reactor,276.43,15.99,317.83
Equipment_532,Compressor,271.98,19.33,249.71
Equipment_533,Separator,51.78,12.56,314.19
Equipment_534,Compressor,275.52,7.34,84.64
Equipment_535,Condenser,222.7,16.71,357.35
Equipment_536,Compressor,487.44,6.54,237.82
Equipment_537,Condenser,121.62,4.13,63.12
Equipment_538,HeatExchanger,209.37,14.42,275.12
Equipment_539,Separator,238.77,13.14,231.07
Equipment_540,Separator,225.81,17.7,127.13
Equipment_541,Pump,349.62,19.28,317.55
Equipment_542,Reactor,146.98,17.29,376.75
Equipment_543,Condenser,149.48,2.14,162.94
Equipment_544,Pump,378.14,13.63,222.87
Equipment_545,Compressor,275.13,15.91,94.86
Equipment_546,Compressor,236.82,19.66,375.43
Equipment_547,Pump,126.14,8.12,161.58
Equipment_548,Separator,134.39,4.23,118.17
Equipment_549,Compressor,54.75,17.21,217.45
Equipment_550,HeatExchanger,91.14,7.03,65.15
Equipment_551,HeatExchanger,300.58,12.37,138.49
Equipment_552,Pump,451.34,8.41,73.68
Equipment_553,Condenser,179.22,8.64,94.58
Equipment_554,Condenser,197.49,14.92,89.26
Equipment_555,Pump,102.02,7.87,355.35
Equipment_556,Condenser,224.88,14.17,375.65
Equipment_557,Separator,66.75,1.27,216.08
Equipment_558,Separator,462.92,7.17,270.65
Equipment_559,Condenser,352.9,7.06,293.57
Equipment_560,HeatExchanger,495.84,15.23,186.96
Equipment_561,Condenser,447.27,6.98,179.57
Equipment_562,Separator,262.85,13.03,286.45
Equipment_563,Valve,283.86,14.08,181.85
Equipment_564,Reactor,135.76,13.51,253.35
Equipment_565,Compressor,257.92,12.46,230.32
Equipment_566,Valve,456.36,8.86,233.56
Equipment_567,Condenser,72.88,8.09,340.28
Equipment_568,HeatExchanger,438.6,11.73,296.42
Equipment_569,Pump,203.43,2.21,386.24
Equipment_570,Condenser,454.78,17.64,326.84
Equipment_571,HeatExchanger,473.4,16.68,101.03
Equipment_572,Reactor,351.89,7.58,308.47
Equipment_573,Condenser,348.99,11.77,282.98
Equipment_574,Separator,253.74,18.71,276.12
Equipment_575,Pump,425.99,6.16,218.26
Equipment_576,HeatExchanger,482.73,15.11,71.86
Equipment_577,HeatExchanger,398.79,2.57,383.02
Equipment_578,HeatExchanger,329.87,10.94,348.17
Equipment_579,Reactor,323.06,17.8,220.38
Equipment_580,Condenser,432.26,11.48,105.5
Equipment_581,Reactor,293.54,12.71,338.57
Equipment_582,Compressor,411.74,18.25,200.74
Equipment_583,Compressor,279.0,14.59,186.54
Equipment_584,Condenser,78.1,14.22,282.88
Equipment_585,Separator,222.78,12.14,315.54
Equipment_586,Reactor,250.0,13.03,71.99
Equipment_587,Pump,113.73,16.27,318.64
Equipment_588,HeatExchanger,96.12,19.61,306.88
Equipment_589,HeatExchanger,290.96,16.11,256.22
Equipment_590,Condenser,88.31,14.44,168.45
Equipment_591,Separator,186.33,3.58,107.68
Equipment_592,Compressor,385.07,16.52,85.93
Equipment_593,Compressor,483.99,14.98,50.41
Equipment_594,HeatExchanger,373.04,15.64,122.26
Equipment_595,Condenser,496.68,5.39,193.97
Equipment_596,Reactor,364.25,18.17,135.28
Equipment_597,Compressor,182.21,2.85,158.14
Equipment_598,Reactor,352.42,5.82,186.66
Equipment_599,Separator,365.97,13.6,157.89
Equipment_600,Compressor,217.28,13.8,303.62
Equipment_601,Compressor,57.97,6.95,222.1
Equipment_602,Valve,366.44,14.33,56.76
Equipment_603,Compressor,59.77,8.37,129.33
Equipment_604,Pump,334.03,1.0,298.38
Equipment_605,Condenser,123.63,4.09,155.33
Equipment_606,Condenser,304.52,17.77,372.05
Equipment_607,Reactor,276.76,5.23,299.43
Equipment_608,Separator,56.08,3.15,151.47
Equipment_609,Compressor,213.29,13.96,230.74
Equipment_610,Pump,320.49,9.37,283.53
Equipment_611,Reactor,431.87,16.14,117.68
Equipment_612,Valve,449.89,17.37,136.17
Equipment_613,Reactor,267.73,17.07,227.49
Equipment_614,Reactor,377.79,6.95,373.71
Equipment_615,Compressor,192.4,10.61,170.4
Equipment_616,Valve,203.98,13.35,190.75
Equipment_617,Reactor,137.51,7.12,116.72
Equipment_618,Pump,302.88,1.78,257.62
Equipment_619,Pump,191.55,10.42,309.05
Equipment_620,Condenser,87.97,1.24,204.22
Equipment_621,Valve,358.25,19.06,312.59
Equipment_622,Valve,368.49,16.14,155.91
Equipment_623,Condenser,212.0,4.65,297.44
Equipment_624,Reactor,84.53,6.46,140.42
Equipment_625,Valve,241.83,19.67,323.23
Equipment_626,Pump,249.05,8.1,340.72
Equipment_627,Pump,350.9,15.89,329.2
Equipment_628,Compressor,191.94,9.49,125.42
Equipment_629,Valve,357.17,17.42,292.99
Equipment_630,Reactor,442.17,14.37,238.49
Equipment_631,Condenser,156.87,1.44,395.11
Equipment_632,Condenser,490.51,6.59,176.55
Equipment_633,Reactor,223.87,11.6,319.94
Equipment_634,Separator,170.27,18.6,179.53
Equipment_635,HeatExchanger,239.68,2.94,188.9
Equipment_636,Compressor,92.48,12.42,88.85
Equipment_637,Condenser,106.57,6.74,133.88
Equipment_638,Valve,236.5,17.9,107.57
Equipment_639,Compressor,393.1,15.54,105.72
Equipment_640,Valve,455.14,8.02,53.16
Equipment_641,Separator,349.17,4.17,327.82
Equipment_642,Pump,97.35,1.22,213.78
Equipment_643,Compressor,352.41,12.8,331.46
Equipment_644,Condenser,335.94,8.72,264.39
Equipment_645,Compressor,412.59,6.98,340.97
Equipment_646,Compressor,421.36,19.72,226.32
Equipment_647,Compressor,440.69,9.86,82.91
Equipment_648,HeatExchanger,236.36,15.25,265.87
Equipment_649,Compressor,364.04,4.37,287.22
Equipment_650,Valve,170.71,1.26,269.28
Equipment_651,Pump,499.7,8.93,330.47
Equipment_652,Separator,128.9,13.65,306.02
Equipment_653,Reactor,54.55,10.63,201.42
Equipment_654,Compressor,116.96,17.92,336.69
Equipment_655,Condenser,399.14,9.25,292.13
Equipment_656,Compressor,251.05,6.91,92.13
Equipment_657,Condenser,251.38,18.4,238.96
Equipment_658,Valve,479.76,8.73,304.99
Equipment_659,Condenser,463.84,6.12,243.65
Equipment_660,Reactor,190.04,2.86,382.16
Equipment_661,Pump,144.08,16.07,85.52
Equipment_662,Condenser,431.82,16.68,302.81
Equipment_663,Condenser,457.71,1.63,338.56
Equipment_664,Pump,293.72,7.81,295.93
Equipment_665,Reactor,333.24,15.25,184.95
Equipment_666,Compressor,165.61,18.98,184.92
Equipment_667,Condenser,410.36,8.18,255.3
Equipment_668,Pump,334.46,17.57,188.98
Equipment_669,Valve,276.58,8.48,359.11
Equipment_670,Pump,77.05,4.41,88.48
Equipment_671,Valve,462.17,1.07,273.71
Equipment_672,Reactor,326.95,7.27,96.94
Equipment_673,Compressor,136.71,8.19,239.06
Equipment_674,Pump,322.87,18.96,300.45
Equipment_675,Separator,354.86,4.92,107.93
Equipment_676,Separator,286.6,8.26,296.41
Equipment_677,HeatExchanger,373.15,1.48,98.99
Equipment_678,Condenser,311.65,15.51,267.19
Equipment_679,Reactor,476.5,18.39,226.94
Equipment_680,Pump,74.16,5.52,154.33
Equipment_681,Separator,97.81,9.15,89.04
Equipment_682,Condenser,128.15,3.32,307.55
Equipment_683,Separator,360.58,9.68,183.63
Equipment_684,Pump,340.52,3.53,80.29
Equipment_685,Valve,451.43,10.94,320.48
Equipment_686,Pump,379.79,14.96,131.51
Equipment_687,HeatExchanger,278.76,11.51,307.76
Equipment_688,Pump,496.32,5.66,247.71
Equipment_689,Pump,169.75,7.72,118.09
Equipment_690,HeatExchanger,424.94,13.13,76.74
Equipment_691,Reactor,242.06,12.21,257.64
Equipment_692,Pump,341.93,3.6,58.82
Equipment_693,HeatExchanger,377.27,17.05,72.91
Equipment_694,Condenser,335.19,10.03,295.78
Equipment_695,Valve,113.23,4.09,238.61
Equipment_696,Valve,249.33,3.33,164.2
Equipment_697,Pump,302.65,19.35,238.73
Equipment_698,Reactor,432.07,6.35,257.08
Equipment_699,Reactor,249.64,18.26,247.85
Equipment_700,Condenser,463.44,8.8,274.89
Equipment_701,Pump,248.17,8.33,379.1
Equipment_702,Valve,296.95,14.32,186.07
Equipment_703,Reactor,408.33,1.19,155.4
Equipment_704,Pump,312.38,7.42,63.45
Equipment_705,Separator,482.1,6.75,101.48
Equipment_706,Reactor,347.15,17.49,87.19
Equipment_707,HeatExchanger,285.22,11.05,167.41
Equipment_708,Separator,60.62,7.93,263.5
Equipment_709,Reactor,236.18,6.06,66.22
Equipment_710,Valve,184.66,12.22,304.68
Equipment_711,Compressor,386.65,3.88,189.1
Equipment_712,Separator,143.72,5.68,387.23
Equipment_713,Condenser,142.35,6.58,248.93
Equipment_714,Condenser,135.28,12.55,319.98
Equipment_715,Valve,106.53,8.09,351.41
Equipment_716,Reactor,189.95,10.61,361.1
Equipment_717,Pump,448.66,13.36,231.46
Equipment_718,Reactor,398.72,19.17,188.86
Equipment_719,Valve,380.86,15.53,246.18
Equipment_720,Condenser,408.8,8.7,190.72
Equipment_721,Reactor,171.24,15.22,134.25
Equipment_722,Condenser,449.35,19.04,163.37
Equipment_723,Separator,111.79,10.49,131.47
Equipment_724,Pump,201.36,8.8,144.3
Equipment_725,Separator,314.04,2.48,82.76
Equipment_726,Condenser,96.31,17.96,199.26
Equipment_727,Condenser,378.56,5.68,132.35
Equipment_728,Compressor,224.26,2.22,206.93
Equipment_729,Compressor,402.98,11.21,327.27
Equipment_730,Separator,271.8,17.07,206.91
Equipment_731,HeatExchanger,131.39,8.73,384.11
Equipment_732,Separator,380.64,15.88,101.74
Equipment_733,Compressor,163.46,16.89,347.59
Equipment_734,Condenser,270.86,9.63,136.89
Equipment_735,Valve,83.99,12.23,376.88
Equipment_736,Separator,328.04,11.14,129.5
Equipment_737,Condenser,349.64,18.84,311.44
Equipment_738,Valve,220.4,14.78,71.74
Equipment_739,Valve,479.49,18.58,270.43
Equipment_740,Compressor,443.38,5.18,126.54
Equipment_741,Separator,368.57,6.89,284.56
Equipment_742,Reactor,371.14,2.35,272.54
Equipment_743,Pump,163.58,10.5,373.29
Equipment_744,Compressor,345.57,17.6,269.34
Equipment_745,Compressor,139.19,7.21,192.89
Equipment_746,Reactor,114.8,3.44,117.75
Equipment_747,Pump,499.76,2.3,280.11
Equipment_748,Condenser,330.07,9.5,90.73
Equipment_749,HeatExchanger,243.94,4.12,339.98
Equipment_750,Separator,179.67,7.58,136.57
Equipment_751,HeatExchanger,321.76,16.58,233.46
Equipment_752,Condenser,72.32,8.3,258.58
Equipment_753,Compressor,92.61,12.59,176.87
Equipment_754,Pump,64.79,10.54,282.36
Equipment_755,Compressor,274.63,14.65,137.58
Equipment_756,Valve,320.27,3.97,62.12
Equipment_757,Compressor,78.12,18.49,385.74
Equipment_758,Compressor,374.55,13.23,162.02
Equipment_759,Condenser,153.68,6.15,299.71
Equipment_760,Condenser,358.34,3.34,227.64
Equipment_761,Condenser,491.85,3.84,284.15
Equipment_762,HeatExchanger,361.0,15.87,88.83
Equipment_763,Valve,447.44,12.17,231.6
Equipment_764,Condenser,476.69,8.23,187.28
Equipment_765,Pump,269.04,7.33,208.15
Equipment_766,HeatExchanger,366.05,17.26,388.17
Equipment_767,Reactor,433.39,17.62,97.7
Equipment_768,Pump,210.47,12.04,314.15
Equipment_769,Separator,167.63,10.97,165.62
Equipment_770,Separator,475.97,16.51,151.63
Equipment_771,Pump,376.84,15.24,144.77
Equipment_772,Condenser,148.86,8.61,172.07
Equipment_773,Reactor,252.09,2.57,174.99
Equipment_774,Reactor,408.4,15.6,144.76
Equipment_775,HeatExchanger,296.18,4.21,283.62
Equipment_776,Reactor,342.48,1.31,66.7
Equipment_777,Separator,389.2,17.02,166.3
Equipment_778,Valve,329.9,11.99,148.07
Equipment_779,Condenser,293.04,17.94,313.0
Equipment_780,Reactor,387.33,10.21,101.27
Equipment_781,HeatExchanger,377.4,18.6,379.24
Equipment_782,Separator,333.44,7.73,109.68
Equipment_783,Valve,211.91,14.77,179.51
Equipment_784,Compressor,232.62,6.72,119.9
Equipment_785,Compressor,486.7,1.02,150.34
Equipment_786,Valve,100.57,8.22,316.36
Equipment_787,Separator,170.83,15.02,216.74
Equipment_788,HeatExchanger,271.58,3.85,106.9
Equipment_789,Valve,426.53,10.59,66.32
Equipment_790,Condenser,123.65,5.03,130.47
Equipment_791,Condenser,174.63,2.42,380.96
Equipment_792,Compressor,79.61,12.73,345.86
Equipment_793,Reactor,367.69,19.09,204.06
Equipment_794,HeatExchanger,157.19,6.9,218.7
Equipment_795,Compressor,224.9,12.03,364.78
Equipment_796,Reactor,249.67,19.12,256.97
Equipment_797,Reactor,451.09,13.36,358.27
Equipment_798,Condenser,235.1,13.79,222.14
Equipment_799,Separator,115.35,4.4,120.03
Equipment_800,Pump,285.94,10.36,304.07
Equipment_801,Separator,483.33,7.97,234.24
Equipment_802,Pump,323.46,9.95,283.95
Equipment_803,Valve,492.52,16.22,105.03
Equipment_804,Condenser,428.5,9.75,276.66
Equipment_805,Reactor,66.18,2.19,183.79
Equipment_806,HeatExchanger,346.28,18.21,166.2
Equipment_807,Pump,179.05,11.35,285.02
Equipment_808,Separator,301.83,18.57,257.28
Equipment_809,Reactor,175.71,11.87,277.19
Equipment_810,Pump,206.99,2.32,387.87
Equipment_811,Pump,465.43,11.5,295.42
Equipment_812,Pump,142.99,11.94,274.31
Equipment_813,HeatExchanger,443.35,5.07,264.74
Equipment_814,Condenser,63.71,9.95,189.55
Equipment_815,HeatExchanger,90.89,9.73,343.72
Equipment_816,Compressor,434.6,12.83,183.33
Equipment_817,Reactor,333.75,5.93,295.09
Equipment_818,Condenser,386.26,12.05,152.6
Equipment_819,Condenser,144.24,5.58,101.71
Equipment_820,Condenser,291.69,9.48,95.42
Equipment_821,Separator,381.75,3.33,272.1
Equipment_822,Condenser,332.29,1.71,164.78
Equipment_823,HeatExchanger,262.26,7.09,146.27
Equipment_824,Condenser,481.9,6.22,257.22
Equipment_825,Valve,354.27,8.73,58.98
Equipment_826,Reactor,458.49,19.28,136.18
Equipment_827,Condenser,378.4,10.92,169.19
Equipment_828,Reactor,380.96,11.51,297.93
Equipment_829,Valve,86.01,18.89,240.75
Equipment_830,Valve,211.76,18.5,349.6
Equipment_831,Reactor,436.27,17.8,167.08
Equipment_832,Pump,154.67,2.86,153.75
Equipment_833,Compressor,101.98,13.05,61.62
Equipment_834,Separator,196.75,16.35,383.1
Equipment_835,Pump,149.2,16.88,225.52
Equipment_836,Pump,466.38,11.98,225.88
Equipment_837,HeatExchanger,440.58,1.33,373.2
Equipment_838,Separator,274.86,19.5,151.47
Equipment_839,Separator,77.6,9.97,166.24
Equipment_840,Pump,371.55,8.48,279.72
Equipment_841,Condenser,330.54,8.5,324.81
Equipment_842,HeatExchanger,486.75,9.06,294.76
Equipment_843,HeatExchanger,301.53,5.6,326.05
Equipment_844,Valve,201.38,7.22,251.29
Equipment_845,Separator,283.56,19.72,351.99
Equipment_846,Pump,490.67,8.0,242.54
Equipment_847,Valve,363.36,11.01,130.27
Equipment_848,Reactor,352.39,17.12,239.6
Equipment_849,Compressor,158.31,11.02,299.53
Equipment_850,HeatExchanger,384.62,7.16,278.75
Equipment_851,Reactor,387.62,10.95,135.06
Equipment_852,Reactor,192.78,3.17,64.38
Equipment_853,Condenser,267.67,3.47,138.37
Equipment_854,Compressor,182.57,14.19,394.41
Equipment_855,Reactor,166.42,18.43,114.56
Equipment_856,Reactor,61.65,14.79,212.53
Equipment_857,Compressor,178.35,2.42,273.42
Equipment_858,Compressor,299.29,8.66,357.82
Equipment_859,Reactor,50.72,1.05,316.09
Equipment_860,Compressor,177.45,10.71,368.13
Equipment_861,Reactor,446.63,4.67,261.53
Equipment_862,Reactor,317.14,17.49,352.86
Equipment_863,Condenser,323.54,2.98,142.35
Equipment_864,Pump,231.51,1.03,200.7
Equipment_865,Reactor,354.41,9.57,345.32
Equipment_866,Valve,135.47,3.95,163.95
Equipment_867,HeatExchanger,418.44,15.02,354.93
Equipment_868,Separator,102.51,18.48,177.09
Equipment_869,Pump,345.2,1.8,177.19
Equipment_870,Pump,203.52,8.52,158.16
Equipment_871,Pump,386.38,19.94,241.43
Equipment_872,Condenser,297.39,14.92,95.17
Equipment_873,Reactor,253.56,19.11,62.81
Equipment_874,Condenser,126.24,4.12,364.09
Equipment_875,Reactor,336.57,5.21,375.13
Equipment_876,Condenser,488.65,3.94,76.66
Equipment_877,Condenser,421.52,6.75,242.39
Equipment_878,HeatExchanger,77.0,14.76,238.89
Equipment_879,Valve,219.3,4.13,180.35
Equipment_880,Condenser,466.51,10.96,249.12
Equipment_881,HeatExchanger,276.37,6.11,210.34
Equipment_882,Compressor,347.95,16.75,221.37
Equipment_883,Valve,460.67,1.13,314.37
Equipment_884,Condenser,443.21,5.24,234.09
Equipment_885,Separator,275.82,12.5,163.28
Equipment_886,Pump,246.94,2.84,253.51
Equipment_887,Compressor,202.86,9.86,274.26
Equipment_888,Compressor,373.56,9.29,281.81
Equipment_889,HeatExchanger,179.14,17.2,266.41
Equipment_890,Compressor,162.45,12.88,282.61
Equipment_891,Valve,210.31,13.15,158.53
Equipment_892,Condenser,129.75,19.08,206.15
Equipment_893,Condenser,362.8,19.66,284.05
Equipment_894,Separator,327.31,13.41,314.03
Equipment_895,Pump,267.3,10.92,201.95
Equipment_896,HeatExchanger,225.65,12.55,177.87
Equipment_897,Pump,459.08,8.27,300.56
Equipment_898,Compressor,63.11,19.76,127.76
Equipment_899,Separator,396.1,14.4,53.32
Equipment_900,Pump,455.86,6.53,214.91
Equipment_901,Valve,250.86,2.1,110.68
Equipment_902,Condenser,297.81,1.85,182.4
Equipment_903,Compressor,475.01,4.89,151.93
Equipment_904,Separator,145.52,5.43,322.04
Equipment_905,Pump,284.06,8.89,165.99
Equipment_906,HeatExchanger,263.62,5.08,274.24
Equipment_907,Valve,166.28,12.99,285.87
Equipment_908,Valve,418.37,5.01,209.76
Equipment_909,Pump,454.82,4.57,78.38
Equipment_910,Condenser,401.87,9.95,295.13
Equipment_911,Pump,137.91,17.88,76.31
Equipment_912,Compressor,89.04,9.9,84.72
Equipment_913,Pump,322.45,8.86,118.6
Equipment_914,Valve,75.69,11.98,148.13
Equipment_915,Separator,352.77,5.89,346.26
Equipment_916,Pump,288.69,7.72,286.22
Equipment_917,Condenser,348.25,5.06,185.52
Equipment_918,Separator,315.58,11.86,392.52
Equipment_919,HeatExchanger,240.22,14.25,135.26
Equipment_920,Reactor,140.39,13.8,263.44
Equipment_921,Pump,187.57,5.84,346.52
Equipment_922,Condenser,286.03,15.81,330.71
Equipment_923,Separator,343.34,5.86,81.61
Equipment_924,Condenser,400.77,3.86,294.05
Equipment_925,HeatExchanger,395.23,7.65,140.25
Equipment_926,Valve,487.71,12.36,174.51
Equipment_927,Condenser,178.63,3.7,221.15
Equipment_928,Separator,82.0,13.31,326.76
Equipment_929,Condenser,205.55,17.4,108.17
Equipment_930,Condenser,384.48,6.57,87.99
Equipment_931,Condenser,247.15,9.55,103.7
Equipment_932,Compressor,418.0,5.34,126.38
Equipment_933,Compressor,297.2,7.86,70.83
Equipment_934,Valve,468.41,1.42,374.22
Equipment_935,Pump,476.54,19.12,161.68
Equipment_936,Condenser,81.19,8.9,111.94
Equipment_937,HeatExchanger,255.39,15.99,273.24
Equipment_938,Pump,324.36,3.71,325.45
Equipment_939,HeatExchanger,165.14,16.43,313.63
Equipment_940,Pump,233.18,17.34,301.55
Equipment_941,Valve,354.96,14.59,67.69
Equipment_942,Condenser,152.03,18.16,323.76
Equipment_943,Condenser,320.89,4.18,225.66
Equipment_944,Reactor,363.85,10.05,277.18
Equipment_945,HeatExchanger,90.72,12.78,384.75
Equipment_946,Pump,273.89,12.33,333.74
Equipment_947,Pump,168.39,17.36,338.88
Equipment_948,Compressor,375.97,5.1,113.51
Equipment_949,Reactor,135.3,4.34,216.75
Equipment_950,Separator,451.51,5.81,382.26
Equipment_951,Separator,243.92,17.94,253.94
Equipment_952,Compressor,139.1,18.88,85.91
Equipment_953,Compressor,247.11,11.82,306.14
Equipment_954,Compressor,233.93,10.53,65.02
Equipment_955,HeatExchanger,243.01,12.5,309.8
Equipment_956,HeatExchanger,313.5,12.71,357.92
Equipment_957,Valve,284.53,4.24,198.84
Equipment_958,Valve,117.4,14.04,194.76
Equipment_959,Compressor,79.51,9.59,156.47
Equipment_960,Reactor,378.24,10.83,356.93
Equipment_961,Pump,301.87,1.58,241.72
Equipment_962,HeatExchanger,211.55,15.53,252.74
Equipment_963,Reactor,413.76,16.87,281.6
Equipment_964,Condenser,224.63,12.77,155.08
Equipment_965,HeatExchanger,408.18,15.23,201.48
Equipment_966,HeatExchanger,187.59,10.93,309.56
Equipment_967,Valve,82.78,12.75,394.92
Equipment_968,Pump,469.69,8.5,62.01
Equipment_969,Pump,227.55,16.05,64.93
Equipment_970,Separator,406.71,9.9,199.83
Equipment_971,Separator,175.61,13.92,280.87
Equipment_972,Separator,340.86,12.81,185.23
Equipment_973,Separator,442.99,14.34,399.87
Equipment_974,Condenser,68.74,15.92,118.38
Equipment_975,Condenser,423.79,10.74,52.77
Equipment_976,HeatExchanger,307.1,16.45,116.55
Equipment_977,Compressor,323.36,10.45,360.39
Equipment_978,Valve,285.42,19.18,100.8
Equipment_979,Valve,443.51,15.3,217.64
Equipment_980,Separator,69.55,4.25,196.75
Equipment_981,HeatExchanger,167.46,16.76,283.0
Equipment_982,Reactor,444.09,11.48,69.11
Equipment_983,Compressor,388.56,19.7,280.56
Equipment_984,HeatExchanger,57.94,14.66,174.16
Equipment_985,Compressor,282.65,2.6,374.11
Equipment_986,Compressor,288.31,8.5,347.11
Equipment_987,Compressor,230.4,10.83,189.83
Equipment_988,HeatExchanger,183.83,16.94,397.51
Equipment_989,Separator,356.78,14.86,68.18
Equipment_990,Valve,143.51,8.02,326.02
Equipment_991,Valve,409.53,13.42,201.84
Equipment_992,Separator,411.37,11.96,201.66
Equipment_993,Compressor,236.87,3.39,109.55
Equipment_994,Reactor,177.6,5.46,230.21
Equipment_995,Pump,177.75,7.48,79.65
Equipment_996,HeatExchanger,267.03,4.71,265.8
Equipment_997,Pump,373.81,3.85,134.56
Equipment_998,Separator,211.49,2.11,303.7
Equipment_999,Reactor,324.52,17.59,262.58
Equipment_1000,HeatExchanger,222.12,6.49,311.24
Equipment_1001,Separator,187.04,6.52,312.41
Equipment_1002,Compressor,61.19,4.92,118.85
Equipment_1003,Valve,51.76,10.03,50.24
Equipment_1004,Pump,152.24,10.77,178.02
Equipment_1005,Condenser,232.88,4.96,371.67
Equipment_1006,Condenser,433.07,12.56,252.26
Equipment_1007,Reactor,409.32,14.74,304.63
Equipment_1008,Compressor,170.22,8.1,357.85
Equipment_1009,Pump,160.04,12.12,367.12
Equipment_1010,Compressor,152.29,10.54,235.16
Equipment_1011,Pump,202.66,4.72,239.33
Equipment_1012,Reactor,274.19,14.87,347.83
Equipment_1013,Reactor,247.4,16.23,332.62
Equipment_1014,Condenser,148.22,13.33,294.6
Equipment_1015,Compressor,108.7,7.15,261.56
Equipment_1016,HeatExchanger,55.66,18.61,266.03
Equipment_1017,Condenser,119.28,9.65,177.02
Equipment_1018,Compressor,367.41,6.05,344.32
Equipment_1019,Condenser,159.64,8.76,266.22
Equipment_1020,HeatExchanger,260.87,14.15,128.23
Equipment_1021,Valve,316.09,17.07,133.95
Equipment_1022,Valve,449.08,7.77,351.56
Equipment_1023,Valve,449.98,5.42,269.0
Equipment_1024,Valve,385.58,12.9,189.55
Equipment_1025,Separator,65.82,18.5,115.49
Equipment_1026,Pump,308.78,4.48,263.58
Equipment_1027,Separator,403.96,16.26,114.51
Equipment_1028,Separator,57.78,10.06,214.56
Equipment_1029,Separator,297.36,16.19,287.13
Equipment_1030,Valve,435.99,10.61,247.9
Equipment_1031,HeatExchanger,263.35,8.17,372.73
Equipment_1032,Reactor,51.85,14.24,63.9
Equipment_1033,Reactor,54.96,18.11,147.93
Equipment_1034,Pump,237.49,7.08,69.98
Equipment_1035,Valve,119.75,9.75,118.11
Equipment_1036,Valve,349.0,5.36,93.39
Equipment_1037,Valve,368.96,4.48,306.43
Equipment_1038,Condenser,130.05,15.78,179.28
Equipment_1039,Compressor,449.84,4.81,373.77
Equipment_1040,Condenser,248.86,16.07,58.18
Equipment_1041,Compressor,114.28,9.16,278.52
Equipment_1042,Valve,393.91,19.91,389.69
Equipment_1043,Valve,405.49,4.75,111.54
Equipment_1044,Condenser,337.68,2.77,204.85
Equipment_1045,Condenser,434.06,2.43,295.66
Equipment_1046,Compressor,381.82,16.87,271.6
Equipment_1047,Reactor,446.99,9.32,248.11
Equipment_1048,Compressor,245.25,1.06,164.36
Equipment_1049,Condenser,386.42,17.62,304.87
Equipment_1050,HeatExchanger,499.89,17.66,278.64
Equipment_1051,Condenser,376.22,16.32,106.98
Equipment_1052,HeatExchanger,101.38,5.72,387.43
Equipment_1053,Pump,283.24,8.08,244.49
Equipment_1054,Condenser,314.31,15.15,233.91
Equipment_1055,Pump,128.39,10.3,346.88
Equipment_1056,Reactor,483.3,3.92,274.14
Equipment_1057,Compressor,129.01,5.61,76.07
Equipment_1058,HeatExchanger,129.9,19.48,227.31
Equipment_1059,Compressor,461.83,3.87,323.21
Equipment_1060,Pump,259.34,14.8,294.99
Equipment_1061,HeatExchanger,78.43,10.08,389.77
Equipment_1062,Compressor,319.18,15.22,58.72
Equipment_1063,Condenser,320.82,13.56,141.43
Equipment_1064,Valve,79.03,9.34,242.2
Equipment_1065,Pump,487.64,7.72,266.82
Equipment_1066,Compressor,294.81,15.33,146.02
Equipment_1067,Pump,301.91,7.14,339.38
Equipment_1068,Separator,284.05,15.97,107.52
Equipment_1069,Pump,324.83,13.92,50.3
Equipment_1070,HeatExchanger,168.93,11.98,383.34
Equipment_1071,Separator,179.26,8.01,187.04
Equipment_1072,HeatExchanger,280.1,4.9,385.12
Equipment_1073,Valve,413.01,14.5,147.28
Equipment_1074,Separator,72.44,2.74,72.21
Equipment_1075,Condenser,321.53,19.44,320.38
Equipment_1076,Pump,413.05,19.6,342.54
Equipment_1077,Compressor,120.61,3.47,222.23
Equipment_1078,Reactor,56.76,2.97,75.85
Equipment_1079,Pump,190.72,8.84,278.95
Equipment_1080,Pump,314.66,19.31,113.75
Equipment_1081,Valve,112.23,8.61,347.28
Equipment_1082,Condenser,241.76,7.91,145.91
Equipment_1083,Reactor,298.54,14.37,346.7
Equipment_1084,Separator,319.5,4.4,199.42
Equipment_1085,Separator,173.49,7.9,258.77
Equipment_1086,Separator,230.01,6.53,326.35
Equipment_1087,HeatExchanger,400.25,12.43,64.15
Equipment_1088,HeatExchanger,473.55,4.09,337.41
Equipment_1089,Compressor,437.85,11.43,98.53
Equipment_1090,Reactor,303.93,17.29,175.45
Equipment_1091,Separator,234.63,10.77,215.47
Equipment_1092,HeatExchanger,199.83,13.99,363.4
Equipment_1093,Compressor,106.23,2.43,57.85
Equipment_1094,Condenser,97.95,9.53,245.72
Equipment_1095,Compressor,359.76,2.8,274.88
Equipment_1096,HeatExchanger,166.91,12.39,160.8
Equipment_1097,Valve,164.6,6.34,151.67
Equipment_1098,Valve,499.19,6.46,221.66
Equipment_1099,Separator,134.57,2.46,115.49
Equipment_1100,Valve,116.63,6.89,213.84
Equipment_1101,Separator,94.41,10.63,317.76
Equipment_1102,Separator,310.91,12.11,345.89
Equipment_1103,HeatExchanger,332.54,2.27,184.81
Equipment_1104,Valve,214.35,13.38,266.06
Equipment_1105,Separator,290.94,10.29,50.01
Equipment_1106,Reactor,404.78,11.2,242.62
Equipment_1107,Condenser,418.15,16.82,391.33
Equipment_1108,Compressor,481.06,7.5,159.29
Equipment_1109,Compressor,420.92,4.31,258.17
Equipment_1110,HeatExchanger,304.18,11.48,316.8
Equipment_1111,Valve,130.85,18.96,263.13
Equipment_1112,Valve,94.89,10.84,196.47
Equipment_1113,Separator,74.53,16.81,103.4
Equipment_1114,Pump,349.94,15.38,212.3
Equipment_1115,Separator,413.39,10.85,153.17
Equipment_1116,Condenser,278.91,13.3,293.57
Equipment_1117,Reactor,74.62,8.73,204.67
Equipment_1118,Compressor,290.96,11.08,347.46
Equipment_1119,Separator,471.09,10.64,117.66
Equipment_1120,Pump,318.93,14.47,196.2
Equipment_1121,Pump,414.24,8.79,245.13
Equipment_1122,Separator,410.07,2.9,94.11
Equipment_1123,HeatExchanger,469.46,15.99,255.77
Equipment_1124,Compressor,396.6,14.01,151.82
Equipment_1125,HeatExchanger,386.47,19.05,130.34
Equipment_1126,Reactor,155.35,9.15,99.67
Equipment_1127,Pump,76.97,2.49,172.46
Equipment_1128,Pump,282.92,3.31,375.14
Equipment_1129,Condenser,106.0,15.69,60.85
Equipment_1130,Reactor,482.99,2.29,348.25
Equipment_1131,Pump,180.47,18.25,189.08
Equipment_1132,Reactor,433.82,6.35,246.56
Equipment_1133,Compressor,224.43,18.08,229.48
Equipment_1134,Valve,195.44,15.7,374.01
Equipment_1135,Pump,470.82,17.55,319.55
Equipment_1136,Condenser,213.5,5.07,394.69
Equipment_1137,Compressor,225.63,12.32,328.05
Equipment_1138,Separator,97.74,2.78,153.56
Equipment_1139,Reactor,351.7,4.84,387.01
Equipment_1140,Separator,179.98,6.89,394.25
Equipment_1141,HeatExchanger,313.52,15.08,93.08
Equipment_1142,Compressor,316.11,1.47,365.37
Equipment_1143,Separator,373.64,18.16,282.47
Equipment_1144,Pump,385.36,2.35,372.7
Equipment_1145,Reactor,281.5,8.15,370.51
Equipment_1146,Valve,198.95,2.54,361.98
Equipment_1147,Compressor,426.85,15.61,359.85
Equipment_1148,Pump,189.44,3.68,91.18
Equipment_1149,Condenser,278.38,17.81,100.23
Equipment_1150,HeatExchanger,230.56,11.07,91.22
Equipment_1151,Reactor,434.79,19.02,81.86
Equipment_1152,Compressor,244.36,6.52,173.65
Equipment_1153,Compressor,223.74,9.63,289.39
Equipment_1154,Valve,360.42,14.19,174.14
Equipment_1155,Valve,321.1,16.81,302.11
Equipment_1156,Condenser,98.26,9.01,337.1
Equipment_1157,HeatExchanger,278.68,17.96,283.18
Equipment_1158,Condenser,380.97,3.24,212.79
Equipment_1159,Pump,496.43,14.47,153.43
Equipment_1160,Pump,333.12,7.62,93.54
Equipment_1161,Condenser,216.63,2.93,222.78
Equipment_1162,HeatExchanger,151.77,8.35,301.86
Equipment_1163,Condenser,442.77,17.72,241.89
Equipment_1164,HeatExchanger,416.55,19.63,302.52
Equipment_1165,HeatExchanger,155.27,8.46,167.33
Equipment_1166,Separator,140.28,17.84,73.38
Equipment_1167,Reactor,371.81,10.68,319.88
Equipment_1168,HeatExchanger,191.73,14.62,126.9
Equipment_1169,Valve,187.88,1.86,265.7
Equipment_1170,HeatExchanger,118.53,11.59,331.5
Equipment_1171,HeatExchanger,168.79,2.33,98.69
Equipment_1172,HeatExchanger,242.38,6.1,259.47
Equipment_1173,Separator,379.78,11.77,291.28
Equipment_1174,Separator,201.34,16.34,311.29
Equipment_1175,Pump,197.87,11.66,101.68
Equipment_1176,Separator,178.21,18.79,338.79
Equipment_1177,Valve,265.23,16.4,82.95
Equipment_1178,Valve,131.29,3.97,231.85
Equipment_1179,Separator,268.53,8.39,205.19
Equipment_1180,Condenser,366.88,13.7,127.62
Equipment_1181,Reactor,63.41,18.83,155.68
Equipment_1182,Separator,54.4,19.77,107.55
Equipment_1183,HeatExchanger,83.81,15.5,199.0
Equipment_1184,Compressor,291.05,11.9,62.43
Equipment_1185,Reactor,434.5,15.38,361.12
Equipment_1186,Reactor,52.2,6.19,107.22
Equipment_1187,Valve,471.5,6.39,360.11
Equipment_1188,Reactor,97.83,13.43,352.25
Equipment_1189,Separator,428.89,17.56,208.09
Equipment_1190,HeatExchanger,267.28,19.43,224.2
Equipment_1191,HeatExchanger,346.71,7.49,155.67
Equipment_1192,Pump,279.81,16.13,398.91
Equipment_1193,HeatExchanger,264.67,17.18,284.77
Equipment_1194,HeatExchanger,425.7,12.84,383.13
Equipment_1195,Valve,390.15,7.6,195.18
Equipment_1196,HeatExchanger,267.53,12.76,359.06
Equipment_1197,Pump,100.24,12.1,206.88
Equipment_1198,Compressor,101.93,12.52,353.39
Equipment_1199,Separator,410.69,12.77,95.82
Equipment_1200,Valve,288.23,17.09,272.9
Equipment_1201,Compressor,266.72,4.23,287.55
Equipment_1202,Valve,356.26,7.98,279.66
Equipment_1203,Condenser,436.48,12.13,206.46
Equipment_1204,Reactor,332.99,6.38,289.37
Equipment_1205,Condenser,393.28,19.58,133.81
Equipment_1206,HeatExchanger,394.37,6.0,258.55
Equipment_1207,Compressor,210.32,9.92,243.98
Equipment_1208,HeatExchanger,173.34,17.67,161.42
Equipment_1209,Reactor,410.52,2.52,322.6
Equipment_1210,Valve,219.73,16.59,78.31
Equipment_1211,Reactor,456.5,11.85,110.0
Equipment_1212,Pump,81.36,1.6,214.9
Equipment_1213,Reactor,76.2,18.16,362.11
Equipment_1214,Pump,467.15,1.74,251.31
Equipment_1215,Reactor,341.8,10.79,344.72
Equipment_1216,Separator,220.82,1.93,231.15
Equipment_1217,Pump,389.78,2.35,324.91
Equipment_1218,Compressor,352.55,17.86,164.03
Equipment_1219,HeatExchanger,289.04,15.55,335.3
Equipment_1220,HeatExchanger,94.49,4.74,190.59
Equipment_1221,Condenser,415.48,12.79,245.59
Equipment_1222,HeatExchanger,439.71,16.1,111.56
Equipment_1223,Valve,127.48,17.9,372.15
Equipment_1224,Separator,432.73,9.9,295.51
Equipment_1225,Reactor,445.03,18.05,350.6
Equipment_1226,Condenser,297.24,10.65,122.75
Equipment_1227,Valve,345.28,14.08,73.69
Equipment_1228,Valve,222.01,19.6,168.02
Equipment_1229,Pump,176.81,5.48,230.84
Equipment_1230,HeatExchanger,374.89,4.2,330.83
Equipment_1231,Compressor,437.84,7.5,189.2
Equipment_1232,Compressor,344.33,4.12,144.49
Equipment_1233,Condenser,280.22,6.4,180.39
Equipment_1234,Separator,121.52,15.12,296.26
Equipment_1235,Compressor,74.06,10.07,167.68
Equipment_1236,Reactor,250.56,8.13,392.71
Equipment_1237,Compressor,72.21,8.01,111.24
Equipment_1238,Condenser,306.2,4.7,313.58
Equipment_1239,Compressor,222.23,9.5,256.21
Equipment_1240,Reactor,390.74,12.87,131.58
Equipment_1241,Pump,187.54,3.64,313.76
Equipment_1242,Separator,316.84,19.48,206.64
Equipment_1243,Condenser,291.96,9.42,288.84
Equipment_1244,Pump,52.12,19.01,281.79
Equipment_1245,Pump,82.58,3.56,88.73
Equipment_1246,Pump,180.67,15.58,343.99
Equipment_1247,Valve,447.01,12.74,288.52
Equipment_1248,Separator,116.16,16.58,323.21
Equipment_1249,HeatExchanger,369.9,12.41,206.72
Equipment_1250,Separator,488.01,19.29,118.27
Equipment_1251,Valve,405.76,12.91,164.17
Equipment_1252,HeatExchanger,159.33,15.91,365.51
Equipment_1253,Separator,458.76,17.67,378.31
Equipment_1254,Pump,91.9,14.58,218.65
Equipment_1255,Condenser,260.66,10.96,154.58
Equipment_1256,HeatExchanger,449.39,6.18,305.61
Equipment_1257,Reactor,338.57,17.24,318.1
Equipment_1258,Reactor,236.14,10.13,335.41
Equipment_1259,Compressor,181.77,12.79,60.88
Equipment_1260,HeatExchanger,218.79,2.51,53.41
Equipment_1261,Condenser,279.02,10.45,175.0
Equipment_1262,Valve,193.57,14.26,103.37
Equipment_1263,Pump,486.04,12.1,331.74
Equipment_1264,Compressor,469.88,9.52,236.5
Equipment_1265,Reactor,441.8,5.25,338.87
Equipment_1266,Valve,239.82,6.88,111.92
Equipment_1267,Valve,361.09,14.31,269.53
Equipment_1268,Pump,456.27,5.26,253.06
Equipment_1269,HeatExchanger,432.69,12.81,169.13
Equipment_1270,Reactor,236.45,12.21,230.98
Equipment_1271,Condenser,100.57,19.44,256.16
Equipment_1272,Valve,84.03,2.15,361.32
Equipment_1273,Pump,309.68,3.05,69.47
Equipment_1274,Condenser,339.18,10.62,338.18
Equipment_1275,HeatExchanger,432.43,11.02,393.05
Equipment_1276,Reactor,181.63,1.76,306.12
Equipment_1277,HeatExchanger,125.36,16.69,308.07
Equipment_1278,Valve,220.55,10.4,126.29
Equipment_1279,Condenser,209.11,7.59,233.08
Equipment_1280,Condenser,109.61,7.06,297.08
Equipment_1281,Condenser,352.53,17.37,260.8
Equipment_1282,Valve,278.91,4.74,184.8
Equipment_1283,Valve,374.51,4.05,379.04
Equipment_1284,HeatExchanger,208.71,5.05,229.9
Equipment_1285,Compressor,196.57,12.88,389.46
Equipment_1286,HeatExchanger,262.66,16.41,247.36
Equipment_1287,Reactor,444.83,7.29,327.68
Equipment_1288,Pump,68.13,4.3,309.71
Equipment_1289,Condenser,412.17,4.97,281.29
Equipment_1290,Compressor,216.04,12.76,55.06
Equipment_1291,Pump,434.58,5.67,77.1
Equipment_1292,Compressor,410.99,17.67,253.52
Equipment_1293,Separator,206.94,2.97,369.12
Equipment_1294,HeatExchanger,362.24,1.62,260.4
Equipment_1295,Valve,121.83,2.68,132.6
Equipment_1296,Condenser,453.33,17.07,162.08
Equipment_1297,HeatExchanger,232.02,13.37,268.11
Equipment_1298,Pump,255.03,19.2,258.97
Equipment_1299,Separator,367.59,7.39,384.5
Equipment_1300,Separator,419.38,5.04,235.18
Equipment_1301,Separator,156.35,11.68,174.26
Equipment_1302,Pump,347.61,11.22,233.75
Equipment_1303,Pump,226.4,12.23,325.18
Equipment_1304,Pump,215.92,7.6,239.13
Equipment_1305,Pump,360.51,1.11,164.12
Equipment_1306,Separator,224.23,1.67,168.52
Equipment_1307,Separator,205.75,13.61,314.88
Equipment_1308,Compressor,426.15,10.94,73.26
Equipment_1309,HeatExchanger,95.57,16.6,146.16
Equipment_1310,Condenser,354.15,6.71,103.56
Equipment_1311,Valve,161.93,16.49,380.64
Equipment_1312,Separator,56.97,9.08,81.53
Equipment_1313,Valve,125.04,2.84,315.36
Equipment_1314,HeatExchanger,323.0,19.58,270.65
Equipment_1315,HeatExchanger,369.11,10.73,271.48
Equipment_1316,Valve,59.48,12.96,317.2
Equipment_1317,Separator,66.39,13.75,190.17
Equipment_1318,Valve,456.14,7.89,190.26
Equipment_1319,Compressor,82.99,15.2,151.05
Equipment_1320,Reactor,452.38,17.54,259.21
Equipment_1321,Separator,152.67,8.36,375.43
Equipment_1322,Separator,383.01,13.48,373.39
Equipment_1323,Condenser,189.38,15.39,296.04
Equipment_1324,Pump,436.44,4.61,367.17
Equipment_1325,Reactor,365.2,7.32,387.23
Equipment_1326,HeatExchanger,230.82,3.07,328.29
Equipment_1327,Separator,84.34,12.44,192.74
Equipment_1328,Valve,379.72,16.22,219.13
Equipment_1329,Reactor,327.6,12.61,375.94
Equipment_1330,Condenser,51.31,4.42,284.5
Equipment_1331,HeatExchanger,54.24,11.38,337.24
Equipment_1332,Pump,413.96,16.86,90.64
Equipment_1333,Pump,166.73,6.75,117.87
Equipment_1334,Condenser,336.26,16.82,170.44
Equipment_1335,Condenser,254.4,15.91,115.88
Equipment_1336,Valve,438.54,1.41,367.26
Equipment_1337,Separator,462.63,5.55,125.91
Equipment_1338,Pump,498.56,11.32,245.01
Equipment_1339,HeatExchanger,119.16,14.63,79.91
Equipment_1340,Reactor,438.33,17.73,104.24
Equipment_1341,HeatExchanger,169.71,13.18,136.6
Equipment_1342,Compressor,315.87,8.23,394.01
Equipment_1343,Compressor,277.6,4.51,328.97
Equipment_1344,Condenser,58.09,15.44,285.74
Equipment_1345,Valve,469.75,4.93,370.69
Equipment_1346,Compressor,85.25,14.21,384.67
Equipment_1347,Pump,359.7,4.44,208.75
Equipment_1348,HeatExchanger,403.25,2.73,164.69
Equipment_1349,HeatExchanger,407.88,5.77,160.36
Equipment_1350,Condenser,110.97,6.41,62.51
Equipment_1351,Separator,251.41,13.3,147.87
Equipment_1352,Separator,423.24,4.06,174.27
Equipment_1353,Reactor,186.21,18.68,62.91
Equipment_1354,Condenser,260.49,11.53,358.91
Equipment_1355,Reactor,172.76,10.33,346.75
Equipment_1356,Separator,258.6,9.26,138.03
Equipment_1357,Condenser,449.53,11.77,330.9
Equipment_1358,Condenser,254.81,1.43,328.67
Equipment_1359,Condenser,300.16,19.81,167.25
Equipment_1360,Separator,231.79,11.59,293.97
Equipment_1361,Reactor,257.05,1.67,151.45
Equipment_1362,Reactor,56.83,12.21,74.6
Equipment_1363,Condenser,177.69,9.3,226.68
Equipment_1364,Compressor,246.46,1.46,203.41
Equipment_1365,Valve,335.21,18.56,98.35
Equipment_1366,Separator,252.52,1.2,221.69
Equipment_1367,Valve,202.02,11.98,382.28
Equipment_1368,Valve,224.64,19.27,305.99
Equipment_1369,Reactor,159.03,5.51,308.61
Equipment_1370,Reactor,466.02,5.83,315.14
Equipment_1371,Compressor,284.78,1.01,310.62
Equipment_1372,Valve,56.03,2.26,56.97
Equipment_1373,Valve,58.75,1.85,373.64
Equipment_1374,Condenser,487.83,16.63,340.55
Equipment_1375,Reactor,149.65,16.9,146.1
Equipment_1376,Valve,412.52,14.81,243.46
Equipment_1377,HeatExchanger,76.22,7.7,265.25
Equipment_1378,Compressor,464.52,16.6,96.18
Equipment_1379,HeatExchanger,443.49,11.26,138.89
Equipment_1380,HeatExchanger,306.99,6.78,58.14
Equipment_1381,Separator,54.05,9.31,352.38
Equipment_1382,Separator,166.01,2.25,58.72
Equipment_1383,Compressor,233.07,18.95,161.54
Equipment_1384,HeatExchanger,257.03,12.76,77.39
Equipment_1385,Valve,183.96,14.89,323.49
Equipment_1386,Reactor,64.83,13.86,373.74
Equipment_1387,Compressor,315.56,13.69,246.99
Equipment_1388,Condenser,285.87,1.33,98.85
Equipment_1389,HeatExchanger,177.35,10.98,245.36
Equipment_1390,Compressor,67.09,16.61,319.62
Equipment_1391,Pump,497.57,1.85,301.45
Equipment_1392,Pump,266.89,19.17,309.6
Equipment_1393,Separator,390.2,9.06,147.71
Equipment_1394,Reactor,253.54,6.51,75.81
Equipment_1395,Valve,69.43,11.1,102.14
Equipment_1396,Reactor,189.32,16.22,384.43
Equipment_1397,Reactor,194.05,10.02,264.73
Equipment_1398,Reactor,427.26,13.26,304.76
Equipment_1399,Reactor,344.4,10.5,364.67
Equipment_1400,Condenser,173.94,12.99,348.46
Equipment_1401,Condenser,485.48,3.62,126.44
Equipment_1402,Separator,194.69,1.73,70.32
Equipment_1403,Compressor,499.21,3.6,373.79
Equipment_1404,Pump,498.27,6.43,393.58
Equipment_1405,Reactor,136.04,5.81,248.57
Equipment_1406,Separator,190.73,12.69,360.94
Equipment_1407,Compressor,268.72,9.66,131.14
Equipment_1408,Pump,348.85,1.74,88.86
Equipment_1409,HeatExchanger,287.62,1.66,224.94
Equipment_1410,Valve,486.25,2.72,333.91
Equipment_1411,Condenser,375.8,7.71,279.13
Equipment_1412,HeatExchanger,145.42,1.12,273.06
Equipment_1413,Pump,97.29,10.39,56.11
Equipment_1414,HeatExchanger,359.78,7.85,161.12
Equipment_1415,Valve,121.3,11.55,378.82
Equipment_1416,Separator,404.45,14.7,97.0
Equipment_1417,Pump,189.97,5.77,304.23
Equipment_1418,HeatExchanger,197.1,3.98,315.76
Equipment_1419,Condenser,54.86,6.28,306.49
Equipment_1420,Condenser,365.46,1.03,396.25
Equipment_1421,Compressor,100.97,3.28,193.22
Equipment_1422,HeatExchanger,397.8,15.27,288.77
Equipment_1423,Reactor,271.34,5.23,117.78
Equipment_1424,HeatExchanger,402.93,19.89,189.9
Equipment_1425,Separator,312.77,4.19,222.05
Equipment_1426,Pump,87.09,15.99,125.19
Equipment_1427,Pump,394.54,14.4,367.38
Equipment_1428,Separator,81.41,7.12,300.67
Equipment_1429,HeatExchanger,265.42,7.28,149.32
Equipment_1430,Separator,127.56,11.71,97.23
Equipment_1431,Valve,388.55,17.2,150.75
Equipment_1432,Separator,460.22,8.34,268.04
Equipment_1433,Condenser,299.36,2.16,339.24
Equipment_1434,Separator,287.22,8.11,226.11
Equipment_1435,Pump,393.78,4.94,85.87
Equipment_1436,Condenser,52.29,18.84,137.26
Equipment_1437,Pump,462.99,14.25,170.8
Equipment_1438,Compressor,138.85,1.97,272.65
Equipment_1439,Reactor,492.85,6.57,136.33
Equipment_1440,Pump,381.31,1.95,131.87
Equipment_1441,Condenser,398.41,16.77,150.17
Equipment_1442,Compressor,345.29,18.22,257.39
Equipment_1443,Pump,262.25,3.13,222.42
Equipment_1444,Valve,307.23,9.37,344.57
Equipment_1445,Separator,70.88,18.71,294.28
Equipment_1446,Reactor,330.78,3.76,283.39
Equipment_1447,Pump,331.74,6.55,104.13
Equipment_1448,Compressor,451.04,6.78,69.33
Equipment_1449,Valve,277.55,1.57,228.5
Equipment_1450,HeatExchanger,84.71,1.69,75.07
Equipment_1451,Compressor,187.79,19.1,177.41
Equipment_1452,Separator,345.03,11.85,59.14
Equipment_1453,Compressor,157.67,6.83,111.88
Equipment_1454,Valve,176.24,8.19,88.63
Equipment_1455,Compressor,419.21,14.58,330.34
Equipment_1456,Valve,312.94,7.96,171.14
Equipment_1457,Pump,278.84,5.33,77.6
Equipment_1458,Valve,193.3,2.93,142.92
Equipment_1459,Valve,378.92,14.85,288.98
Equipment_1460,Reactor,179.47,4.43,310.97
Equipment_1461,Valve,381.68,2.32,91.95
Equipment_1462,Valve,81.55,9.11,322.5
Equipment_1463,HeatExchanger,439.04,1.75,179.7
Equipment_1464,Pump,274.8,19.33,287.78
Equipment_1465,Separator,247.33,12.92,285.03
Equipment_1466,Reactor,324.96,3.9,327.76
Equipment_1467,HeatExchanger,330.89,4.28,294.01
Equipment_1468,Condenser,109.42,11.83,63.6
Equipment_1469,Pump,390.31,7.77,231.82
Equipment_1470,Pump,174.17,15.71,108.16
Equipment_1471,Condenser,457.23,11.37,389.49
Equipment_1472,Separator,418.03,9.23,139.54
Equipment_1473,Valve,205.82,19.3,197.04
Equipment_1474,HeatExchanger,413.48,8.42,118.85
Equipment_1475,Compressor,210.38,8.61,97.11
Equipment_1476,Reactor,95.43,13.65,260.33
Equipment_1477,Compressor,482.85,16.38,222.61
Equipment_1478,Condenser,343.67,12.9,181.13
Equipment_1479,Pump,255.24,14.27,79.9
Equipment_1480,Separator,229.0,8.09,307.59
Equipment_1481,Pump,196.12,10.11,52.05
Equipment_1482,Reactor,491.65,4.74,210.18
Equipment_1483,Pump,110.64,13.92,271.4
Equipment_1484,Pump,191.66,5.21,200.75
Equipment_1485,Reactor,268.47,1.02,94.17
Equipment_1486,HeatExchanger,265.1,18.74,322.39
Equipment_1487,HeatExchanger,262.11,6.81,163.38
Equipment_1488,Reactor,129.1,4.74,97.16
Equipment_1489,Separator,115.22,6.09,242.59
Equipment_1490,Condenser,164.65,7.28,56.71
Equipment_1491,Pump,461.54,10.02,163.42
Equipment_1492,Separator,100.87,2.32,312.72
Equipment_1493,Pump,390.84,2.0,369.45
Equipment_1494,Condenser,390.9,6.57,257.1
Equipment_1495,HeatExchanger,414.4,6.62,126.16
Equipment_1496,Separator,448.98,3.24,127.0
Equipment_1497,Valve,168.37,8.69,261.36
Equipment_1498,Valve,151.05,6.4,192.37
Equipment_1499,Valve,259.48,1.5,112.04
Equipment_1500,HeatExchanger,169.29,17.83,325.59
Equipment_1501,HeatExchanger,380.44,17.83,120.09
Equipment_1502,Condenser,336.17,4.97,162.57
Equipment_1503,Pump,443.74,4.09,71.5
Equipment_1504,Condenser,87.23,11.4,295.48
Equipment_1505,Condenser,461.79,12.98,146.35
Equipment_1506,HeatExchanger,182.01,19.19,131.5
Equipment_1507,Valve,270.81,8.17,156.18
Equipment_1508,Compressor,247.38,12.75,355.95
Equipment_1509,Pump,392.14,17.69,231.31
Equipment_1510,HeatExchanger,239.15,9.55,105.26
Equipment_1511,Valve,474.6,3.32,321.07
Equipment_1512,Separator,456.14,8.17,122.96
Equipment_1513,Compressor,442.47,3.59,194.37
Equipment_1514,Compressor,82.07,1.32,248.83
Equipment_1515,HeatExchanger,434.42,15.28,254.56
Equipment_1516,Reactor,401.74,5.53,74.16
Equipment_1517,Pump,96.58,1.04,342.88
Equipment_1518,Compressor,98.34,17.58,217.8
Equipment_1519,HeatExchanger,95.52,9.43,396.24
Equipment_1520,HeatExchanger,55.1,5.54,301.1
Equipment_1521,Valve,296.89,5.99,397.4
Equipment_1522,Separator,488.03,5.57,208.72
Equipment_1523,Reactor,247.41,4.7,99.27
Equipment_1524,Pump,293.34,16.98,304.56
Equipment_1525,Condenser,485.59,4.24,322.22
Equipment_1526,Separator,164.83,11.68,348.49
Equipment_1527,Separator,436.31,2.47,155.51
Equipment_1528,Valve,295.88,19.04,228.74
Equipment_1529,Compressor,306.26,12.46,350.13
Equipment_1530,Compressor,204.43,18.16,352.66
Equipment_1531,Valve,302.71,8.56,58.99
Equipment_1532,HeatExchanger,82.91,16.4,284.82
Equipment_1533,Compressor,394.09,17.22,260.59
Equipment_1534,Reactor,178.11,14.36,79.17
Equipment_1535,Pump,449.42,2.77,375.55
Equipment_1536,Separator,215.53,1.31,205.88
Equipment_1537,Separator,114.27,4.2,285.99
Equipment_1538,Reactor,363.15,3.24,358.98
Equipment_1539,Compressor,124.06,14.78,95.54
Equipment_1540,Separator,389.16,11.58,349.55
Equipment_1541,Condenser,485.65,10.99,303.51
Equipment_1542,Pump,400.8,5.8,343.86
Equipment_1543,Pump,60.1,3.94,223.19
Equipment_1544,Separator,319.95,4.92,61.72
Equipment_1545,Valve,362.93,8.61,284.68
Equipment_1546,Separator,421.46,15.06,181.09
Equipment_1547,Valve,75.2,5.84,190.85
Equipment_1548,Separator,266.05,14.27,204.44
Equipment_1549,Condenser,290.92,10.34,222.52
Equipment_1550,HeatExchanger,126.11,17.82,281.68
Equipment_1551,Pump,195.1,5.43,304.37
Equipment_1552,Separator,248.1,9.57,321.89
Equipment_1553,Condenser,424.94,2.84,285.06
Equipment_1554,Valve,468.23,7.37,331.22
Equipment_1555,Valve,332.79,10.63,92.75
Equipment_1556,Pump,227.73,14.92,342.89
Equipment_1557,Reactor,164.31,4.76,185.55
Equipment_1558,Separator,491.96,5.14,235.07
Equipment_1559,Compressor,492.36,13.0,201.82
Equipment_1560,Valve,466.24,8.27,216.5
Equipment_1561,HeatExchanger,403.55,10.16,149.9
Equipment_1562,HeatExchanger,196.6,16.89,109.48
Equipment_1563,Valve,417.65,10.48,86.71
Equipment_1564,Reactor,233.96,13.4,207.99
Equipment_1565,Reactor,197.05,13.48,93.84
Equipment_1566,Condenser,385.19,16.27,135.75
Equipment_1567,HeatExchanger,85.84,13.12,96.77
Equipment_1568,Condenser,71.85,2.23,88.19
Equipment_1569,HeatExchanger,251.58,7.5,358.86
Equipment_1570,Separator,250.54,19.8,285.91
Equipment_1571,Separator,453.04,4.73,373.32
Equipment_1572,Compressor,106.77,12.15,275.4
Equipment_1573,Separator,105.48,17.02,345.38
Equipment_1574,Compressor,116.35,12.14,244.35
Equipment_1575,Separator,63.38,8.07,211.92
Equipment_1576,Pump,82.28,2.52,234.97
Equipment_1577,Separator,346.94,7.87,162.08
Equipment_1578,Condenser,244.21,4.46,280.29
Equipment_1579,Valve,393.62,19.26,364.01
Equipment_1580,Condenser,496.67,14.59,323.82
Equipment_1581,Valve,346.57,15.24,211.7
Equipment_1582,Reactor,72.71,9.28,383.87
Equipment_1583,Condenser,97.05,3.09,394.9
Equipment_1584,Reactor,446.45,6.07,222.59
Equipment_1585,Compressor,287.37,5.93,352.62
Equipment_1586,Compressor,421.18,10.25,51.67
Equipment_1587,Pump,435.48,9.76,73.33
Equipment_1588,Separator,467.45,9.23,57.84
Equipment_1589,Condenser,477.42,10.42,320.61
Equipment_1590,Reactor,299.67,19.75,77.92
Equipment_1591,Valve,203.46,6.67,55.97
Equipment_1592,Compressor,482.84,12.69,101.6
Equipment_1593,Separator,296.33,5.55,157.2
Equipment_1594,Compressor,78.91,9.87,212.65
Equipment_1595,Valve,339.25,4.8,72.89
Equipment_1596,Separator,314.46,11.61,224.64
Equipment_1597,Separator,453.11,6.04,136.82
Equipment_1598,Reactor,343.93,1.7,146.03
Equipment_1599,Reactor,207.07,16.49,337.67
Equipment_1600,Condenser,484.8,3.44,395.42
Equipment_1601,Condenser,410.73,7.99,212.35
Equipment_1602,HeatExchanger,333.69,10.07,162.62
Equipment_1603,HeatExchanger,181.82,9.22,376.01
Equipment_1604,Pump,218.09,14.79,225.16
Equipment_1605,Compressor,351.49,12.34,305.62
Equipment_1606,Condenser,82.39,6.61,194.81
Equipment_1607,Reactor,165.51,1.98,120.89
Equipment_1608,Valve,371.26,15.58,279.21
Equipment_1609,Reactor,266.01,7.7,282.69
Equipment_1610,Compressor,231.08,17.9,211.06
Equipment_1611,HeatExchanger,118.16,8.51,144.48
Equipment_1612,Reactor,248.83,14.64,341.13
Equipment_1613,Pump,396.81,18.85,146.36
Equipment_1614,Compressor,168.81,13.37,280.66
Equipment_1615,HeatExchanger,52.43,8.86,184.39
Equipment_1616,Valve,350.83,11.78,215.37
Equipment_1617,HeatExchanger,487.68,11.33,123.99
Equipment_1618,Separator,323.07,12.11,277.32
Equipment_1619,Pump,103.96,3.79,129.04
Equipment_1620,Compressor,194.33,14.27,220.0
Equipment_1621,Valve,440.44,3.76,164.96
Equipment_1622,Pump,154.66,1.28,387.26
Equipment_1623,HeatExchanger,323.46,12.87,393.78
Equipment_1624,Pump,231.2,3.22,313.72
Equipment_1625,Compressor,143.53,15.64,394.37
Equipment_1626,Condenser,416.03,17.45,89.74
Equipment_1627,Pump,384.27,18.95,397.31
Equipment_1628,Separator,347.72,13.63,86.24
Equipment_1629,Pump,156.35,10.16,195.41
Equipment_1630,HeatExchanger,94.04,7.69,133.63
Equipment_1631,HeatExchanger,309.27,10.33,383.85
Equipment_1632,Valve,299.16,4.62,272.53
Equipment_1633,HeatExchanger,134.77,7.62,258.99
Equipment_1634,Reactor,75.31,14.64,399.1
Equipment_1635,Compressor,86.32,5.13,264.35
Equipment_1636,Compressor,496.75,6.02,276.16
Equipment_1637,Condenser,402.61,15.24,65.67
Equipment_1638,Condenser,464.89,4.38,350.67
Equipment_1639,Compressor,137.77,5.67,389.53
Equipment_1640,Separator,482.26,1.33,386.11
Equipment_1641,Condenser,114.19,14.68,127.39
Equipment_1642,Valve,279.09,12.74,129.07
Equipment_1643,HeatExchanger,423.36,14.19,178.12
Equipment_1644,Compressor,207.41,5.07,158.57
Equipment_1645,Condenser,241.17,14.06,156.97
Equipment_1646,Compressor,107.68,12.33,261.83
Equipment_1647,Reactor,105.31,7.96,331.96
Equipment_1648,Pump,328.81,9.32,377.87
Equipment_1649,HeatExchanger,353.99,11.79,73.75
Equipment_1650,Compressor,399.8,10.37,147.29
Equipment_1651,Pump,300.51,13.19,139.25
Equipment_1652,Condenser,340.59,4.44,175.1
Equipment_1653,Pump,56.08,11.27,198.52
Equipment_1654,HeatExchanger,122.98,9.56,186.21
Equipment_1655,Compressor,493.21,9.76,383.25
Equipment_1656,Reactor,84.2,9.92,203.0
Equipment_1657,Separator,355.45,17.75,243.06
Equipment_1658,Condenser,129.24,16.55,312.02
Equipment_1659,Compressor,372.52,12.96,303.78
Equipment_1660,HeatExchanger,367.7,14.61,254.04
Equipment_1661,Condenser,155.39,1.81,351.29
Equipment_1662,Valve,171.34,15.14,268.46
Equipment_1663,Pump,344.65,10.24,356.17
Equipment_1664,Separator,225.54,7.04,155.97
Equipment_1665,HeatExchanger,137.55,3.66,96.21
Equipment_1666,Valve,379.26,2.43,336.83
Equipment_1667,Compressor,119.37,1.85,183.88
Equipment_1668,Reactor,435.04,4.07,277.88
Equipment_1669,Condenser,281.6,1.57,308.06
Equipment_1670,Pump,97.57,14.92,164.35
Equipment_1671,Condenser,362.33,5.72,226.81
Equipment_1672,Separator,283.62,8.01,363.22
Equipment_1673,Compressor,184.13,16.63,357.93
Equipment_1674,Condenser,240.14,3.18,312.27
Equipment_1675,Pump,184.25,16.88,316.96
Equipment_1676,Compressor,168.36,13.15,364.19
Equipment_1677,Condenser,123.62,7.5,307.72
Equipment_1678,Reactor,213.25,3.24,168.85
Equipment_1679,HeatExchanger,162.94,2.74,92.27
Equipment_1680,Compressor,357.55,7.37,197.66
Equipment_1681,HeatExchanger,357.74,3.67,80.57
Equipment_1682,Compressor,275.83,6.09,90.52
Equipment_1683,Reactor,400.08,2.01,382.56
Equipment_1684,HeatExchanger,428.6,12.31,286.56
Equipment_1685,Valve,310.89,3.76,348.06
Equipment_1686,Pump,328.52,15.38,275.01
Equipment_1687,Valve,177.3,5.15,196.49
Equipment_1688,Condenser,452.69,16.16,58.81
Equipment_1689,Reactor,60.89,4.61,384.54
Equipment_1690,Valve,206.87,14.71,74.83
Equipment_1691,Compressor,374.81,7.33,263.56
Equipment_1692,Condenser,86.04,12.08,85.77
Equipment_1693,Condenser,132.43,1.73,149.45
Equipment_1694,Valve,315.18,10.41,115.04
Equipment_1695,Valve,302.0,3.83,243.8
Equipment_1696,Reactor,382.52,10.24,360.48
Equipment_1697,Pump,415.68,3.69,272.47
Equipment_1698,Valve,107.86,9.3,282.47
Equipment_1699,Separator,58.27,3.1,368.13
Equipment_1700,Valve,360.34,5.18,312.3
Equipment_1701,HeatExchanger,185.63,12.31,353.08
Equipment_1702,Compressor,331.69,19.56,195.74
Equipment_1703,Separator,117.75,9.53,352.87
Equipment_1704,Separator,261.07,14.06,276.05
Equipment_1705,HeatExchanger,276.99,11.25,97.46
Equipment_1706,HeatExchanger,313.29,10.47,63.55
Equipment_1707,Condenser,280.93,2.23,135.41
Equipment_1708,Pump,273.06,3.74,182.42
Equipment_1709,Compressor,199.73,17.78,343.15
Equipment_1710,Reactor,82.03,8.79,309.44
Equipment_1711,Separator,90.28,12.67,384.38
Equipment_1712,Reactor,245.2,11.04,245.71
Equipment_1713,Valve,210.11,8.2,311.71
Equipment_1714,Valve,282.26,8.37,146.35
Equipment_1715,Reactor,187.18,11.55,287.85
Equipment_1716,Valve,359.56,3.68,297.15
Equipment_1717,Pump,438.78,8.36,346.95
Equipment_1718,HeatExchanger,184.49,9.49,237.74
Equipment_1719,Valve,136.84,19.72,277.15
Equipment_1720,Condenser,102.28,7.68,121.07
Equipment_1721,Valve,327.31,13.25,307.87
Equipment_1722,Compressor,249.74,3.61,343.44
Equipment_1723,Pump,134.61,2.24,257.81
Equipment_1724,Compressor,343.91,17.56,90.49
Equipment_1725,Compressor,116.82,14.88,159.5
Equipment_1726,Condenser,299.44,7.03,216.43
Equipment_1727,Pump,287.22,10.59,287.01
Equipment_1728,Pump,380.4,3.58,162.11
Equipment_1729,Pump,74.8,14.44,344.1
Equipment_1730,Pump,449.54,2.34,180.13
Equipment_1731,Pump,366.35,15.38,64.99
Equipment_1732,Condenser,147.26,11.39,327.9
Equipment_1733,Valve,132.53,6.3,275.48
Equipment_1734,Compressor,244.25,17.39,330.68
Equipment_1735,Pump,417.9,19.74,172.11
Equipment_1736,Separator,429.33,5.83,56.17
Equipment_1737,Valve,284.21,16.32,75.81
Equipment_1738,Valve,437.36,15.25,89.13
Equipment_1739,Compressor,52.45,15.2,331.8
Equipment_1740,Condenser,65.83,19.19,155.5
Equipment_1741,Reactor,460.32,10.25,399.26
Equipment_1742,Reactor,398.9,13.81,315.44
Equipment_1743,Valve,252.82,16.65,260.4
Equipment_1744,HeatExchanger,389.12,10.11,394.27
Equipment_1745,HeatExchanger,480.04,10.15,160.71
Equipment_1746,Compressor,397.44,7.05,107.97
Equipment_1747,Reactor,429.07,15.84,308.05
Equipment_1748,Valve,392.27,14.04,147.33
Equipment_1749,Condenser,125.69,9.57,386.36
Equipment_1750,Reactor,425.11,8.97,395.82
Equipment_1751,Valve,137.8,2.38,374.24
Equipment_1752,Valve,451.68,1.12,380.67
Equipment_1753,Pump,256.39,11.05,265.48
Equipment_1754,Condenser,354.64,8.93,292.24
Equipment_1755,Pump,273.76,16.12,82.99
Equipment_1756,Compressor,92.3,11.31,317.07
Equipment_1757,Pump,180.83,18.8,120.72
Equipment_1758,Separator,492.68,4.73,344.11
Equipment_1759,Pump,482.32,19.81,386.54
Equipment_1760,Separator,194.22,6.66,124.33
Equipment_1761,Reactor,498.33,13.21,77.31
Equipment_1762,HeatExchanger,430.5,10.54,219.36
Equipment_1763,Valve,324.93,7.83,327.04
Equipment_1764,Separator,68.06,3.65,319.72
Equipment_1765,Condenser,455.65,3.56,293.89
Equipment_1766,Pump,300.84,14.52,337.24
Equipment_1767,Separator,440.81,8.18,111.25
Equipment_1768,Condenser,425.49,19.26,278.18
Equipment_1769,HeatExchanger,424.85,7.19,261.99
Equipment_1770,HeatExchanger,364.18,19.69,103.7
Equipment_1771,Pump,181.14,4.9,195.05
Equipment_1772,Compressor,201.27,2.95,348.39
Equipment_1773,Pump,188.81,6.94,390.13
Equipment_1774,Reactor,59.02,17.83,282.9
Equipment_1775,Separator,312.16,10.92,372.68
Equipment_1776,Valve,364.48,3.58,96.22
Equipment_1777,Compressor,434.24,4.85,391.27
Equipment_1778,Pump,113.07,6.91,61.73
Equipment_1779,Condenser,294.88,12.21,234.54
Equipment_1780,Compressor,53.6,7.32,151.85
Equipment_1781,Separator,92.79,15.19,334.87
Equipment_1782,Compressor,74.4,12.71,126.14
Equipment_1783,Separator,376.47,17.6,54.04
Equipment_1784,Pump,86.48,10.52,195.11
Equipment_1785,Separator,372.4,7.29,72.44
Equipment_1786,Compressor,162.33,19.93,151.53
Equipment_1787,Condenser,444.97,7.76,275.31
Equipment_1788,HeatExchanger,415.92,9.14,153.15
Equipment_1789,Compressor,481.02,16.37,136.03
Equipment_1790,Separator,447.69,2.68,104.42
Equipment_1791,HeatExchanger,470.0,8.34,97.31
Equipment_1792,Separator,436.43,2.63,234.05
Equipment_1793,Condenser,362.02,3.65,288.53
Equipment_1794,Separator,126.62,1.09,208.46
Equipment_1795,Pump,172.27,1.18,93.26
Equipment_1796,Valve,145.73,8.23,276.71
Equipment_1797,Compressor,321.61,16.37,244.99
Equipment_1798,Valve,276.63,12.15,183.45
Equipment_1799,Separator,440.19,13.06,165.52
Equipment_1800,Condenser,478.7,10.87,114.1
Equipment_1801,Compressor,232.19,16.58,101.2
Equipment_1802,Separator,277.86,17.73,168.57
Equipment_1803,HeatExchanger,487.18,17.15,64.57
Equipment_1804,Reactor,174.31,16.43,202.82
Equipment_1805,Separator,406.58,4.47,260.55
Equipment_1806,Valve,151.36,12.28,379.58
Equipment_1807,Compressor,356.66,12.06,269.04
Equipment_1808,Valve,164.13,11.03,268.43
Equipment_1809,Compressor,447.68,10.14,181.05
Equipment_1810,Separator,302.67,2.69,96.66
Equipment_1811,Pump,133.67,2.94,206.43
Equipment_1812,HeatExchanger,150.97,18.14,259.54
Equipment_1813,Separator,272.23,12.97,303.41
Equipment_1814,Valve,482.72,5.98,339.13
Equipment_1815,Reactor,396.34,6.31,139.57
Equipment_1816,Reactor,269.74,12.59,134.43
Equipment_1817,Condenser,201.97,8.73,247.85
Equipment_1818,Compressor,297.17,9.39,248.11
Equipment_1819,Valve,386.76,2.15,126.28
Equipment_1820,Condenser,402.77,3.64,255.62
Equipment_1821,Valve,196.07,8.47,171.06
Equipment_1822,Compressor,374.52,14.29,273.76
Equipment_1823,Separator,346.0,1.91,151.87
Equipment_1824,Separator,481.6,7.36,257.3
Equipment_1825,Reactor,468.99,14.21,318.91
Equipment_1826,Separator,405.22,16.05,393.06
Equipment_1827,Separator,375.53,4.61,368.87
Equipment_1828,Pump,173.32,14.9,226.24
Equipment_1829,Reactor,430.68,19.15,220.92
Equipment_1830,Condenser,242.38,18.23,203.2
Equipment_1831,HeatExchanger,172.51,16.0,59.71
Equipment_1832,Pump,222.87,14.53,108.08
Equipment_1833,Condenser,426.17,5.47,70.72
Equipment_1834,Compressor,116.88,13.04,293.72
Equipment_1835,Pump,255.27,13.22,194.63
Equipment_1836,Condenser,271.56,8.73,72.32
Equipment_1837,Compressor,66.48,10.37,291.7
Equipment_1838,Reactor,138.09,14.19,275.55
Equipment_1839,HeatExchanger,422.03,19.09,301.99
Equipment_1840,Compressor,423.85,6.61,259.94
Equipment_1841,Separator,181.59,5.68,106.54
Equipment_1842,Valve,443.7,12.43,71.49
Equipment_1843,Compressor,397.3,3.49,336.0
Equipment_1844,Compressor,238.06,12.07,125.53
Equipment_1845,HeatExchanger,386.78,2.69,239.89
Equipment_1846,Valve,482.6,10.32,219.83
Equipment_1847,Separator,256.54,12.79,372.37
Equipment_1848,Condenser,157.29,2.33,243.35
Equipment_1849,Condenser,473.82,4.93,253.01
Equipment_1850,Compressor,321.68,7.37,161.83
Equipment_1851,Valve,97.37,8.0,385.54
Equipment_1852,Valve,307.71,13.85,264.33
Equipment_1853,Separator,275.26,11.05,51.74
Equipment_1854,HeatExchanger,435.02,8.26,244.63
Equipment_1855,Reactor,288.81,9.56,177.35
Equipment_1856,Condenser,164.85,1.25,61.24
Equipment_1857,HeatExchanger,354.04,15.64,201.04
Equipment_1858,Pump,294.16,1.78,320.75
Equipment_1859,Condenser,154.87,16.76,226.33
Equipment_1860,HeatExchanger,308.13,11.28,273.81
Equipment_1861,Condenser,419.69,11.03,273.91
Equipment_1862,Reactor,62.86,14.39,284.86
Equipment_1863,Pump,333.88,17.33,185.66
Equipment_1864,Reactor,207.31,18.91,179.5
Equipment_1865,Separator,181.7,11.32,51.6
Equipment_1866,Pump,226.66,3.86,103.98
Equipment_1867,Compressor,203.91,17.69,382.78
Equipment_1868,HeatExchanger,424.51,1.77,344.85
Equipment_1869,Pump,173.66,16.34,146.29
Equipment_1870,Separator,379.92,13.93,190.42
Equipment_1871,Separator,92.33,18.19,378.97
Equipment_1872,Reactor,478.13,18.05,137.66
Equipment_1873,Condenser,330.04,2.01,236.39
Equipment_1874,Pump,368.02,12.58,57.73
Equipment_1875,HeatExchanger,184.12,3.37,266.91
Equipment_1876,Pump,235.44,2.49,375.53
Equipment_1877,Valve,150.7,9.52,359.66
Equipment_1878,Condenser,469.64,2.85,225.69
Equipment_1879,HeatExchanger,269.65,14.83,277.37
Equipment_1880,HeatExchanger,333.7,19.41,249.43
Equipment_1881,Compressor,380.42,11.82,73.44
Equipment_1882,Reactor,217.0,5.47,105.55
Equipment_1883,Compressor,374.05,17.02,387.34
Equipment_1884,HeatExchanger,354.2,17.21,139.59
Equipment_1885,Condenser,367.55,14.92,184.56
Equipment_1886,Pump,270.15,12.69,228.13
Equipment_1887,Pump,222.32,17.49,392.7
Equipment_1888,Condenser,149.94,4.1,291.5
Equipment_1889,HeatExchanger,421.08,18.7,270.36
Equipment_1890,Separator,323.76,19.0,233.54
Equipment_1891,Pump,249.96,17.57,295.24
Equipment_1892,Separator,474.8,5.76,282.41
Equipment_1893,Pump,71.53,17.31,365.99
Equipment_1894,Pump,432.58,10.46,239.64
Equipment_1895,Reactor,498.91,12.3,197.53
Equipment_1896,Reactor,449.12,16.97,332.51
Equipment_1897,Valve,414.7,1.56,329.92
Equipment_1898,Compressor,218.44,7.9,109.44
Equipment_1899,Condenser,154.09,16.5,132.88
Equipment_1900,Condenser,380.68,16.47,385.52
Equipment_1901,Condenser,187.06,17.13,205.44
Equipment_1902,Valve,129.22,4.22,231.88
Equipment_1903,Reactor,403.94,14.41,158.56
Equipment_1904,HeatExchanger,190.64,3.78,218.37
Equipment_1905,Separator,461.5,15.92,310.17
Equipment_1906,Separator,428.28,5.66,218.82
Equipment_1907,HeatExchanger,431.44,15.02,160.17
Equipment_1908,Valve,397.21,9.65,83.6
Equipment_1909,HeatExchanger,446.4,19.74,374.89
Equipment_1910,Condenser,412.59,12.02,355.08
Equipment_1911,Compressor,321.13,13.02,326.98
Equipment_1912,Pump,183.12,8.0,292.92
Equipment_1913,Separator,449.69,14.96,230.43
Equipment_1914,Reactor,428.27,10.4,364.09
Equipment_1915,Reactor,262.8,1.34,327.1
Equipment_1916,Valve,67.59,12.56,335.6
Equipment_1917,Reactor,337.34,16.78,158.34
Equipment_1918,Condenser,72.77,5.5,198.21
Equipment_1919,Separator,466.83,5.2,297.38
Equipment_1920,HeatExchanger,482.73,12.57,179.87
Equipment_1921,Condenser,135.27,16.54,222.89
Equipment_1922,Valve,354.38,5.74,276.28
Equipment_1923,Condenser,91.52,18.71,203.22
Equipment_1924,HeatExchanger,378.28,18.62,327.56
Equipment_1925,Compressor,206.28,4.81,90.7
Equipment_1926,Valve,356.47,6.01,301.32
Equipment_1927,Compressor,217.79,14.31,100.82
Equipment_1928,Pump,115.51,19.08,378.24
Equipment_1929,Compressor,232.75,14.49,159.91
Equipment_1930,Pump,100.7,9.45,328.4
Equipment_1931,Pump,309.6,4.21,232.5
Equipment_1932,Compressor,68.43,9.76,81.88
Equipment_1933,Valve,287.29,12.53,253.91
Equipment_1934,HeatExchanger,448.87,7.29,369.26
Equipment_1935,Condenser,427.04,10.69,105.03
Equipment_1936,Condenser,447.25,3.47,162.46
Equipment_1937,HeatExchanger,464.92,9.59,203.71
Equipment_1938,Separator,97.04,2.72,146.27
Equipment_1939,Separator,107.94,1.93,380.32
Equipment_1940,Pump,300.65,17.29,182.13
Equipment_1941,Pump,452.29,4.9,280.32
Equipment_1942,Valve,488.46,11.93,128.37
Equipment_1943,Reactor,70.82,3.83,126.9
Equipment_1944,Compressor,210.1,5.99,111.55
Equipment_1945,Pump,145.8,7.87,202.18
Equipment_1946,Condenser,390.18,3.73,236.5
Equipment_1947,Valve,338.09,1.87,53.76
Equipment_1948,Compressor,103.95,17.67,341.52
Equipment_1949,Valve,267.58,1.22,229.46
Equipment_1950,Compressor,358.45,2.17,105.02
Equipment_1951,Compressor,400.55,16.3,73.55
Equipment_1952,HeatExchanger,59.02,6.36,72.12
Equipment_1953,Pump,450.71,14.73,140.18
Equipment_1954,Valve,306.18,3.78,224.75
Equipment_1955,Valve,415.36,5.51,351.08
Equipment_1956,HeatExchanger,413.57,11.88,366.04
Equipment_1957,Condenser,135.43,19.78,341.31
Equipment_1958,Condenser,99.58,2.4,165.0
Equipment_1959,Separator,374.58,8.61,157.3
Equipment_1960,Pump,120.39,1.82,395.61
Equipment_1961,Pump,432.47,4.79,288.45
Equipment_1962,Reactor,376.79,18.24,156.73
Equipment_1963,HeatExchanger,428.82,2.83,165.18
Equipment_1964,Condenser,184.56,17.28,202.13
Equipment_1965,Compressor,192.47,4.38,267.63
Equipment_1966,Valve,352.05,17.37,364.29
Equipment_1967,Pump,64.15,11.22,119.41
Equipment_1968,Valve,376.92,17.69,79.54
Equipment_1969,Valve,426.1,3.88,192.01
Equipment_1970,Reactor,236.82,15.48,135.91
Equipment_1971,Condenser,394.2,13.93,251.61
Equipment_1972,Pump,128.57,11.32,294.73
Equipment_1973,Valve,195.02,16.4,158.76
Equipment_1974,Pump,488.44,13.32,289.91
Equipment_1975,Compressor,493.85,17.66,170.1
Equipment_1976,Reactor,280.67,8.24,272.24
Equipment_1977,Compressor,470.42,12.21,271.57
Equipment_1978,Pump,285.23,17.54,147.36
Equipment_1979,Separator,181.21,5.08,272.5
Equipment_1980,Pump,170.1,10.23,183.33
Equipment_1981,Condenser,468.28,19.25,167.76
Equipment_1982,Valve,127.6,10.0,151.25
Equipment_1983,Valve,310.83,5.8,170.98
Equipment_1984,Compressor,299.99,7.67,325.36
Equipment_1985,Reactor,382.83,17.82,135.81
Equipment_1986,Separator,274.66,19.14,288.7
Equipment_1987,HeatExchanger,172.53,19.05,365.22
Equipment_1988,Valve,126.23,14.28,172.65
Equipment_1989,Condenser,329.37,10.68,60.33
Equipment_1990,Compressor,373.55,4.47,58.61
Equipment_1991,Compressor,306.28,3.34,98.83
Equipment_1992,HeatExchanger,382.26,2.14,88.52
Equipment_1993,Condenser,113.68,1.34,311.83
Equipment_1994,Reactor,447.11,17.68,153.2
Equipment_1995,Condenser,312.08,16.37,278.38
Equipment_1996,Reactor,107.08,11.79,64.86
Equipment_1997,Condenser,257.87,19.98,153.51
Equipment_1998,Condenser,430.16,19.11,131.95
Equipment_1999,Pump,453.9,13.45,146.91
Equipment_2000,Compressor,169.09,9.83,116.75
Equipment_2001,Condenser,370.07,3.89,266.27
Equipment_2002,HeatExchanger,94.99,10.8,281.94
Equipment_2003,Condenser,65.1,4.0,101.96
Equipment_2004,Valve,302.18,8.57,309.4
Equipment_2005,Compressor,362.67,18.91,137.52
Equipment_2006,Valve,408.1,7.5,149.02
Equipment_2007,Compressor,203.1,3.9,340.08
Equipment_2008,Valve,52.94,12.07,365.41
Equipment_2009,Condenser,265.78,12.44,338.66
Equipment_2010,Condenser,57.13,4.68,101.72
Equipment_2011,Pump,91.39,4.74,399.74
Equipment_2012,HeatExchanger,197.01,19.8,285.25
Equipment_2013,Valve,246.73,5.62,228.73
Equipment_2014,Reactor,175.76,16.93,384.19
Equipment_2015,Pump,311.84,9.94,336.08
Equipment_2016,Valve,74.91,9.26,292.11
Equipment_2017,Valve,115.06,6.6,343.44
Equipment_2018,Pump,362.87,15.7,184.91
Equipment_2019,Condenser,113.96,17.73,289.55
Equipment_2020,Valve,337.9,5.96,116.7
Equipment_2021,Condenser,74.61,2.81,395.8
Equipment_2022,Pump,233.32,3.6,256.14
Equipment_2023,Condenser,129.83,16.06,334.98
Equipment_2024,Compressor,99.34,9.28,192.57
Equipment_2025,Reactor,305.16,3.51,315.51
Equipment_2026,Separator,467.75,7.47,185.58
Equipment_2027,Valve,74.65,10.77,256.5
Equipment_2028,HeatExchanger,239.7,17.19,322.35
Equipment_2029,Reactor,368.39,13.19,90.77
Equipment_2030,Separator,258.21,4.34,174.88
Equipment_2031,Condenser,412.92,4.02,240.73
Equipment_2032,Valve,130.84,8.83,166.9
Equipment_2033,Condenser,481.82,2.43,158.21
Equipment_2034,Compressor,223.32,15.36,148.58
Equipment_2035,Pump,203.71,8.63,129.73
Equipment_2036,Valve,443.57,7.52,347.12
Equipment_2037,Separator,303.74,10.67,373.29
Equipment_2038,Separator,282.4,14.47,295.06
Equipment_2039,Compressor,377.14,11.82,60.5
Equipment_2040,Compressor,310.93,16.25,325.18
Equipment_2041,Valve,123.13,12.96,236.18
Equipment_2042,Condenser,353.39,15.97,315.34
Equipment_2043,HeatExchanger,110.06,14.24,203.07
Equipment_2044,Separator,412.64,4.67,64.45
Equipment_2045,Separator,495.38,1.99,288.61
Equipment_2046,Compressor,219.82,18.16,205.44
Equipment_2047,Reactor,250.14,18.97,355.92
Equipment_2048,Compressor,70.9,14.81,308.35
Equipment_2049,HeatExchanger,56.18,14.76,175.85
Equipment_2050,Condenser,464.64,6.13,303.43
Equipment_2051,Condenser,107.88,11.31,223.32
Equipment_2052,Reactor,250.6,19.85,119.81
Equipment_2053,Separator,416.91,17.27,196.96
Equipment_2054,Compressor,450.19,6.78,127.9
Equipment_2055,Condenser,283.73,6.72,51.74
Equipment_2056,HeatExchanger,304.26,10.19,136.38
Equipment_2057,Valve,351.36,8.69,123.33
Equipment_2058,Pump,482.62,8.05,51.52
Equipment_2059,Pump,321.2,12.91,324.37
Equipment_2060,Pump,301.76,1.22,76.94
Equipment_2061,Separator,56.54,15.5,207.17
Equipment_2062,Compressor,86.43,15.06,196.26
Equipment_2063,Reactor,309.73,16.78,113.49
Equipment_2064,Condenser,471.31,16.99,388.4
Equipment_2065,Valve,440.01,11.76,261.31
Equipment_2066,HeatExchanger,492.16,15.82,334.73
Equipment_2067,Valve,287.53,10.36,223.65
Equipment_2068,HeatExchanger,404.57,19.08,302.98
Equipment_2069,Separator,428.18,4.62,389.42
Equipment_2070,Compressor,341.61,18.4,171.94
Equipment_2071,Pump,202.44,5.91,226.49
Equipment_2072,Compressor,261.49,2.95,230.09
Equipment_2073,Separator,436.06,9.34,397.2
Equipment_2074,Reactor,184.35,12.68,131.58
Equipment_2075,Reactor,465.68,5.39,286.36
Equipment_2076,Separator,153.41,11.56,98.38
Equipment_2077,HeatExchanger,387.28,16.35,374.48
Equipment_2078,Condenser,333.75,5.88,256.63
Equipment_2079,Condenser,387.32,12.03,350.79
Equipment_2080,HeatExchanger,246.81,7.45,363.33
Equipment_2081,Reactor,469.69,11.07,244.99
Equipment_2082,Reactor,334.61,13.67,288.7
Equipment_2083,Reactor,179.73,7.66,294.55
Equipment_2084,Compressor,337.3,19.9,211.17
Equipment_2085,Reactor,179.07,11.71,202.19
Equipment_2086,Valve,182.13,16.66,115.17
Equipment_2087,Pump,229.82,14.78,184.37
Equipment_2088,Reactor,433.59,17.2,396.76
Equipment_2089,HeatExchanger,275.13,4.3,144.45
Equipment_2090,Pump,355.51,5.23,316.85
Equipment_2091,Compressor,226.39,10.26,70.77
Equipment_2092,HeatExchanger,168.62,17.19,213.61
Equipment_2093,Pump,479.59,4.75,70.44
Equipment_2094,HeatExchanger,321.61,19.45,216.53
Equipment_2095,Compressor,470.28,3.42,59.64
Equipment_2096,Valve,141.54,4.33,264.65
Equipment_2097,Compressor,116.1,4.18,255.28
Equipment_2098,Compressor,435.12,12.13,329.25
Equipment_2099,HeatExchanger,356.41,18.43,254.15
Equipment_2100,Separator,133.96,5.85,374.1
Equipment_2101,Condenser,171.21,11.51,324.09
Equipment_2102,Reactor,410.3,4.34,96.43
Equipment_2103,Reactor,254.24,12.99,142.92
Equipment_2104,Valve,351.74,3.34,59.18
Equipment_2105,Valve,193.26,10.33,185.15
Equipment_2106,Reactor,221.55,13.45,228.34
Equipment_2107,Condenser,495.82,12.0,381.08
Equipment_2108,Reactor,161.43,3.66,232.79
Equipment_2109,Separator,277.91,4.07,323.36
Equipment_2110,Condenser,429.98,13.76,143.81
Equipment_2111,Valve,157.65,16.37,103.61
Equipment_2112,Pump,236.85,18.25,333.79
Equipment_2113,HeatExchanger,326.79,16.46,136.6
Equipment_2114,Separator,266.53,19.5,354.97
Equipment_2115,Separator,256.78,8.76,109.45
Equipment_2116,Valve,213.13,7.29,348.06
Equipment_2117,Valve,313.99,1.54,320.5
Equipment_2118,Compressor,330.97,9.55,263.93
Equipment_2119,Separator,343.98,13.38,347.58
Equipment_2120,Compressor,81.67,16.49,165.75
Equipment_2121,Compressor,333.97,6.08,108.11
Equipment_2122,HeatExchanger,478.96,10.76,104.96
Equipment_2123,Compressor,293.44,13.58,144.63
Equipment_2124,Condenser,371.87,11.48,206.18
Equipment_2125,Reactor,300.53,6.21,356.61
Equipment_2126,Pump,434.63,16.13,81.34
Equipment_2127,Valve,468.31,4.29,370.33
Equipment_2128,Condenser,132.9,18.19,373.92
Equipment_2129,Pump,246.59,19.1,304.53
Equipment_2130,Separator,226.57,7.95,365.1
Equipment_2131,Separator,232.35,8.15,319.5
Equipment_2132,Separator,106.49,15.12,234.91
Equipment_2133,Condenser,416.13,9.67,260.26
Equipment_2134,Condenser,66.09,1.54,269.88
Equipment_2135,Valve,287.7,18.48,94.41
Equipment_2136,Reactor,347.85,9.18,117.57
Equipment_2137,Compressor,143.36,4.87,233.18
Equipment_2138,Separator,457.63,11.56,90.33
Equipment_2139,HeatExchanger,427.35,5.16,387.74
Equipment_2140,Reactor,261.99,4.91,227.49
Equipment_2141,HeatExchanger,235.02,11.37,183.03
Equipment_2142,Valve,156.46,8.43,105.14
Equipment_2143,Valve,378.5,11.89,195.79
Equipment_2144,Valve,109.28,19.94,155.85
Equipment_2145,Pump,356.11,17.32,80.77
Equipment_2146,HeatExchanger,429.11,1.15,388.45
Equipment_2147,Reactor,152.81,1.96,142.74
Equipment_2148,Reactor,439.89,12.59,291.66
Equipment_2149,Condenser,65.0,12.9,81.96
Equipment_2150,Condenser,460.75,17.69,369.61
Equipment_2151,Separator,103.26,12.95,256.76
Equipment_2152,Condenser,340.59,5.33,279.91
Equipment_2153,Valve,162.54,9.9,323.62
Equipment_2154,Reactor,426.45,16.37,262.07
Equipment_2155,HeatExchanger,280.54,18.53,74.82
Equipment_2156,Valve,110.86,5.5,200.35
Equipment_2157,Pump,306.95,11.25,141.71
Equipment_2158,Condenser,233.55,4.02,220.35
Equipment_2159,Valve,347.65,10.44,191.51
Equipment_2160,Valve,446.86,2.71,339.29
Equipment_2161,Pump,234.23,18.89,136.47
Equipment_2162,Compressor,180.45,13.12,120.46
Equipment_2163,Reactor,56.53,17.23,385.33
Equipment_2164,HeatExchanger,308.68,19.97,382.33
Equipment_2165,Separator,231.02,4.47,397.71
Equipment_2166,Compressor,218.59,14.19,248.93
Equipment_2167,Condenser,132.32,17.85,89.6
Equipment_2168,Valve,243.52,11.94,358.06
Equipment_2169,Pump,493.0,13.15,100.79
Equipment_2170,Pump,183.99,8.75,104.46
Equipment_2171,Reactor,319.87,13.82,117.69
Equipment_2172,Compressor,399.42,8.52,278.7
Equipment_2173,Separator,387.12,10.06,87.52
Equipment_2174,Reactor,197.95,2.96,322.4
Equipment_2175,Valve,324.89,1.15,70.39
Equipment_2176,Reactor,442.07,2.05,88.66
Equipment_2177,HeatExchanger,56.95,4.66,202.07
Equipment_2178,Pump,246.08,9.68,182.71
Equipment_2179,Pump,150.92,1.4,396.4
Equipment_2180,Condenser,224.88,3.96,388.4
Equipment_2181,Condenser,237.2,15.85,116.39
Equipment_2182,Separator,386.0,15.48,381.33
Equipment_2183,Valve,92.22,16.0,292.29
Equipment_2184,HeatExchanger,280.66,18.51,193.1
Equipment_2185,Compressor,303.89,3.26,308.87
Equipment_2186,Reactor,272.37,4.1,365.05
Equipment_2187,Separator,379.34,7.34,113.05
Equipment_2188,Valve,222.71,18.39,118.59
Equipment_2189,Condenser,475.24,15.73,193.05
Equipment_2190,Reactor,266.81,7.16,109.22
Equipment_2191,Condenser,307.05,2.67,176.14
Equipment_2192,Reactor,421.49,12.71,275.99
Equipment_2193,Compressor,173.86,5.88,334.49
Equipment_2194,Valve,83.84,11.09,155.68
Equipment_2195,Reactor,368.5,18.89,148.61
Equipment_2196,HeatExchanger,267.36,11.88,322.91
Equipment_2197,Separator,453.43,18.55,183.36
Equipment_2198,Pump,492.21,8.47,336.47
Equipment_2199,HeatExchanger,229.6,13.03,397.68
Equipment_2200,HeatExchanger,236.95,17.98,392.88
Equipment_2201,Separator,233.58,12.17,281.94
Equipment_2202,Pump,196.05,12.68,181.32
Equipment_2203,HeatExchanger,401.76,14.61,72.92
Equipment_2204,Reactor,391.55,17.76,308.31
Equipment_2205,Reactor,265.39,2.68,392.29
Equipment_2206,Reactor,70.1,7.4,73.79
Equipment_2207,Pump,189.3,8.56,52.16
Equipment_2208,HeatExchanger,181.54,18.28,341.12
Equipment_2209,Pump,414.99,19.16,85.79
Equipment_2210,Reactor,89.41,3.29,78.57
Equipment_2211,Separator,412.55,3.26,368.62
Equipment_2212,HeatExchanger,351.13,18.76,77.85
Equipment_2213,HeatExchanger,379.6,6.62,89.91
Equipment_2214,Condenser,244.5,5.59,249.35
Equipment_2215,Condenser,355.88,1.68,314.88
Equipment_2216,Compressor,324.06,6.24,189.85
Equipment_2217,Valve,396.04,14.18,197.21
Equipment_2218,Condenser,251.05,9.09,271.42
Equipment_2219,Pump,262.77,10.82,226.9
Equipment_2220,Condenser,339.61,18.43,56.52
Equipment_2221,Compressor,98.63,3.18,89.75
Equipment_2222,HeatExchanger,246.31,2.35,253.56
Equipment_2223,Compressor,487.38,17.19,327.78
Equipment_2224,HeatExchanger,66.9,15.72,317.09
Equipment_2225,Separator,192.2,6.01,309.02
Equipment_2226,Separator,191.35,7.16,319.95
Equipment_2227,HeatExchanger,335.06,6.9,65.56
Equipment_2228,Valve,97.61,13.31,363.29
Equipment_2229,Condenser,332.84,2.16,361.25
Equipment_2230,Pump,92.77,10.3,236.17
Equipment_2231,Pump,92.73,3.54,137.01
Equipment_2232,Reactor,377.68,16.58,257.26
Equipment_2233,HeatExchanger,195.86,8.23,245.26
Equipment_2234,Pump,489.84,11.02,128.04
Equipment_2235,Valve,66.81,1.56,261.1
Equipment_2236,HeatExchanger,250.3,2.11,329.05
Equipment_2237,Valve,100.91,13.83,332.14
Equipment_2238,Pump,208.12,15.57,70.89
Equipment_2239,Pump,499.2,14.49,119.01
Equipment_2240,Reactor,449.98,15.0,283.88
Equipment_2241,Pump,71.75,2.99,350.94
Equipment_2242,HeatExchanger,303.47,14.18,232.43
Equipment_2243,Separator,341.52,4.45,297.63
Equipment_2244,HeatExchanger,144.29,2.86,57.38
Equipment_2245,HeatExchanger,115.3,15.39,262.95
Equipment_2246,Reactor,456.97,17.9,386.67
Equipment_2247,Reactor,485.97,14.62,281.36
Equipment_2248,Pump,496.35,16.31,372.8
Equipment_2249,Compressor,405.39,19.83,248.1
Equipment_2250,Compressor,348.58,3.56,345.18
Equipment_2251,Reactor,205.58,19.34,93.46
Equipment_2252,Pump,127.13,12.42,93.23
Equipment_2253,Compressor,85.54,16.45,92.06
Equipment_2254,Pump,361.98,13.35,221.1
Equipment_2255,Pump,403.13,11.83,165.59
Equipment_2256,Pump,421.9,14.37,301.72
Equipment_2257,Condenser,461.19,7.08,365.92
Equipment_2258,HeatExchanger,445.97,18.56,266.78
Equipment_2259,Pump,499.88,3.19,124.62
Equipment_2260,Condenser,159.83,7.04,375.81
Equipment_2261,Reactor,393.49,1.59,234.75
Equipment_2262,Compressor,313.91,6.16,301.98
Equipment_2263,HeatExchanger,167.56,5.15,361.68
Equipment_2264,Separator,491.86,1.94,396.44
Equipment_2265,Compressor,454.05,10.34,227.12
Equipment_2266,HeatExchanger,107.83,9.9,332.82
Equipment_2267,Separator,61.77,2.48,248.4
Equipment_2268,Compressor,359.75,5.98,220.26
Equipment_2269,HeatExchanger,321.86,19.11,238.2
Equipment_2270,Compressor,471.12,3.1,219.5
Equipment_2271,Compressor,155.3,6.8,197.36
Equipment_2272,Separator,87.97,1.68,303.3
Equipment_2273,Compressor,166.65,3.83,137.39
Equipment_2274,Compressor,58.52,14.29,265.73
Equipment_2275,Separator,66.15,7.97,299.54
Equipment_2276,Reactor,461.69,9.59,362.23
Equipment_2277,Pump,208.41,3.98,166.16
Equipment_2278,Valve,234.86,13.96,351.21
Equipment_2279,Condenser,58.27,15.28,380.85
Equipment_2280,Valve,171.73,4.44,277.04
Equipment_2281,Valve,412.13,1.85,320.0
Equipment_2282,HeatExchanger,326.97,2.54,192.0
Equipment_2283,Pump,389.2,13.48,383.25
Equipment_2284,HeatExchanger,251.25,3.57,284.8
Equipment_2285,Pump,189.38,10.38,158.55
Equipment_2286,Separator,267.26,3.9,191.49
Equipment_2287,Separator,195.38,4.23,266.21
Equipment_2288,Pump,427.54,1.08,131.95
Equipment_2289,Compressor,183.95,7.1,313.87
Equipment_2290,Reactor,346.89,2.71,128.64
Equipment_2291,Compressor,111.64,8.49,257.13
Equipment_2292,Reactor,359.09,12.36,293.95
Equipment_2293,HeatExchanger,460.98,7.98,350.91
Equipment_2294,Reactor,323.86,14.4,306.87
Equipment_2295,HeatExchanger,301.93,15.09,329.59
Equipment_2296,Separator,482.5,14.24,369.53
Equipment_2297,Valve,332.33,18.8,259.22
Equipment_2298,Separator,166.8,5.51,346.2
Equipment_2299,Separator,181.58,4.6,131.16
Equipment_2300,Valve,367.39,12.58,335.16
Equipment_2301,Reactor,380.95,12.3,127.59
Equipment_2302,Reactor,186.57,10.69,377.12
Equipment_2303,HeatExchanger,205.4,1.08,165.49
Equipment_2304,Compressor,495.98,11.55,110.14
Equipment_2305,HeatExchanger,95.88,18.72,101.86
Equipment_2306,Compressor,232.09,7.36,115.55
Equipment_2307,Separator,78.1,19.38,206.64
Equipment_2308,Valve,419.49,7.78,232.75
Equipment_2309,Separator,91.56,3.66,369.83
Equipment_2310,Pump,353.3,8.57,183.36
Equipment_2311,Reactor,75.42,10.4,126.12
Equipment_2312,Compressor,352.78,12.96,310.34
Equipment_2313,HeatExchanger,429.37,10.59,97.13
Equipment_2314,Valve,229.47,11.2,362.3
Equipment_2315,Compressor,284.96,1.46,193.29
Equipment_2316,HeatExchanger,230.69,5.82,264.84
Equipment_2317,Reactor,185.22,6.9,115.16
Equipment_2318,Separator,411.47,19.75,100.94
Equipment_2319,Reactor,172.4,6.62,329.59
Equipment_2320,Condenser,375.32,18.03,200.4
Equipment_2321,Pump,142.79,6.79,395.36
Equipment_2322,Condenser,162.43,2.83,233.5
Equipment_2323,Valve,201.41,5.7,345.98
Equipment_2324,Compressor,315.12,6.18,392.99
Equipment_2325,Valve,254.49,19.59,148.4
Equipment_2326,Separator,385.32,13.81,330.31
Equipment_2327,HeatExchanger,146.11,18.7,57.7
Equipment_2328,Reactor,54.8,16.86,287.91
Equipment_2329,Condenser,399.45,11.99,310.82
Equipment_2330,Condenser,419.74,13.83,217.08
Equipment_2331,Separator,76.77,12.87,106.74
Equipment_2332,Condenser,324.91,13.66,265.85
Equipment_2333,Separator,220.19,6.03,364.14
Equipment_2334,Valve,407.25,8.75,375.96
Equipment_2335,Reactor,443.49,12.26,311.14
Equipment_2336,Compressor,432.95,1.68,142.3
Equipment_2337,HeatExchanger,399.74,10.17,354.61
Equipment_2338,Compressor,171.07,17.33,361.09
Equipment_2339,Valve,415.35,10.35,178.53
Equipment_2340,HeatExchanger,290.07,11.49,114.04
Equipment_2341,Condenser,73.74,4.84,356.13
Equipment_2342,Pump,255.62,16.09,359.78
Equipment_2343,Valve,473.97,7.82,85.32
Equipment_2344,Valve,449.54,19.18,388.44
Equipment_2345,Reactor,96.02,19.88,236.58
Equipment_2346,Compressor,384.86,18.4,397.81
Equipment_2347,Valve,412.61,2.61,205.75
Equipment_2348,Valve,172.12,7.33,236.65
Equipment_2349,Condenser,262.22,18.96,143.13
Equipment_2350,Condenser,369.94,16.29,364.63
Equipment_2351,HeatExchanger,247.57,18.31,205.3
Equipment_2352,Separator,100.76,11.88,335.11
Equipment_2353,Separator,367.65,10.13,77.91
Equipment_2354,Pump,460.24,3.02,325.89
Equipment_2355,Separator,343.62,16.95,221.59
Equipment_2356,Reactor,398.21,15.16,51.89
Equipment_2357,Pump,211.26,2.12,129.19
Equipment_2358,HeatExchanger,132.44,4.98,117.81
Equipment_2359,Condenser,339.25,11.59,313.12
Equipment_2360,Separator,197.5,14.0,217.02
Equipment_2361,Compressor,437.03,3.62,105.9
Equipment_2362,Condenser,105.18,5.65,139.88
Equipment_2363,Reactor,245.06,4.67,226.43
Equipment_2364,Condenser,228.53,5.18,56.87
Equipment_2365,Reactor,472.12,18.49,198.44
Equipment_2366,Reactor,118.91,14.6,287.32
Equipment_2367,Reactor,54.43,15.01,231.21
Equipment_2368,HeatExchanger,157.14,16.09,259.33
Equipment_2369,Reactor,419.12,7.77,164.32
Equipment_2370,Reactor,144.19,15.58,114.08
Equipment_2371,Compressor,158.4,19.59,333.41
Equipment_2372,Pump,108.45,14.27,366.97
Equipment_2373,Valve,371.95,8.92,228.76
Equipment_2374,Pump,81.13,14.61,156.76
Equipment_2375,Reactor,199.04,18.12,228.92
Equipment_2376,Compressor,177.12,3.45,357.64
Equipment_2377,Condenser,299.82,6.04,291.99
Equipment_2378,Compressor,378.69,18.47,350.52
Equipment_2379,Reactor,289.79,18.98,164.93
Equipment_2380,Compressor,468.96,10.2,299.19
Equipment_2381,Separator,478.15,8.12,278.57
Equipment_2382,Compressor,212.66,6.37,250.07
Equipment_2383,Reactor,399.96,10.48,234.88
Equipment_2384,HeatExchanger,382.46,18.76,242.84
Equipment_2385,Separator,451.83,3.85,347.38
Equipment_2386,Compressor,251.57,8.98,370.6
Equipment_2387,Valve,288.71,18.32,89.5
Equipment_2388,Valve,237.1,7.63,249.07
Equipment_2389,Compressor,432.67,15.59,371.44
Equipment_2390,HeatExchanger,153.37,8.4,97.16
Equipment_2391,Condenser,157.87,16.29,194.5
Equipment_2392,Reactor,217.67,19.64,81.18
Equipment_2393,Valve,153.65,8.37,89.72
Equipment_2394,Condenser,302.45,17.06,366.44
Equipment_2395,Compressor,110.52,19.78,206.16
Equipment_2396,Condenser,194.08,19.69,291.06
Equipment_2397,Separator,461.05,9.24,98.62
Equipment_2398,Pump,234.15,10.23,57.68
Equipment_2399,Valve,386.71,6.76,361.67
Equipment_2400,Compressor,101.06,6.97,251.09
Equipment_2401,Reactor,161.4,10.36,57.0
Equipment_2402,HeatExchanger,413.31,4.81,397.32
Equipment_2403,Separator,393.35,14.51,222.27
Equipment_2404,Compressor,223.77,11.19,216.56
Equipment_2405,Reactor,479.48,18.06,267.32
Equipment_2406,HeatExchanger,459.79,16.4,52.77
Equipment_2407,HeatExchanger,483.04,7.13,249.2
Equipment_2408,Compressor,242.56,10.61,270.32
Equipment_2409,Separator,138.86,15.26,153.93
Equipment_2410,Condenser,332.0,4.67,304.4
Equipment_2411,Condenser,358.15,1.6,182.1
Equipment_2412,HeatExchanger,106.45,17.19,301.22
Equipment_2413,Condenser,403.92,3.61,100.34
Equipment_2414,Pump,58.13,17.9,369.79
Equipment_2415,HeatExchanger,267.23,18.36,357.81
Equipment_2416,HeatExchanger,198.96,9.75,102.72
Equipment_2417,Reactor,383.14,16.33,378.46
Equipment_2418,Condenser,190.74,7.9,245.22
Equipment_2419,Separator,422.06,17.31,295.58
Equipment_2420,HeatExchanger,317.73,16.67,344.1
Equipment_2421,Separator,407.25,2.49,79.25
Equipment_2422,Pump,495.2,12.07,109.25
Equipment_2423,Reactor,355.62,13.16,151.64
Equipment_2424,Compressor,493.23,1.02,217.02
Equipment_2425,Separator,62.98,19.62,171.12
Equipment_2426,HeatExchanger,202.16,8.72,227.05
Equipment_2427,Pump,98.53,10.83,115.07
Equipment_2428,Valve,168.04,4.7,288.75
Equipment_2429,Pump,427.5,12.61,69.51
Equipment_2430,Pump,64.55,16.4,176.51
Equipment_2431,Reactor,284.08,12.13,112.66
Equipment_2432,Compressor,305.21,15.97,305.48
Equipment_2433,Valve,302.52,14.89,359.28
Equipment_2434,Condenser,263.88,5.52,77.58
Equipment_2435,Condenser,405.77,9.28,324.76
Equipment_2436,Separator,110.09,3.82,363.5
Equipment_2437,Pump,189.76,1.8,390.89
Equipment_2438,Reactor,327.08,2.2,252.79
Equipment_2439,Reactor,360.93,18.91,164.59
Equipment_2440,Condenser,231.87,19.71,162.69
Equipment_2441,Separator,443.92,2.8,182.64
Equipment_2442,Separator,236.97,7.37,264.43
Equipment_2443,Separator,231.25,3.17,221.58
Equipment_2444,Valve,66.29,16.85,278.77
Equipment_2445,Compressor,298.01,10.43,63.76
Equipment_2446,Valve,368.91,12.8,87.06
Equipment_2447,HeatExchanger,101.5,11.26,391.79
Equipment_2448,HeatExchanger,187.44,14.49,398.38
Equipment_2449,Compressor,401.57,7.06,311.33
Equipment_2450,Condenser,214.66,3.61,139.74
Equipment_2451,Compressor,158.72,1.33,383.68
Equipment_2452,Reactor,352.49,9.47,124.8
Equipment_2453,HeatExchanger,138.54,18.25,306.0
Equipment_2454,Pump,453.04,6.8,90.34
Equipment_2455,Pump,97.52,4.72,277.12
Equipment_2456,Condenser,367.95,18.59,315.83
Equipment_2457,Reactor,274.8,3.0,350.87
Equipment_2458,Valve,441.47,1.98,307.01
Equipment_2459,Reactor,106.79,17.71,373.22
Equipment_2460,Pump,355.05,14.32,232.32
Equipment_2461,Pump,307.42,9.02,287.1
Equipment_2462,HeatExchanger,266.04,15.29,179.34
Equipment_2463,Reactor,271.13,15.09,53.64
Equipment_2464,Reactor,374.89,1.76,314.84
Equipment_2465,Pump,471.98,13.85,354.45
Equipment_2466,Valve,91.06,13.18,110.87
Equipment_2467,Condenser,58.78,19.31,60.02
Equipment_2468,Separator,412.57,19.37,107.58
Equipment_2469,Condenser,98.68,8.18,363.35
Equipment_2470,Reactor,494.01,12.21,153.43
Equipment_2471,Condenser,328.71,3.69,131.8
Equipment_2472,Pump,342.89,2.26,55.11
Equipment_2473,Pump,139.5,9.22,153.97
Equipment_2474,Reactor,158.14,14.11,300.47
Equipment_2475,Reactor,346.71,11.79,385.68
Equipment_2476,Separator,459.38,9.16,159.46
Equipment_2477,Separator,492.08,16.54,134.24
Equipment_2478,HeatExchanger,139.11,16.09,360.82
Equipment_2479,Reactor,110.35,14.91,348.38
Equipment_2480,Valve,75.38,2.46,164.86
Equipment_2481,Condenser,440.73,16.13,74.08
Equipment_2482,Reactor,182.62,18.47,397.2
Equipment_2483,Compressor,50.82,2.13,288.25
Equipment_2484,HeatExchanger,150.72,8.63,374.3
Equipment_2485,Compressor,203.2,19.78,169.66
Equipment_2486,Pump,495.94,12.39,276.69
Equipment_2487,Separator,285.59,10.76,286.07
Equipment_2488,Condenser,142.12,4.37,355.52
Equipment_2489,Reactor,200.67,11.74,397.57
Equipment_2490,Compressor,198.64,9.34,88.03
Equipment_2491,Condenser,58.88,3.42,270.89
Equipment_2492,Pump,110.83,9.82,167.75
Equipment_2493,Separator,362.84,4.12,334.08
Equipment_2494,Valve,104.11,14.88,313.95
Equipment_2495,HeatExchanger,153.83,19.5,362.38
Equipment_2496,Condenser,207.83,9.92,170.3
Equipment_2497,Condenser,390.98,13.01,114.59
Equipment_2498,Valve,312.08,9.19,57.63
Equipment_2499,Condenser,360.05,3.63,139.43
Equipment_2500,Pump,305.16,19.44,178.51
Equipment_2501,Pump,357.62,3.46,381.12
Equipment_2502,Valve,51.28,3.12,221.98
Equipment_2503,HeatExchanger,468.9,9.72,244.75
Equipment_2504,Reactor,99.91,13.52,358.05
Equipment_2505,Compressor,232.81,7.74,359.77
Equipment_2506,Reactor,396.97,4.66,234.77
Equipment_2507,Condenser,245.85,16.56,89.8
Equipment_2508,Compressor,476.08,7.9,144.68
Equipment_2509,Valve,260.42,4.69,209.91
Equipment_2510,Valve,443.72,7.94,312.91
Equipment_2511,HeatExchanger,414.87,5.08,299.09
Equipment_2512,Compressor,491.44,10.87,274.95
Equipment_2513,Pump,466.95,13.7,358.09
Equipment_2514,Compressor,454.16,16.19,330.93
Equipment_2515,Condenser,379.22,5.32,393.74
Equipment_2516,Pump,215.15,4.17,361.21
Equipment_2517,Separator,97.76,1.37,118.48
Equipment_2518,Separator,359.89,5.33,70.17
Equipment_2519,Separator,490.39,1.45,195.08
Equipment_2520,Valve,376.97,7.56,266.13
Equipment_2521,Compressor,467.93,3.77,275.09
Equipment_2522,Separator,411.94,12.02,143.63
Equipment_2523,Reactor,123.4,8.29,350.96
Equipment_2524,HeatExchanger,162.14,2.78,165.24
Equipment_2525,Reactor,203.84,8.6,371.69
Equipment_2526,Separator,125.72,4.98,215.06
Equipment_2527,HeatExchanger,311.74,13.92,53.64
Equipment_2528,Condenser,488.95,7.92,106.71
Equipment_2529,Reactor,392.66,3.79,85.81
Equipment_2530,Compressor,240.52,7.64,65.41
Equipment_2531,Compressor,52.03,5.26,299.91
Equipment_2532,Reactor,190.97,16.12,117.31
Equipment_2533,Separator,287.04,19.68,343.52
Equipment_2534,Compressor,195.91,1.48,142.56
Equipment_2535,Condenser,99.97,14.11,61.31
Equipment_2536,Pump,249.24,6.02,337.24
Equipment_2537,Separator,163.96,2.26,213.15
Equipment_2538,Condenser,459.15,1.27,259.83
Equipment_2539,HeatExchanger,95.79,17.74,167.68
Equipment_2540,Condenser,72.12,7.72,66.11
Equipment_2541,Separator,52.39,19.9,179.56
Equipment_2542,HeatExchanger,197.63,9.41,231.4
Equipment_2543,Separator,347.17,4.56,54.09
Equipment_2544,Compressor,378.69,15.77,251.0
Equipment_2545,Pump,253.97,18.6,362.56
Equipment_2546,Separator,357.95,16.5,126.24
Equipment_2547,Separator,211.96,15.16,374.37
Equipment_2548,Compressor,350.51,7.36,84.16
Equipment_2549,Valve,68.27,2.23,338.9
Equipment_2550,Compressor,225.84,4.82,344.11
Equipment_2551,HeatExchanger,405.88,9.49,140.22
Equipment_2552,Compressor,411.35,19.17,385.25
Equipment_2553,Compressor,372.27,14.73,195.81
Equipment_2554,Pump,141.91,16.74,99.44
Equipment_2555,Compressor,161.24,6.27,257.1
Equipment_2556,Separator,498.24,13.99,398.82
Equipment_2557,Pump,96.52,17.39,364.75
Equipment_2558,Reactor,131.3,10.11,147.51
Equipment_2559,Valve,108.51,9.17,251.95
Equipment_2560,Pump,197.44,14.67,90.38
Equipment_2561,HeatExchanger,144.58,11.64,211.65
Equipment_2562,Reactor,273.96,19.87,233.07
Equipment_2563,Pump,264.21,9.08,160.35
Equipment_2564,Pump,455.68,4.34,219.47
Equipment_2565,Valve,65.63,9.97,371.98
Equipment_2566,Separator,193.95,5.47,225.05
Equipment_2567,HeatExchanger,318.5,11.66,340.85
Equipment_2568,Condenser,322.16,3.39,161.09
Equipment_2569,Condenser,266.06,19.05,389.99
Equipment_2570,Pump,417.05,17.34,82.71
Equipment_2571,Compressor,78.22,3.96,254.96
Equipment_2572,HeatExchanger,416.97,4.28,326.46
Equipment_2573,Reactor,272.64,10.74,334.91
Equipment_2574,Compressor,110.19,15.68,119.4
Equipment_2575,Compressor,448.57,5.16,190.58
Equipment_2576,HeatExchanger,342.15,2.16,268.47
Equipment_2577,Separator,123.6,11.37,160.56
Equipment_2578,Pump,65.14,14.14,280.4
Equipment_2579,Pump,113.5,5.64,182.57
Equipment_2580,Pump,323.96,15.06,172.8
Equipment_2581,Pump,130.68,19.06,87.82
Equipment_2582,Condenser,151.59,3.6,63.74
Equipment_2583,Pump,61.31,10.71,342.35
Equipment_2584,Condenser,375.32,2.08,221.34
Equipment_2585,Condenser,414.66,4.93,247.01
Equipment_2586,Separator,408.58,2.71,180.28
Equipment_2587,Pump,107.41,8.68,97.86
Equipment_2588,Valve,456.49,16.6,207.35
Equipment_2589,Reactor,352.53,11.97,130.13
Equipment_2590,Compressor,453.89,5.23,343.19
Equipment_2591,Condenser,251.22,1.76,395.38
Equipment_2592,HeatExchanger,246.63,11.51,361.18
Equipment_2593,HeatExchanger,403.04,3.52,234.9
Equipment_2594,Reactor,91.98,7.51,269.85
Equipment_2595,HeatExchanger,284.39,10.69,381.84
Equipment_2596,Valve,426.37,18.17,238.54
Equipment_2597,HeatExchanger,423.59,2.55,273.51
Equipment_2598,Compressor,480.26,13.7,270.23
Equipment_2599,Compressor,364.22,1.27,297.84
Equipment_2600,Condenser,143.5,12.97,274.1
Equipment_2601,Pump,59.13,11.48,284.75
Equipment_2602,Separator,265.74,16.43,304.06
Equipment_2603,Valve,281.17,11.1,333.18
Equipment_2604,Condenser,158.12,7.7,191.07
Equipment_2605,Valve,106.11,5.61,311.04
Equipment_2606,Pump,313.79,2.62,85.07
Equipment_2607,HeatExchanger,393.92,11.16,356.67
Equipment_2608,HeatExchanger,496.92,17.88,151.52
Equipment_2609,Separator,391.24,10.78,191.21
Equipment_2610,Pump,407.13,15.04,331.26
Equipment_2611,Condenser,327.41,6.67,272.95
Equipment_2612,Separator,493.67,9.51,158.02
Equipment_2613,Pump,337.98,7.17,128.89
Equipment_2614,Reactor,437.11,3.08,385.2
Equipment_2615,Compressor,475.6,8.92,80.72
Equipment_2616,Separator,468.44,15.52,51.52
Equipment_2617,Separator,221.64,8.5,285.53
Equipment_2618,Condenser,85.4,13.35,265.07
Equipment_2619,Valve,127.34,15.41,308.16
Equipment_2620,Reactor,76.65,7.13,306.07
Equipment_2621,Condenser,97.43,16.15,352.14
Equipment_2622,Pump,133.09,7.44,372.74
Equipment_2623,Pump,203.49,5.87,321.26
Equipment_2624,Pump,294.59,5.23,131.3
Equipment_2625,Pump,370.26,4.8,212.22
Equipment_2626,Valve,144.92,15.01,274.6
Equipment_2627,Reactor,352.64,17.86,238.78
Equipment_2628,HeatExchanger,366.92,5.38,105.61
Equipment_2629,Compressor,301.38,2.62,256.25
Equipment_2630,Valve,456.63,6.96,360.29
Equipment_2631,Valve,99.95,13.5,196.48
Equipment_2632,HeatExchanger,129.7,8.0,284.13
Equipment_2633,HeatExchanger,242.9,11.43,265.58
Equipment_2634,Compressor,107.02,15.14,181.97
Equipment_2635,Compressor,304.83,8.76,247.84
Equipment_2636,HeatExchanger,229.28,19.99,123.57
Equipment_2637,Pump,178.07,6.66,241.14
Equipment_2638,Valve,126.5,19.59,329.59
Equipment_2639,Condenser,200.9,4.86,315.63
Equipment_2640,Compressor,323.58,3.11,175.28
Equipment_2641,Compressor,309.1,15.27,89.23
Equipment_2642,HeatExchanger,123.63,14.34,329.98
Equipment_2643,Reactor,106.21,16.41,142.76
Equipment_2644,Condenser,62.0,7.53,68.57
Equipment_2645,Condenser,55.59,18.69,205.82
Equipment_2646,Compressor,445.91,3.27,308.81
Equipment_2647,Pump,70.29,1.58,332.97
Equipment_2648,Reactor,379.05,6.71,393.77
Equipment_2649,Condenser,442.39,16.15,116.29
Equipment_2650,Compressor,94.13,13.79,152.83
Equipment_2651,Condenser,246.34,9.29,263.32
Equipment_2652,Separator,483.04,5.87,333.97
Equipment_2653,Reactor,425.36,2.13,131.93
Equipment_2654,Reactor,270.37,7.41,193.47
Equipment_2655,Separator,393.16,9.74,192.94
Equipment_2656,Valve,425.02,14.05,320.53
Equipment_2657,Separator,206.61,13.27,134.33
Equipment_2658,HeatExchanger,451.47,19.0,389.07
Equipment_2659,HeatExchanger,261.71,2.91,228.66
Equipment_2660,Compressor,287.51,7.39,148.72
Equipment_2661,Reactor,499.87,10.15,149.5
Equipment_2662,Valve,429.49,13.74,56.4
Equipment_2663,Valve,212.8,10.41,292.35
Equipment_2664,Condenser,54.66,18.34,321.58
Equipment_2665,Condenser,331.78,12.56,61.35
Equipment_2666,Separator,366.76,1.75,255.08
Equipment_2667,Valve,342.86,3.16,323.59
Equipment_2668,Separator,485.54,15.32,181.68
Equipment_2669,Separator,438.34,14.6,201.46
Equipment_2670,Condenser,251.97,3.92,176.57
Equipment_2671,Reactor,78.29,2.12,160.48
Equipment_2672,Separator,264.23,12.0,221.9
Equipment_2673,Pump,360.16,13.08,108.14
Equipment_2674,Reactor,323.47,3.57,204.24
Equipment_2675,Valve,292.16,10.0,379.64
Equipment_2676,Valve,260.97,6.81,59.59
Equipment_2677,Separator,182.19,18.69,107.66
Equipment_2678,Reactor,174.81,5.16,322.2
Equipment_2679,Condenser,275.1,14.93,96.22
Equipment_2680,Condenser,122.27,10.84,144.95
Equipment_2681,HeatExchanger,203.31,1.22,209.19
Equipment_2682,Valve,195.79,10.82,380.11
Equipment_2683,Compressor,314.21,2.89,114.23
Equipment_2684,HeatExchanger,80.01,13.52,373.08
Equipment_2685,Condenser,423.35,11.74,301.48
Equipment_2686,Reactor,303.07,1.2,284.9
Equipment_2687,Condenser,351.87,4.89,303.24
Equipment_2688,Reactor,366.39,15.75,60.94
Equipment_2689,HeatExchanger,181.17,6.24,84.62
Equipment_2690,Valve,261.67,10.49,167.19
Equipment_2691,Condenser,480.31,6.93,75.89
Equipment_2692,Separator,395.02,18.51,395.66
Equipment_2693,Reactor,486.3,11.19,253.14
Equipment_2694,Valve,385.81,14.23,220.57
Equipment_2695,Compressor,129.02,2.59,324.93
Equipment_2696,Reactor,79.04,1.77,391.94
Equipment_2697,HeatExchanger,309.95,5.93,384.3
Equipment_2698,Compressor,211.02,6.87,327.57
Equipment_2699,Compressor,173.96,14.07,182.01
Equipment_2700,Pump,413.24,11.81,73.09
Equipment_2701,Condenser,215.15,8.12,84.43
Equipment_2702,Reactor,192.65,13.43,50.4
Equipment_2703,Compressor,432.49,4.11,50.67
Equipment_2704,Pump,430.83,2.21,377.75
Equipment_2705,HeatExchanger,210.36,17.24,374.46
Equipment_2706,Valve,424.62,11.71,283.64
Equipment_2707,Separator,432.85,13.33,304.34
Equipment_2708,Separator,240.77,6.84,229.62
Equipment_2709,Reactor,79.91,8.07,133.24
Equipment_2710,Compressor,50.71,2.56,370.03
Equipment_2711,Separator,285.48,17.28,147.19
Equipment_2712,Condenser,204.83,12.26,308.88
Equipment_2713,Separator,498.71,2.59,135.9
Equipment_2714,Separator,397.58,16.29,354.55
Equipment_2715,Separator,392.57,9.44,277.93
Equipment_2716,Pump,479.86,15.54,274.94
Equipment_2717,Compressor,449.48,1.24,84.08
Equipment_2718,Condenser,193.18,1.55,196.81
Equipment_2719,Compressor,124.69,4.24,233.72
Equipment_2720,Reactor,385.65,5.01,152.91
Equipment_2721,Reactor,220.22,15.52,358.34
Equipment_2722,Reactor,262.93,14.43,343.18
Equipment_2723,HeatExchanger,333.68,12.71,222.77
Equipment_2724,Separator,458.54,17.81,169.01
Equipment_2725,HeatExchanger,238.59,5.7,330.54
Equipment_2726,Pump,402.49,18.18,118.91
Equipment_2727,Reactor,170.75,18.28,75.03
Equipment_2728,Condenser,364.09,9.25,66.0
Equipment_2729,Compressor,50.71,2.79,63.54
Equipment_2730,Separator,442.18,14.8,221.11
Equipment_2731,Valve,63.67,7.4,139.36
Equipment_2732,Condenser,370.74,16.1,291.63
Equipment_2733,Separator,70.82,4.11,278.86
Equipment_2734,HeatExchanger,169.81,11.25,239.71
Equipment_2735,HeatExchanger,273.74,10.65,173.5
Equipment_2736,Condenser,238.97,2.91,347.66
Equipment_2737,HeatExchanger,136.33,7.9,298.4
Equipment_2738,Reactor,200.22,2.61,145.03
Equipment_2739,Pump,377.47,9.83,225.59
Equipment_2740,Compressor,351.17,17.02,104.69
Equipment_2741,Pump,82.32,6.13,165.07
Equipment_2742,Separator,386.29,15.53,399.0
Equipment_2743,Compressor,73.87,4.49,128.35
Equipment_2744,Compressor,294.32,13.8,294.41
Equipment_2745,Pump,167.03,18.4,133.45
Equipment_2746,Condenser,314.46,7.15,378.35
Equipment_2747,Compressor,167.6,18.11,158.55
Equipment_2748,Pump,493.23,10.6,171.34
Equipment_2749,Compressor,189.38,7.02,257.85
Equipment_2750,Valve,158.88,18.03,255.84
Equipment_2751,Condenser,175.31,1.61,252.68
Equipment_2752,Reactor,453.41,1.53,250.64
Equipment_2753,Compressor,336.3,12.4,159.27
Equipment_2754,Valve,378.81,16.14,202.04
Equipment_2755,Reactor,463.1,15.28,257.7
Equipment_2756,Reactor,460.34,2.51,284.94
Equipment_2757,Separator,382.53,19.05,138.6
Equipment_2758,Compressor,139.02,14.36,295.52
Equipment_2759,Pump,429.52,19.03,373.15
Equipment_2760,Compressor,141.7,7.25,315.27
Equipment_2761,Valve,384.3,14.18,79.48
Equipment_2762,Reactor,358.52,17.34,214.19
Equipment_2763,Compressor,391.5,8.23,202.34
Equipment_2764,Pump,289.71,19.33,167.78
Equipment_2765,Separator,337.43,6.03,221.96
Equipment_2766,Compressor,478.99,7.0,203.87
Equipment_2767,Condenser,95.49,18.49,52.16
Equipment_2768,Separator,188.98,19.42,132.79
Equipment_2769,Pump,325.11,6.42,124.82
Equipment_2770,Valve,483.82,3.59,172.24
Equipment_2771,Reactor,93.01,15.42,111.06
Equipment_2772,Compressor,60.15,18.66,73.73
Equipment_2773,Pump,75.09,12.41,118.81
Equipment_2774,Separator,73.58,13.06,348.97
Equipment_2775,Condenser,458.52,15.5,328.96
Equipment_2776,Pump,374.57,3.91,204.73
Equipment_2777,HeatExchanger,354.7,19.5,357.24
Equipment_2778,Condenser,285.16,7.92,131.43
Equipment_2779,Separator,401.88,12.94,254.47
Equipment_2780,Valve,120.04,9.9,100.02
Equipment_2781,Reactor,226.37,9.9,341.69
Equipment_2782,Separator,270.5,14.35,95.7
Equipment_2783,Valve,99.68,19.9,61.15
Equipment_2784,Compressor,238.78,13.52,145.71
Equipment_2785,Pump,192.43,16.09,365.33
Equipment_2786,HeatExchanger,66.01,1.52,95.31
Equipment_2787,Condenser,111.53,16.4,165.73
Equipment_2788,Condenser,393.82,6.7,160.75
Equipment_2789,Pump,58.12,3.41,330.58
Equipment_2790,HeatExchanger,470.41,3.15,197.53
Equipment_2791,Pump,88.89,13.92,264.05
Equipment_2792,Compressor,409.66,19.95,191.53
Equipment_2793,Valve,454.38,13.66,243.01
Equipment_2794,Separator,473.51,5.98,71.85
Equipment_2795,Condenser,440.36,4.86,180.91
Equipment_2796,Compressor,179.4,10.99,349.29
Equipment_2797,Valve,199.89,2.24,291.87
Equipment_2798,Compressor,241.95,8.59,393.64
Equipment_2799,HeatExchanger,112.68,13.66,325.77
Equipment_2800,Condenser,60.02,19.39,208.03
Equipment_2801,Separator,441.1,9.09,286.7
Equipment_2802,Pump,299.36,4.8,321.57
Equipment_2803,Pump,323.93,16.53,144.39
Equipment_2804,Valve,467.14,15.14,71.01
Equipment_2805,Separator,349.3,17.33,192.05
Equipment_2806,Reactor,360.88,5.08,100.64
Equipment_2807,HeatExchanger,404.14,8.69,147.03
Equipment_2808,Valve,102.36,19.65,381.4
Equipment_2809,Reactor,212.07,4.0,346.48
Equipment_2810,Compressor,485.69,13.76,257.36
Equipment_2811,HeatExchanger,465.32,5.51,190.44
Equipment_2812,Compressor,447.83,10.5,142.52
Equipment_2813,Separator,253.44,16.21,250.01
Equipment_2814,Condenser,435.74,10.28,236.61
Equipment_2815,HeatExchanger,71.78,16.3,323.27
Equipment_2816,Reactor,116.83,9.1,374.81
Equipment_2817,Condenser,236.29,19.99,165.13
Equipment_2818,Pump,267.53,9.28,122.2
Equipment_2819,Reactor,168.58,3.84,190.98
Equipment_2820,Valve,210.41,8.64,203.14
Equipment_2821,Pump,123.25,15.11,63.95
Equipment_2822,Pump,270.11,17.11,351.59
Equipment_2823,Valve,407.23,9.74,398.46
Equipment_2824,HeatExchanger,347.61,12.3,373.12
Equipment_2825,Pump,98.51,17.05,351.23
Equipment_2826,Separator,269.41,16.46,397.41
Equipment_2827,Reactor,363.94,13.5,367.73
Equipment_2828,Condenser,288.45,16.49,290.93
Equipment_2829,Pump,226.25,11.94,108.36
Equipment_2830,Reactor,329.86,1.09,104.72
Equipment_2831,Compressor,485.89,1.78,67.07
Equipment_2832,Reactor,92.71,19.62,194.14
Equipment_2833,Condenser,225.51,3.75,333.09
Equipment_2834,Reactor,232.97,8.69,221.6
Equipment_2835,Valve,309.64,18.74,178.21
Equipment_2836,Condenser,118.48,4.71,88.23
Equipment_2837,HeatExchanger,129.49,17.03,68.11
Equipment_2838,Compressor,178.41,16.55,189.71
Equipment_2839,Valve,480.14,19.74,84.97
Equipment_2840,HeatExchanger,380.35,6.35,86.24
Equipment_2841,Reactor,347.76,6.99,188.37
Equipment_2842,Condenser,417.63,18.15,226.0
Equipment_2843,Compressor,107.41,5.45,115.34
Equipment_2844,Valve,436.7,11.41,289.62
Equipment_2845,HeatExchanger,317.67,14.44,196.54
Equipment_2846,HeatExchanger,200.9,6.17,82.17
Equipment_2847,Compressor,417.13,18.83,272.96
Equipment_2848,Separator,411.15,13.65,174.93
Equipment_2849,Reactor,430.57,1.9,68.31
Equipment_2850,Compressor,101.98,3.58,381.79
Equipment_2851,HeatExchanger,486.21,4.62,249.92
Equipment_2852,Pump,481.83,5.65,217.2
Equipment_2853,Valve,210.86,14.88,350.7
Equipment_2854,Compressor,79.65,2.69,377.86
Equipment_2855,Separator,125.18,7.66,127.11
Equipment_2856,HeatExchanger,496.77,18.32,333.55
Equipment_2857,Reactor,303.36,11.58,340.88
Equipment_2858,HeatExchanger,210.48,6.04,69.04
Equipment_2859,Reactor,179.69,19.18,299.18
Equipment_2860,Compressor,165.65,5.64,72.04
Equipment_2861,Reactor,348.87,18.2,258.14
Equipment_2862,Condenser,238.72,14.79,284.23
Equipment_2863,Condenser,484.43,15.07,178.47
Equipment_2864,Condenser,357.73,15.53,358.28
Equipment_2865,Separator,406.42,10.62,330.18
Equipment_2866,Separator,181.73,16.48,374.09
Equipment_2867,Pump,85.63,16.89,160.21
Equipment_2868,Separator,269.52,7.85,57.53
Equipment_2869,Compressor,191.56,8.61,334.01
Equipment_2870,HeatExchanger,140.94,17.89,128.04
Equipment_2871,HeatExchanger,478.69,10.97,213.5
Equipment_2872,Pump,249.79,17.47,336.06
Equipment_2873,Separator,128.62,12.91,125.65
Equipment_2874,Reactor,139.39,12.28,159.17
Equipment_2875,Pump,176.32,1.59,203.68
Equipment_2876,Reactor,499.69,6.28,145.14
Equipment_2877,Reactor,170.61,10.54,211.46
Equipment_2878,Valve,197.96,12.16,53.36
Equipment_2879,HeatExchanger,346.7,12.98,124.27
Equipment_2880,Condenser,182.28,14.61,341.39
Equipment_2881,Separator,147.11,13.47,194.72
Equipment_2882,Reactor,121.39,17.12,272.74
Equipment_2883,Valve,190.71,6.61,131.3
Equipment_2884,HeatExchanger,97.66,13.19,277.46
Equipment_2885,Condenser,58.39,1.97,399.99
Equipment_2886,Reactor,412.09,10.12,258.35
Equipment_2887,Reactor,112.05,6.09,269.93
Equipment_2888,Pump,399.19,8.24,89.03
Equipment_2889,Pump,408.89,7.74,191.18
Equipment_2890,HeatExchanger,292.06,2.15,351.25
Equipment_2891,Condenser,189.36,9.87,342.0
Equipment_2892,Reactor,115.26,19.9,232.84
Equipment_2893,HeatExchanger,381.56,6.68,366.21
Equipment_2894,HeatExchanger,320.62,14.99,100.03
Equipment_2895,Compressor,344.95,11.41,280.37
Equipment_2896,Separator,53.9,7.18,137.11
Equipment_2897,Pump,467.38,2.7,275.95
Equipment_2898,Condenser,79.83,5.1,80.59
Equipment_2899,Reactor,215.06,15.86,380.26
Equipment_2900,HeatExchanger,231.22,6.3,325.22
Equipment_2901,Reactor,50.61,3.74,120.34
Equipment_2902,Compressor,273.69,7.29,273.05
Equipment_2903,Condenser,388.76,12.1,315.7
Equipment_2904,HeatExchanger,420.47,14.37,123.31
Equipment_2905,Reactor,445.73,8.36,82.67
Equipment_2906,Pump,269.47,10.46,173.12
Equipment_2907,Separator,333.79,9.64,97.51
Equipment_2908,Compressor,85.78,1.17,248.0
Equipment_2909,Condenser,269.62,8.52,198.44
Equipment_2910,Compressor,119.67,12.16,211.85
Equipment_2911,Pump,216.34,11.83,240.0
Equipment_2912,Condenser,198.19,15.25,393.72
Equipment_2913,Compressor,240.59,13.74,327.42
Equipment_2914,Valve,307.24,6.26,270.32
Equipment_2915,Pump,456.29,5.86,177.3
Equipment_2916,Pump,227.52,9.82,59.47
Equipment_2917,Pump,491.51,14.93,90.78
Equipment_2918,Valve,391.56,2.78,305.8
Equipment_2919,Valve,280.17,19.02,179.22
Equipment_2920,Reactor,339.81,11.32,167.05
Equipment_2921,HeatExchanger,96.0,6.82,361.14
Equipment_2922,Separator,430.03,14.17,219.58
Equipment_2923,Compressor,312.06,1.85,364.85
Equipment_2924,Reactor,493.73,10.2,360.32
Equipment_2925,Compressor,336.39,10.23,78.06
Equipment_2926,Separator,425.35,4.08,380.88
Equipment_2927,HeatExchanger,409.89,16.91,76.93
Equipment_2928,Valve,205.46,16.14,387.23
Equipment_2929,HeatExchanger,166.82,3.9,208.42
Equipment_2930,Valve,243.72,7.91,316.3
Equipment_2931,Separator,260.26,2.91,297.15
Equipment_2932,HeatExchanger,158.04,17.12,231.47
Equipment_2933,Reactor,452.57,7.14,266.81
Equipment_2934,Condenser,294.15,9.35,382.47
Equipment_2935,Reactor,490.3,7.15,374.57
Equipment_2936,Compressor,414.51,6.89,279.01
Equipment_2937,Reactor,300.07,15.2,280.2
Equipment_2938,Separator,476.17,15.2,136.43
Equipment_2939,Pump,277.19,10.84,340.02
Equipment_2940,Compressor,449.2,13.49,271.41
Equipment_2941,HeatExchanger,211.17,10.72,339.19
Equipment_2942,Compressor,220.39,1.54,280.25
Equipment_2943,Condenser,238.16,2.25,154.76
Equipment_2944,Valve,295.98,8.29,116.32
Equipment_2945,HeatExchanger,299.07,15.25,76.94
Equipment_2946,Compressor,273.38,18.35,255.1
Equipment_2947,HeatExchanger,187.7,1.56,149.42
Equipment_2948,HeatExchanger,467.24,7.99,270.68
Equipment_2949,HeatExchanger,314.86,5.25,70.53
Equipment_2950,Valve,233.48,16.49,181.48
Equipment_2951,Separator,343.03,17.07,141.19
Equipment_2952,Reactor,395.59,4.92,179.62
Equipment_2953,HeatExchanger,482.33,14.51,69.0
Equipment_2954,Pump,274.8,14.9,303.46
Equipment_2955,Separator,100.44,4.36,90.84
Equipment_2956,Condenser,248.34,9.24,55.04
Equipment_2957,Valve,265.54,12.79,381.2
Equipment_2958,Compressor,453.65,1.5,117.51
Equipment_2959,Valve,227.66,8.69,339.82
Equipment_2960,Compressor,479.0,3.94,387.56
Equipment_2961,Valve,268.31,11.3,236.94
Equipment_2962,Compressor,488.2,17.02,234.14
Equipment_2963,HeatExchanger,53.69,10.97,178.6
Equipment_2964,Reactor,454.47,1.68,198.96
Equipment_2965,Compressor,469.0,1.56,218.73
Equipment_2966,Compressor,482.46,12.5,103.23
Equipment_2967,Pump,55.88,7.23,177.66
Equipment_2968,Compressor,127.27,11.88,335.64
Equipment_2969,Pump,344.19,4.11,113.84
Equipment_2970,Condenser,61.46,15.76,305.45
Equipment_2971,HeatExchanger,78.62,17.35,278.06
Equipment_2972,Pump,149.49,17.9,70.05
Equipment_2973,Reactor,280.6,6.78,57.85
Equipment_2974,Separator,295.66,13.55,173.38
Equipment_2975,HeatExchanger,65.42,6.3,292.26
Equipment_2976,Pump,126.67,15.49,165.65
Equipment_2977,HeatExchanger,274.87,3.29,283.71
Equipment_2978,HeatExchanger,317.27,15.49,282.91
Equipment_2979,HeatExchanger,116.78,9.35,332.29
Equipment_2980,Condenser,229.48,17.26,84.82
Equipment_2981,Reactor,456.98,15.04,252.0
Equipment_2982,Valve,499.5,8.15,71.87
Equipment_2983,Valve,494.25,18.17,111.58
Equipment_2984,Pump,446.75,6.38,163.93
Equipment_2985,HeatExchanger,227.6,19.37,297.59
Equipment_2986,Pump,358.96,15.58,390.86
Equipment_2987,Condenser,237.47,19.82,169.88
Equipment_2988,Condenser,341.84,2.02,232.4
Equipment_2989,Compressor,189.24,6.21,140.67
Equipment_2990,Condenser,322.79,15.08,286.42
Equipment_2991,Compressor,285.69,18.52,178.31
Equipment_2992,Reactor,61.02,1.55,218.56
Equipment_2993,Pump,405.82,1.0,248.73
Equipment_2994,Separator,55.35,5.87,290.18
Equipment_2995,Reactor,181.92,17.2,71.02
Equipment_2996,Condenser,52.67,15.58,244.22
Equipment_2997,Reactor,219.29,7.47,200.91
Equipment_2998,Reactor,78.42,1.04,96.82
Equipment_2999,Reactor,461.08,11.54,122.81
Equipment_3000,Condenser,237.06,5.52,359.36
Equipment_3001,Separator,256.77,15.17,355.12
Equipment_3002,HeatExchanger,207.43,9.48,61.67
Equipment_3003,Reactor,332.38,13.89,291.29
Equipment_3004,Compressor,402.98,17.19,243.97
Equipment_3005,Condenser,341.67,11.18,378.94
Equipment_3006,Reactor,386.69,7.38,367.8
Equipment_3007,Separator,457.69,15.62,252.85
Equipment_3008,HeatExchanger,438.6,6.04,98.63
Equipment_3009,Condenser,353.33,17.94,210.94
Equipment_3010,Valve,146.59,2.36,303.81
Equipment_3011,HeatExchanger,336.97,16.87,383.11
Equipment_3012,Compressor,277.74,2.74,177.34
Equipment_3013,Reactor,372.75,2.07,324.64
Equipment_3014,Separator,424.82,7.9,289.17
Equipment_3015,Valve,384.22,19.17,77.4
Equipment_3016,Separator,430.95,19.69,245.29
Equipment_3017,Valve,78.74,4.84,114.23
Equipment_3018,Condenser,64.23,3.82,289.24
Equipment_3019,Valve,166.33,7.71,263.53
Equipment_3020,Compressor,455.3,7.4,390.57
Equipment_3021,Compressor,420.65,15.43,377.38
Equipment_3022,Pump,357.23,9.44,53.28
Equipment_3023,Compressor,365.34,15.82,78.01
Equipment_3024,HeatExchanger,377.0,15.23,319.2
Equipment_3025,Valve,474.17,11.99,289.98
Equipment_3026,Compressor,424.49,16.84,330.33
Equipment_3027,Condenser,330.53,4.72,143.39
Equipment_3028,Separator,349.57,4.07,347.26
Equipment_3029,Separator,146.18,15.26,204.85
Equipment_3030,Pump,345.79,5.65,141.67
Equipment_3031,Separator,241.11,1.05,53.71
Equipment_3032,Valve,118.83,18.33,354.98
Equipment_3033,Pump,412.88,12.84,237.37
Equipment_3034,Valve,279.61,9.45,391.38
Equipment_3035,Condenser,489.84,14.79,300.14
Equipment_3036,Pump,176.76,7.33,78.15
Equipment_3037,Reactor,266.3,19.12,255.87
Equipment_3038,HeatExchanger,251.6,2.3,55.99
Equipment_3039,HeatExchanger,104.35,13.18,245.22
Equipment_3040,Valve,241.75,15.77,172.57
Equipment_3041,Separator,179.4,9.91,275.15
Equipment_3042,Reactor,122.14,15.34,239.55
Equipment_3043,Pump,176.97,18.61,141.47
Equipment_3044,Reactor,154.96,15.14,106.82
Equipment_3045,Reactor,380.33,6.88,191.65
Equipment_3046,Separator,63.85,11.68,395.39
Equipment_3047,Pump,327.86,18.32,202.49
Equipment_3048,Condenser,392.3,9.53,312.08
Equipment_3049,Separator,266.33,13.95,69.94
Equipment_3050,Reactor,469.2,9.84,182.6
Equipment_3051,Reactor,368.55,3.31,253.11
Equipment_3052,Condenser,386.57,2.11,312.92
Equipment_3053,Reactor,138.62,19.09,234.93
Equipment_3054,Reactor,399.78,12.64,230.35
Equipment_3055,Reactor,424.44,2.97,317.37
Equipment_3056,HeatExchanger,212.57,17.29,159.65
Equipment_3057,Separator,146.01,10.93,81.71
Equipment_3058,Compressor,223.27,15.67,171.5
Equipment_3059,Separator,382.82,3.41,105.65
Equipment_3060,Condenser,237.94,18.23,388.08
Equipment_3061,Reactor,381.49,12.22,252.13
Equipment_3062,Separator,101.1,15.03,206.31
Equipment_3063,HeatExchanger,412.71,1.6,369.22
Equipment_3064,Condenser,163.94,6.99,365.13
Equipment_3065,Valve,162.02,6.08,195.49
Equipment_3066,Separator,315.67,19.04,356.15
Equipment_3067,Valve,81.55,4.52,72.41
Equipment_3068,Reactor,61.83,14.43,360.0
Equipment_3069,HeatExchanger,167.46,1.81,158.7
Equipment_3070,HeatExchanger,292.13,4.76,247.79
Equipment_3071,Separator,458.43,7.43,144.39
Equipment_3072,Condenser,430.9,16.1,394.68
Equipment_3073,Condenser,270.7,16.01,75.12
Equipment_3074,HeatExchanger,66.67,19.1,206.43
Equipment_3075,Condenser,290.86,18.42,267.35
Equipment_3076,HeatExchanger,367.16,2.55,265.46
Equipment_3077,Separator,202.62,16.77,308.57
Equipment_3078,Compressor,99.98,9.57,303.55
Equipment_3079,HeatExchanger,175.36,17.45,327.6
Equipment_3080,Valve,397.21,2.7,132.0
Equipment_3081,Condenser,208.06,16.63,179.68
Equipment_3082,HeatExchanger,415.39,4.03,183.71
Equipment_3083,HeatExchanger,193.78,7.34,384.54
Equipment_3084,Separator,123.6,1.55,193.26
Equipment_3085,Condenser,246.13,3.35,127.65
Equipment_3086,Compressor,253.52,9.47,271.32
Equipment_3087,Separator,57.25,16.55,199.54
Equipment_3088,Compressor,102.67,15.7,137.53
Equipment_3089,Separator,133.22,5.47,300.3
Equipment_3090,Condenser,101.11,3.88,117.17
Equipment_3091,Pump,203.69,8.4,271.67
Equipment_3092,Condenser,484.08,17.78,200.69
Equipment_3093,Condenser,279.15,2.74,161.71
Equipment_3094,Compressor,332.4,11.32,381.09
Equipment_3095,Compressor,210.37,2.69,163.54
Equipment_3096,Condenser,195.57,9.93,171.63
Equipment_3097,Condenser,60.42,3.41,354.72
Equipment_3098,Condenser,275.15,2.53,95.17
Equipment_3099,Compressor,267.62,4.63,87.82
Equipment_3100,Condenser,121.02,5.85,148.95
Equipment_3101,Condenser,393.95,6.25,257.07
Equipment_3102,Reactor,271.7,13.26,184.51
Equipment_3103,Pump,202.55,2.04,262.99
Equipment_3104,Valve,116.11,2.54,105.91
Equipment_3105,Pump,298.47,4.59,141.51
Equipment_3106,Reactor,388.77,17.57,247.81
Equipment_3107,Valve,176.9,12.94,126.0
Equipment_3108,Separator,148.46,14.88,197.98
Equipment_3109,Condenser,284.87,8.04,250.43
Equipment_3110,Reactor,119.9,5.05,390.78
Equipment_3111,Separator,349.98,1.72,77.96
Equipment_3112,Condenser,322.4,10.28,211.14
Equipment_3113,Compressor,89.19,11.91,188.69
Equipment_3114,HeatExchanger,66.43,18.04,338.48
Equipment_3115,Reactor,329.13,17.76,365.1
Equipment_3116,Compressor,182.43,9.07,367.45
Equipment_3117,Reactor,88.9,9.05,181.3
Equipment_3118,Reactor,391.74,4.06,156.63
Equipment_3119,Compressor,191.32,5.89,207.2
Equipment_3120,Valve,256.82,18.59,170.4
Equipment_3121,Pump,156.57,3.68,301.6
Equipment_3122,Condenser,332.29,19.41,124.75
Equipment_3123,Reactor,185.67,10.59,280.54
Equipment_3124,Condenser,485.61,9.68,374.45
Equipment_3125,HeatExchanger,366.33,4.32,147.97
Equipment_3126,Compressor,111.53,13.57,286.91
Equipment_3127,Condenser,237.51,9.74,100.25
Equipment_3128,Compressor,223.44,8.04,92.48
Equipment_3129,Condenser,290.41,6.03,90.48
Equipment_3130,Pump,428.87,2.26,98.48
Equipment_3131,Pump,312.54,10.87,125.66
Equipment_3132,Pump,77.7,6.95,246.99
Equipment_3133,Pump,344.94,14.45,318.44
Equipment_3134,Pump,53.72,14.75,94.4
Equipment_3135,Pump,400.98,7.31,354.51
Equipment_3136,Compressor,349.99,13.71,344.95
Equipment_3137,Reactor,188.95,5.91,304.59
Equipment_3138,Condenser,181.6,14.82,199.09
Equipment_3139,Pump,409.22,1.31,50.55
Equipment_3140,Compressor,402.5,3.88,307.17
Equipment_3141,Compressor,208.54,5.66,357.65
Equipment_3142,Compressor,184.53,15.69,167.35
Equipment_3143,Reactor,301.92,2.26,301.3
Equipment_3144,Condenser,53.76,4.57,71.72
Equipment_3145,Reactor,87.2,7.81,298.32
Equipment_3146,Valve,106.78,1.17,73.91
Equipment_3147,Separator,133.44,15.48,255.52
Equipment_3148,Compressor,280.41,11.64,259.14
Equipment_3149,Valve,496.51,18.11,155.75
Equipment_3150,HeatExchanger,343.68,1.59,77.69
Equipment_3151,Pump,77.58,6.16,382.27
Equipment_3152,Separator,286.51,14.89,237.45
Equipment_3153,Pump,273.49,13.83,252.92
Equipment_3154,Reactor,114.88,5.62,265.26
Equipment_3155,Separator,464.12,12.32,361.87
Equipment_3156,Condenser,248.34,16.08,71.09
Equipment_3157,Valve,497.55,1.63,362.65
Equipment_3158,Condenser,239.03,14.63,133.89
Equipment_3159,Reactor,323.58,5.79,77.28
Equipment_3160,Pump,97.14,19.01,280.04
Equipment_3161,Separator,254.4,11.23,391.94
Equipment_3162,Condenser,157.44,1.63,70.03
Equipment_3163,Condenser,426.0,8.67,199.14
Equipment_3164,Pump,402.76,19.36,235.42
Equipment_3165,Separator,420.88,14.88,138.24
Equipment_3166,Valve,375.62,6.71,394.01
Equipment_3167,Pump,424.71,11.93,274.34
Equipment_3168,Condenser,140.37,12.38,345.52
Equipment_3169,Valve,253.42,1.44,195.52
Equipment_3170,Valve,361.33,4.4,173.88
Equipment_3171,Pump,336.83,11.48,243.61
Equipment_3172,Condenser,372.36,8.65,202.35
Equipment_3173,Reactor,150.92,4.61,300.23
Equipment_3174,Condenser,94.3,15.68,143.04
Equipment_3175,Compressor,462.56,10.29,207.36
Equipment_3176,Separator,302.08,6.89,363.3
Equipment_3177,HeatExchanger,119.22,4.07,314.64
Equipment_3178,Reactor,407.05,12.61,108.82
Equipment_3179,Valve,461.72,13.66,360.4
Equipment_3180,Reactor,126.3,13.72,256.16
Equipment_3181,Separator,417.84,5.19,287.75
Equipment_3182,Valve,469.95,12.31,152.99
Equipment_3183,Separator,472.26,18.2,204.54
Equipment_3184,Valve,461.37,7.71,332.38
Equipment_3185,Reactor,295.89,5.0,165.74
Equipment_3186,Valve,210.3,15.67,107.77
Equipment_3187,Valve,53.27,4.36,182.41
Equipment_3188,Compressor,77.41,5.82,74.23
Equipment_3189,Condenser,242.98,2.91,301.25
Equipment_3190,Condenser,229.7,6.09,101.71
Equipment_3191,HeatExchanger,133.12,8.8,149.79
Equipment_3192,HeatExchanger,227.97,2.22,358.38
Equipment_3193,Compressor,128.59,17.56,239.17
Equipment_3194,HeatExchanger,431.96,10.76,162.47
Equipment_3195,Separator,184.19,12.17,241.68
Equipment_3196,Reactor,319.35,8.05,126.4
Equipment_3197,Pump,276.28,13.73,58.81
Equipment_3198,Separator,73.35,9.2,261.31
Equipment_3199,Pump,474.01,15.46,299.94
Equipment_3200,Pump,287.25,16.61,357.92
Equipment_3201,Compressor,196.28,13.77,320.16
Equipment_3202,Separator,121.16,10.34,374.34
Equipment_3203,Compressor,202.34,15.86,395.08
Equipment_3204,Valve,59.23,10.39,310.73
Equipment_3205,Pump,213.6,3.12,353.77
Equipment_3206,Reactor,289.17,3.21,285.81
Equipment_3207,HeatExchanger,442.34,19.02,109.83
Equipment_3208,Reactor,359.32,5.06,113.6
Equipment_3209,HeatExchanger,100.21,16.5,88.59
Equipment_3210,Pump,116.49,5.69,380.04
Equipment_3211,Pump,242.66,9.18,285.46
Equipment_3212,Pump,138.07,13.44,326.47
Equipment_3213,Compressor,62.53,4.02,165.91
Equipment_3214,Separator,412.26,15.01,211.15
Equipment_3215,HeatExchanger,58.79,14.11,63.92
Equipment_3216,Separator,423.81,11.32,361.15
Equipment_3217,Compressor,114.85,11.75,348.55
Equipment_3218,Compressor,488.61,3.01,324.68
Equipment_3219,Condenser,321.74,9.28,70.41
Equipment_3220,Reactor,380.74,2.64,110.99
Equipment_3221,Reactor,99.72,6.85,166.96
Equipment_3222,Valve,437.95,18.11,142.07
Equipment_3223,Compressor,427.64,11.92,343.46
Equipment_3224,HeatExchanger,343.85,15.11,118.19
Equipment_3225,Condenser,276.02,11.9,236.24
Equipment_3226,Condenser,374.67,4.69,249.98
Equipment_3227,Separator,52.67,12.3,198.75
Equipment_3228,Reactor,316.6,15.35,134.24
Equipment_3229,Compressor,431.33,3.63,386.1
Equipment_3230,Valve,210.6,16.52,194.69
Equipment_3231,Compressor,98.73,11.55,304.56
Equipment_3232,Separator,239.39,1.08,114.42
Equipment_3233,Pump,377.2,10.88,337.98
Equipment_3234,Compressor,98.29,8.52,125.56
Equipment_3235,Separator,142.72,6.63,286.36
Equipment_3236,Pump,116.4,15.65,227.27
Equipment_3237,Pump,408.63,18.09,101.29
Equipment_3238,Valve,78.3,15.49,58.73
Equipment_3239,HeatExchanger,358.96,17.09,375.76
Equipment_3240,Reactor,214.91,18.27,93.99
Equipment_3241,Compressor,390.11,18.34,296.73
Equipment_3242,Pump,483.97,3.18,278.44
Equipment_3243,Compressor,101.55,9.67,169.6
Equipment_3244,HeatExchanger,191.47,1.01,114.88
Equipment_3245,Reactor,414.56,10.62,112.41
Equipment_3246,HeatExchanger,169.77,18.56,254.86
Equipment_3247,Reactor,146.8,4.78,241.42
Equipment_3248,Condenser,421.42,13.16,356.58
Equipment_3249,Reactor,494.19,13.24,274.0
Equipment_3250,Valve,300.6,4.05,336.75
Equipment_3251,HeatExchanger,175.12,5.53,61.34
Equipment_3252,Pump,229.35,9.78,284.85
Equipment_3253,Condenser,126.56,4.58,131.8
Equipment_3254,Valve,392.85,12.11,138.49
Equipment_3255,Compressor,398.06,10.21,302.2
Equipment_3256,HeatExchanger,443.8,10.86,327.7
Equipment_3257,Separator,61.97,3.55,180.11
Equipment_3258,Separator,302.89,10.83,326.53
Equipment_3259,Pump,146.41,1.94,205.31
Equipment_3260,Reactor,203.4,17.75,350.18
Equipment_3261,Pump,403.23,7.52,58.72
Equipment_3262,Separator,136.42,17.27,79.22
Equipment_3263,Compressor,337.25,14.33,321.72
Equipment_3264,Condenser,344.55,15.56,268.43
Equipment_3265,Condenser,479.34,6.98,245.66
Equipment_3266,HeatExchanger,398.82,5.33,264.89
Equipment_3267,Condenser,411.64,8.73,375.57
Equipment_3268,HeatExchanger,289.22,1.46,279.44
Equipment_3269,HeatExchanger,134.05,18.46,276.62
Equipment_3270,HeatExchanger,241.5,8.35,315.81
Equipment_3271,Separator,297.27,19.78,353.32
Equipment_3272,Separator,355.29,15.47,141.67
Equipment_3273,Reactor,323.47,2.53,265.86
Equipment_3274,Valve,227.29,13.54,254.39
Equipment_3275,HeatExchanger,169.39,6.15,97.2
Equipment_3276,HeatExchanger,125.7,5.63,232.11
Equipment_3277,Valve,362.23,5.87,74.34
Equipment_3278,Pump,340.43,18.41,114.74
Equipment_3279,HeatExchanger,359.32,10.5,369.54
Equipment_3280,Reactor,217.64,13.72,91.74
Equipment_3281,Condenser,168.08,6.34,252.62
Equipment_3282,Condenser,391.87,10.94,163.22
Equipment_3283,Compressor,398.14,7.65,244.36
Equipment_3284,Compressor,255.03,7.1,132.24
Equipment_3285,Condenser,325.36,5.69,205.53
Equipment_3286,Condenser,218.08,8.77,353.57
Equipment_3287,Separator,365.88,13.54,181.68
Equipment_3288,Reactor,426.07,5.22,173.56
Equipment_3289,Valve,359.7,19.34,206.14
Equipment_3290,Compressor,280.66,3.37,85.17
Equipment_3291,Separator,256.4,10.12,185.57
Equipment_3292,Separator,339.04,2.62,52.42
Equipment_3293,Valve,355.91,1.43,226.19
Equipment_3294,Separator,301.43,18.53,346.78
Equipment_3295,Reactor,331.22,16.4,243.23
Equipment_3296,Condenser,93.46,14.19,262.7
Equipment_3297,HeatExchanger,478.29,17.44,60.7
Equipment_3298,Valve,405.85,16.25,350.83
Equipment_3299,Condenser,218.27,13.3,184.75
Equipment_3300,Condenser,303.27,17.1,391.2
Equipment_3301,Pump,71.3,8.43,92.16
Equipment_3302,Valve,68.55,11.5,380.64
Equipment_3303,Separator,162.86,15.75,272.0
Equipment_3304,HeatExchanger,360.37,2.61,68.32
Equipment_3305,Valve,433.47,17.31,390.09
Equipment_3306,Separator,301.63,3.98,54.86
Equipment_3307,Condenser,289.46,17.43,305.75
Equipment_3308,HeatExchanger,231.04,6.92,361.34
Equipment_3309,Separator,122.72,7.21,111.53
Equipment_3310,Reactor,103.26,2.41,170.18
Equipment_3311,Separator,392.31,17.83,246.43
Equipment_3312,Pump,467.38,4.32,287.93
Equipment_3313,Condenser,256.23,12.97,355.16
Equipment_3314,Separator,346.75,13.24,316.37
Equipment_3315,Compressor,461.51,6.34,177.17
Equipment_3316,Compressor,90.55,19.73,337.6
Equipment_3317,Pump,396.72,2.22,388.13
Equipment_3318,Reactor,327.57,12.55,129.45
Equipment_3319,Condenser,319.39,10.11,75.93
Equipment_3320,Valve,181.64,5.66,199.32
Equipment_3321,Pump,357.75,4.11,358.49
Equipment_3322,Reactor,407.66,15.0,102.6
Equipment_3323,Valve,100.79,18.41,360.03
Equipment_3324,Compressor,290.08,3.04,397.27
Equipment_3325,Compressor,95.57,4.69,68.9
Equipment_3326,Valve,442.66,19.74,223.34
Equipment_3327,Pump,278.44,1.29,165.11
Equipment_3328,Compressor,413.58,10.66,187.79
Equipment_3329,Condenser,215.64,10.81,208.07
Equipment_3330,HeatExchanger,106.29,6.0,308.9
Equipment_3331,Separator,68.67,13.6,256.95
Equipment_3332,Valve,176.68,18.95,386.42
Equipment_3333,Valve,159.91,9.55,166.47
Equipment_3334,Compressor,302.16,15.24,239.53
Equipment_3335,Pump,59.78,13.28,334.66
Equipment_3336,Condenser,284.26,9.99,180.56
Equipment_3337,Pump,226.3,1.95,212.85
Equipment_3338,Reactor,309.71,15.09,289.74
Equipment_3339,Reactor,366.09,7.9,351.26
Equipment_3340,HeatExchanger,335.34,5.27,195.49
Equipment_3341,Compressor,493.09,19.02,236.18
Equipment_3342,Compressor,112.22,15.7,391.29
Equipment_3343,Compressor,243.38,19.28,64.86
Equipment_3344,HeatExchanger,241.17,5.87,206.88
Equipment_3345,Reactor,237.67,16.88,272.59
Equipment_3346,Pump,348.71,12.55,52.95
Equipment_3347,HeatExchanger,270.42,19.65,258.88
Equipment_3348,HeatExchanger,282.84,18.98,69.67
Equipment_3349,Pump,244.56,19.49,350.15
Equipment_3350,Compressor,496.26,19.08,332.48
Equipment_3351,Condenser,467.4,1.15,61.29
Equipment_3352,Pump,188.48,15.08,67.08
Equipment_3353,Reactor,100.22,6.17,313.76
Equipment_3354,Valve,427.89,14.4,179.34
Equipment_3355,Valve,498.73,19.63,251.26
Equipment_3356,Separator,181.67,1.75,144.61
Equipment_3357,Separator,211.0,11.77,110.54
Equipment_3358,HeatExchanger,473.73,14.96,153.63
Equipment_3359,Valve,370.01,5.81,136.35
Equipment_3360,Condenser,183.04,5.28,206.91
Equipment_3361,Compressor,311.47,2.15,311.34
Equipment_3362,Reactor,474.9,2.78,243.95
Equipment_3363,Separator,415.32,13.48,263.21
Equipment_3364,Condenser,383.82,10.6,214.53
Equipment_3365,Reactor,381.65,1.57,163.66
Equipment_3366,Reactor,130.11,19.42,100.23
Equipment_3367,Compressor,421.11,13.46,174.1
Equipment_3368,HeatExchanger,174.25,10.79,282.82
Equipment_3369,Valve,468.66,6.18,306.82
Equipment_3370,Compressor,214.09,13.5,214.21
Equipment_3371,Condenser,435.95,7.92,275.75
Equipment_3372,HeatExchanger,169.81,14.35,123.69
Equipment_3373,Condenser,281.54,13.97,351.02
Equipment_3374,HeatExchanger,98.1,2.76,353.08
Equipment_3375,Separator,347.05,18.28,162.11
Equipment_3376,Condenser,426.24,10.25,241.7
Equipment_3377,Compressor,373.3,8.47,262.33
Equipment_3378,HeatExchanger,285.47,19.15,215.35
Equipment_3379,HeatExchanger,70.3,9.33,368.9
Equipment_3380,Reactor,470.05,14.7,308.9
Equipment_3381,Reactor,367.47,13.45,285.38
Equipment_3382,Pump,385.64,4.14,232.03
Equipment_3383,Condenser,407.61,19.83,79.7
Equipment_3384,Reactor,386.48,9.81,87.74
Equipment_3385,Pump,248.5,8.5,154.65
Equipment_3386,Separator,380.13,18.47,124.03
Equipment_3387,Separator,331.26,11.06,383.39
Equipment_3388,Reactor,434.31,14.4,193.43
Equipment_3389,Condenser,411.11,17.08,356.81
Equipment_3390,HeatExchanger,68.62,5.47,336.33
Equipment_3391,Valve,220.5,4.22,334.4
Equipment_3392,Condenser,65.62,2.3,125.5
Equipment_3393,Compressor,95.93,18.05,206.56
Equipment_3394,Separator,320.63,4.81,161.28
Equipment_3395,Reactor,443.22,6.85,389.64
Equipment_3396,Reactor,103.92,6.43,356.86
Equipment_3397,HeatExchanger,252.99,6.79,137.47
Equipment_3398,Compressor,459.9,13.69,159.73
Equipment_3399,HeatExchanger,416.44,19.13,235.12
Equipment_3400,Compressor,283.85,7.26,147.51
Equipment_3401,Valve,397.21,8.75,338.59
Equipment_3402,Separator,285.21,15.65,336.73
Equipment_3403,Reactor,121.14,9.21,303.52
Equipment_3404,Reactor,106.13,18.59,291.26
Equipment_3405,Valve,134.77,10.56,241.56
Equipment_3406,Pump,207.91,7.61,171.49
Equipment_3407,Separator,468.74,19.46,342.93
Equipment_3408,HeatExchanger,409.86,9.09,350.59
Equipment_3409,Valve,244.76,5.39,67.33
Equipment_3410,HeatExchanger,271.88,4.38,189.52
Equipment_3411,Condenser,169.52,19.91,59.32
Equipment_3412,Reactor,366.96,15.31,343.82
Equipment_3413,HeatExchanger,411.24,8.76,111.98
Equipment_3414,Compressor,157.51,16.7,285.85
Equipment_3415,HeatExchanger,68.82,11.39,175.08
Equipment_3416,Condenser,330.75,7.03,335.62
Equipment_3417,Separator,303.13,15.12,228.39
Equipment_3418,Reactor,230.96,15.17,163.54
Equipment_3419,Valve,339.75,10.5,163.35
Equipment_3420,Condenser,297.78,1.86,164.42
Equipment_3421,Reactor,162.76,2.46,326.0
Equipment_3422,HeatExchanger,228.98,15.99,298.89
Equipment_3423,Separator,242.65,16.65,161.72
Equipment_3424,Pump,446.11,13.89,221.57
Equipment_3425,Separator,482.41,16.94,76.65
Equipment_3426,Pump,451.85,14.67,339.63
Equipment_3427,Compressor,373.63,18.04,143.08
Equipment_3428,Separator,313.25,3.86,361.23
Equipment_3429,Reactor,360.17,8.37,258.88
Equipment_3430,Pump,472.6,9.82,248.74
Equipment_3431,Valve,162.5,6.66,106.95
Equipment_3432,Reactor,290.8,14.78,74.34
Equipment_3433,Valve,360.32,18.34,243.42
Equipment_3434,Separator,355.66,8.84,213.8
Equipment_3435,Valve,163.53,18.89,91.89
Equipment_3436,Pump,314.03,10.82,342.46
Equipment_3437,Reactor,408.16,10.93,196.03
Equipment_3438,HeatExchanger,263.79,12.4,141.16
Equipment_3439,Condenser,406.98,6.1,325.9
Equipment_3440,Pump,211.95,8.28,369.57
Equipment_3441,Pump,472.44,11.51,157.09
Equipment_3442,HeatExchanger,290.27,18.9,321.58
Equipment_3443,Reactor,318.18,13.21,278.38
Equipment_3444,Reactor,64.11,7.33,396.4
Equipment_3445,Separator,126.62,1.2,121.4
Equipment_3446,Valve,334.82,19.65,386.24
Equipment_3447,Separator,238.94,10.37,160.35
Equipment_3448,HeatExchanger,278.67,18.83,194.18
Equipment_3449,Separator,78.34,11.44,175.59
Equipment_3450,HeatExchanger,425.36,12.5,143.96
Equipment_3451,Reactor,403.03,14.53,292.63
Equipment_3452,Valve,133.41,7.1,256.2
Equipment_3453,Separator,335.45,14.28,156.99
Equipment_3454,Pump,418.24,11.01,96.27
Equipment_3455,Compressor,338.38,13.78,161.08
Equipment_3456,Condenser,189.68,16.88,183.43
Equipment_3457,Pump,345.25,4.5,183.23
Equipment_3458,Reactor,144.71,12.66,175.04
Equipment_3459,Condenser,193.21,1.99,67.05
Equipment_3460,Compressor,158.03,2.94,212.41
Equipment_3461,Compressor,300.62,13.82,342.67
Equipment_3462,Valve,98.7,2.35,113.13
Equipment_3463,Condenser,469.99,12.31,100.98
Equipment_3464,Valve,200.08,5.18,215.15
Equipment_3465,Pump,148.54,6.78,179.71
Equipment_3466,HeatExchanger,273.45,3.46,246.45
Equipment_3467,HeatExchanger,174.65,5.72,381.48
Equipment_3468,HeatExchanger,290.71,16.6,316.31
Equipment_3469,Condenser,206.83,13.14,290.47
Equipment_3470,HeatExchanger,109.43,19.05,195.58
Equipment_3471,Pump,169.65,1.93,150.58
Equipment_3472,Valve,247.3,16.06,239.09
Equipment_3473,Condenser,63.63,14.28,359.91
Equipment_3474,Valve,396.79,5.96,356.86
Equipment_3475,Condenser,329.82,14.85,205.93
Equipment_3476,Valve,320.61,14.61,136.18
Equipment_3477,Compressor,295.72,9.73,128.87
Equipment_3478,Valve,315.64,14.08,61.9
Equipment_3479,HeatExchanger,470.59,9.45,344.93
Equipment_3480,Compressor,53.86,7.38,142.69
Equipment_3481,Valve,71.51,9.86,175.65
Equipment_3482,Condenser,136.17,18.01,333.23
Equipment_3483,Condenser,125.29,8.31,92.01
Equipment_3484,Condenser,131.54,8.67,211.43
Equipment_3485,Reactor,352.37,12.56,92.82
Equipment_3486,Pump,256.77,15.31,204.65
Equipment_3487,Condenser,496.3,14.96,66.5
Equipment_3488,Compressor,152.1,1.38,231.17
Equipment_3489,Condenser,189.87,14.06,328.5
Equipment_3490,Reactor,492.91,9.56,286.7
Equipment_3491,HeatExchanger,424.29,10.96,228.21
Equipment_3492,Compressor,261.41,11.67,340.07
Equipment_3493,Reactor,299.57,14.9,129.73
Equipment_3494,HeatExchanger,429.43,16.8,340.78
Equipment_3495,Separator,266.44,13.28,146.73
Equipment_3496,Separator,142.71,11.71,176.87
Equipment_3497,Compressor,422.8,8.1,94.95
Equipment_3498,Valve,292.0,3.62,85.61
Equipment_3499,Pump,118.87,19.21,376.24
Equipment_3500,Pump,277.51,9.78,116.49
Equipment_3501,Reactor,235.94,11.76,166.65
Equipment_3502,HeatExchanger,444.58,15.27,235.2
Equipment_3503,Pump,106.72,2.3,171.75
Equipment_3504,HeatExchanger,443.84,17.25,354.55
Equipment_3505,HeatExchanger,280.49,16.14,365.25
Equipment_3506,Reactor,231.96,15.71,164.1
Equipment_3507,Reactor,122.89,1.42,82.21
Equipment_3508,Reactor,365.37,11.0,123.56
Equipment_3509,Pump,467.06,2.03,216.04
Equipment_3510,Separator,218.92,11.47,150.97
Equipment_3511,Reactor,158.71,14.65,208.72
Equipment_3512,Pump,299.69,3.32,315.55
Equipment_3513,Reactor,408.28,14.2,197.22
Equipment_3514,Condenser,51.7,9.54,118.95
Equipment_3515,HeatExchanger,334.12,16.42,175.29
Equipment_3516,Reactor,318.43,11.14,310.04
Equipment_3517,Compressor,193.17,7.39,198.42
Equipment_3518,HeatExchanger,253.14,7.31,137.34
Equipment_3519,HeatExchanger,161.13,18.05,199.59
Equipment_3520,Reactor,405.45,9.6,209.18
Equipment_3521,Separator,335.54,8.71,153.73
Equipment_3522,Valve,289.72,1.76,398.49
Equipment_3523,Separator,226.64,7.92,318.67
Equipment_3524,Reactor,181.12,17.14,292.36
Equipment_3525,HeatExchanger,420.23,15.46,349.2
Equipment_3526,Compressor,253.13,5.2,283.25
Equipment_3527,HeatExchanger,275.65,8.85,326.84
Equipment_3528,Separator,284.37,4.74,194.38
Equipment_3529,Compressor,251.77,19.13,225.13
Equipment_3530,Pump,165.24,12.36,66.45
Equipment_3531,Condenser,104.15,15.33,148.23
Equipment_3532,HeatExchanger,94.34,14.56,178.8
Equipment_3533,Reactor,390.86,17.6,268.91
Equipment_3534,Pump,150.59,19.04,212.47
Equipment_3535,Condenser,75.05,1.62,262.74
Equipment_3536,Reactor,408.88,19.53,299.66
Equipment_3537,Valve,119.33,17.54,64.95
Equipment_3538,Reactor,331.32,8.28,140.4
Equipment_3539,Compressor,202.39,16.9,109.82
Equipment_3540,Compressor,106.92,14.99,115.61
Equipment_3541,Valve,236.52,16.07,226.09
Equipment_3542,Pump,56.66,5.19,308.99
Equipment_3543,Condenser,428.47,13.32,145.47
Equipment_3544,Reactor,281.07,1.49,338.56
Equipment_3545,Compressor,112.62,17.12,362.36
Equipment_3546,Pump,156.64,19.07,172.69
Equipment_3547,Valve,251.59,13.58,288.47
Equipment_3548,Separator,134.99,10.74,90.97
Equipment_3549,HeatExchanger,170.87,14.79,310.41
Equipment_3550,Separator,290.47,7.2,107.76
Equipment_3551,Separator,424.67,12.9,290.6
Equipment_3552,Compressor,230.83,14.66,197.67
Equipment_3553,Valve,372.64,3.71,374.96
Equipment_3554,Reactor,444.51,3.66,212.56
Equipment_3555,Separator,147.34,14.61,60.82
Equipment_3556,Separator,413.24,9.2,218.23
Equipment_3557,Condenser,390.83,17.89,328.42
Equipment_3558,Compressor,210.62,6.93,276.48
Equipment_3559,Compressor,495.28,1.81,388.21
Equipment_3560,Reactor,168.16,13.35,345.15
Equipment_3561,HeatExchanger,164.66,14.0,234.29
Equipment_3562,Pump,397.52,11.52,122.28
Equipment_3563,Condenser,245.6,13.98,51.32
Equipment_3564,Compressor,198.86,10.95,393.18
Equipment_3565,Condenser,130.4,14.16,378.41
Equipment_3566,Compressor,394.4,1.83,145.95
Equipment_3567,Condenser,403.84,8.0,273.38
Equipment_3568,Valve,304.95,5.01,305.23
Equipment_3569,Separator,480.79,2.89,252.3
Equipment_3570,Compressor,193.17,5.45,345.04
Equipment_3571,Condenser,148.83,4.63,77.24
Equipment_3572,Pump,354.86,19.49,363.77
Equipment_3573,Valve,391.28,6.44,187.21
Equipment_3574,Valve,151.21,5.39,218.24
Equipment_3575,Pump,84.47,16.86,205.66
Equipment_3576,Condenser,414.73,8.96,235.95
Equipment_3577,Reactor,489.43,9.01,259.36
Equipment_3578,Pump,340.1,9.43,298.62
Equipment_3579,Condenser,175.04,8.91,233.73
Equipment_3580,Pump,498.5,7.2,289.67
Equipment_3581,Pump,451.97,6.44,168.4
Equipment_3582,Compressor,281.02,17.76,377.84
Equipment_3583,Condenser,421.39,4.07,72.59
Equipment_3584,Reactor,417.12,4.44,240.94
Equipment_3585,Separator,470.66,11.86,80.59
Equipment_3586,Compressor,428.42,7.53,204.97
Equipment_3587,Pump,339.66,9.01,140.15
Equipment_3588,Separator,324.19,16.32,377.92
Equipment_3589,HeatExchanger,260.31,18.17,54.58
Equipment_3590,Separator,331.92,16.02,186.92
Equipment_3591,Pump,407.85,5.46,323.71
Equipment_3592,Pump,486.07,19.62,115.96
Equipment_3593,Condenser,260.28,7.9,335.46
Equipment_3594,Condenser,308.14,4.21,350.9
Equipment_3595,Compressor,250.16,10.49,297.8
Equipment_3596,Reactor,350.82,14.78,123.17
Equipment_3597,Compressor,333.46,2.58,145.21
Equipment_3598,Valve,58.03,13.05,108.43
Equipment_3599,Pump,293.52,17.3,114.42
Equipment_3600,Separator,89.82,5.97,62.77
Equipment_3601,HeatExchanger,61.87,14.17,350.06
Equipment_3602,Pump,406.04,8.6,234.98
Equipment_3603,Pump,166.39,8.87,164.72
Equipment_3604,Compressor,203.29,6.34,151.35
Equipment_3605,HeatExchanger,78.84,12.86,240.64
Equipment_3606,HeatExchanger,130.78,7.86,164.34
Equipment_3607,HeatExchanger,394.52,16.79,352.3
Equipment_3608,Compressor,272.09,19.3,123.84
Equipment_3609,Pump,446.3,18.77,358.81
Equipment_3610,Compressor,228.76,4.1,282.43
Equipment_3611,Condenser,170.92,1.27,384.82
Equipment_3612,Condenser,206.42,9.33,55.29
Equipment_3613,Compressor,370.75,14.85,70.68
Equipment_3614,HeatExchanger,299.75,19.57,225.31
Equipment_3615,Pump,456.89,15.89,369.33
Equipment_3616,Compressor,320.98,12.03,305.78
Equipment_3617,Compressor,271.86,1.5,267.75
Equipment_3618,Compressor,403.59,16.69,61.06
Equipment_3619,Valve,476.39,4.37,173.96
Equipment_3620,Condenser,210.13,2.06,171.05
Equipment_3621,Separator,162.44,17.16,239.73
Equipment_3622,HeatExchanger,327.3,11.76,140.24
Equipment_3623,Reactor,274.49,3.44,143.5
Equipment_3624,Separator,495.13,8.34,267.3
Equipment_3625,HeatExchanger,258.06,2.63,380.6
Equipment_3626,Reactor,83.45,13.12,281.06
Equipment_3627,Valve,489.82,6.37,283.85
Equipment_3628,Compressor,429.61,17.46,395.18
Equipment_3629,Valve,130.21,7.8,103.72
Equipment_3630,Valve,457.07,10.4,61.84
Equipment_3631,Separator,203.3,2.21,310.93
Equipment_3632,Pump,219.7,6.24,203.58
Equipment_3633,Separator,457.88,13.86,200.09
Equipment_3634,Condenser,288.55,14.99,128.86
Equipment_3635,Reactor,111.99,5.61,227.4
Equipment_3636,Compressor,216.08,10.57,204.76
Equipment_3637,Separator,374.94,16.53,170.91
Equipment_3638,Reactor,128.38,8.22,204.96
Equipment_3639,HeatExchanger,315.6,3.54,184.34
Equipment_3640,Reactor,362.87,9.21,378.96
Equipment_3641,HeatExchanger,204.73,12.41,393.09
Equipment_3642,Separator,362.25,1.14,343.97
Equipment_3643,Condenser,447.89,7.62,396.64
Equipment_3644,Separator,262.45,12.54,143.0
Equipment_3645,HeatExchanger,222.31,19.09,345.02
Equipment_3646,Reactor,163.02,8.76,192.32
Equipment_3647,Reactor,321.89,4.1,311.15
Equipment_3648,HeatExchanger,445.93,11.15,120.49
Equipment_3649,Valve,196.1,6.43,334.18
Equipment_3650,Condenser,228.31,5.08,79.21
Equipment_3651,Pump,232.98,12.22,144.7
Equipment_3652,Compressor,302.37,18.4,337.68
Equipment_3653,Reactor,152.78,16.87,311.51
Equipment_3654,Compressor,420.0,4.46,225.44
Equipment_3655,Pump,183.02,15.55,285.48
Equipment_3656,Separator,367.41,5.37,114.95
Equipment_3657,Compressor,280.95,6.52,283.72
Equipment_3658,Pump,313.65,18.48,52.79
Equipment_3659,HeatExchanger,130.82,18.31,341.63
Equipment_3660,Valve,380.76,4.2,230.7
Equipment_3661,Reactor,134.88,2.22,380.36
Equipment_3662,Pump,101.06,6.57,217.36
Equipment_3663,Compressor,296.01,12.05,201.58
Equipment_3664,Reactor,369.18,17.66,207.52
Equipment_3665,Valve,72.52,3.26,175.91
Equipment_3666,HeatExchanger,81.23,8.88,108.34
Equipment_3667,Separator,411.21,6.16,344.72
Equipment_3668,Reactor,414.06,1.28,186.18
Equipment_3669,Separator,160.39,15.98,235.19
Equipment_3670,Pump,326.85,16.45,56.96
Equipment_3671,Valve,249.43,5.2,71.09
Equipment_3672,Compressor,334.71,3.87,259.01
Equipment_3673,Valve,438.3,3.75,357.73
Equipment_3674,Valve,85.94,9.81,222.69
Equipment_3675,Condenser,400.09,5.68,107.74
Equipment_3676,Valve,271.86,10.72,90.64
Equipment_3677,Valve,303.86,8.31,364.93
Equipment_3678,Reactor,344.27,5.01,295.57
Equipment_3679,Compressor,465.18,15.27,388.17
Equipment_3680,Reactor,75.52,3.86,78.82
Equipment_3681,Reactor,63.26,16.18,365.91
Equipment_3682,Pump,130.22,11.67,345.97
Equipment_3683,Reactor,493.9,16.81,362.61
Equipment_3684,Condenser,371.78,1.09,52.02
Equipment_3685,Condenser,326.59,15.23,309.67
Equipment_3686,Separator,71.17,1.98,242.13
Equipment_3687,Pump,445.6,19.05,250.61
Equipment_3688,Separator,415.74,14.35,214.22
Equipment_3689,Separator,349.16,7.08,309.94
Equipment_3690,HeatExchanger,202.61,7.08,399.94
Equipment_3691,Compressor,81.73,17.37,298.69
Equipment_3692,Compressor,311.02,18.15,287.32
Equipment_3693,Reactor,373.86,17.94,279.05
Equipment_3694,Reactor,92.41,16.37,293.32
Equipment_3695,HeatExchanger,335.2,16.56,169.74
Equipment_3696,Reactor,178.86,11.88,162.08
Equipment_3697,Compressor,393.91,1.54,324.52
Equipment_3698,Separator,292.83,2.65,68.58
Equipment_3699,Valve,108.07,13.34,315.74
Equipment_3700,Condenser,286.93,8.62,334.84
Equipment_3701,Valve,228.08,11.78,232.56
Equipment_3702,Valve,131.16,5.39,368.55
Equipment_3703,Compressor,428.68,13.34,215.58
Equipment_3704,Valve,54.96,5.61,112.33
Equipment_3705,HeatExchanger,190.46,9.76,176.49
Equipment_3706,Pump,55.67,10.1,367.05
Equipment_3707,Reactor,93.2,4.38,397.81
Equipment_3708,Pump,183.69,17.65,197.65
Equipment_3709,Separator,74.42,10.99,108.4
Equipment_3710,Condenser,318.48,17.47,150.22
Equipment_3711,Reactor,89.09,5.99,243.65
Equipment_3712,Valve,365.77,4.27,250.23
Equipment_3713,Condenser,73.69,1.34,270.52
Equipment_3714,Reactor,76.69,2.78,342.37
Equipment_3715,HeatExchanger,187.4,3.8,298.92
Equipment_3716,HeatExchanger,453.46,2.5,141.29
Equipment_3717,HeatExchanger,338.63,18.04,188.27
Equipment_3718,HeatExchanger,396.56,18.32,343.94
Equipment_3719,Valve,113.7,18.81,271.68
Equipment_3720,Pump,425.36,19.24,108.25
Equipment_3721,Reactor,53.67,10.34,163.94
Equipment_3722,Valve,145.88,11.07,326.88
Equipment_3723,HeatExchanger,327.24,3.49,110.23
Equipment_3724,Separator,218.86,3.6,291.87
Equipment_3725,Pump,492.89,15.68,247.24
Equipment_3726,Separator,63.65,17.26,101.62
Equipment_3727,Condenser,499.37,15.91,291.11
Equipment_3728,Separator,330.63,16.86,99.82
Equipment_3729,Condenser,301.42,6.25,189.45
Equipment_3730,Condenser,76.78,9.86,158.0
Equipment_3731,HeatExchanger,173.0,9.72,291.5
Equipment_3732,Condenser,466.1,19.91,323.83
Equipment_3733,Compressor,209.41,19.03,108.91
Equipment_3734,Reactor,347.74,12.37,334.2
Equipment_3735,Reactor,499.77,3.62,52.52
Equipment_3736,HeatExchanger,168.38,5.91,235.52
Equipment_3737,Compressor,309.24,7.91,230.88
Equipment_3738,Separator,363.4,17.59,268.34
Equipment_3739,Valve,124.08,4.24,133.9
Equipment_3740,Separator,116.9,5.18,53.45
Equipment_3741,Valve,255.34,7.64,209.17
Equipment_3742,Condenser,223.62,18.61,74.99
Equipment_3743,Pump,371.4,10.57,362.27
Equipment_3744,Valve,81.28,13.29,110.78
Equipment_3745,Pump,487.47,8.36,198.83
Equipment_3746,Reactor,56.42,4.58,201.9
Equipment_3747,Pump,320.59,5.23,243.5
Equipment_3748,Reactor,303.18,16.25,323.89
Equipment_3749,Compressor,110.62,17.98,215.25
Equipment_3750,Compressor,117.91,10.37,59.01
Equipment_3751,HeatExchanger,406.7,7.78,319.89
Equipment_3752,HeatExchanger,449.4,16.35,78.76
Equipment_3753,Condenser,177.36,13.79,274.54
Equipment_3754,Valve,247.08,1.78,331.2
Equipment_3755,Condenser,209.75,7.66,148.94
Equipment_3756,Reactor,82.65,13.96,207.19
Equipment_3757,Condenser,352.94,11.9,55.02
Equipment_3758,Pump,421.34,19.58,331.36
Equipment_3759,Reactor,187.2,17.46,296.14
Equipment_3760,HeatExchanger,495.58,2.14,130.99
Equipment_3761,Compressor,84.13,14.79,186.58
Equipment_3762,HeatExchanger,347.81,7.39,293.36
Equipment_3763,Valve,251.7,13.96,175.36
Equipment_3764,Reactor,250.97,12.73,106.85
Equipment_3765,Reactor,255.94,10.56,231.48
Equipment_3766,Pump,166.41,17.21,303.25
Equipment_3767,Valve,372.0,14.47,162.28
Equipment_3768,Compressor,374.71,17.9,92.62
Equipment_3769,Separator,177.08,6.35,340.34
Equipment_3770,Reactor,425.89,7.61,138.48
Equipment_3771,Reactor,192.58,12.82,229.49
Equipment_3772,Pump,376.29,19.36,291.97
Equipment_3773,Condenser,104.45,8.06,160.98
Equipment_3774,Compressor,125.92,1.61,277.02
Equipment_3775,HeatExchanger,192.11,9.47,210.9
Equipment_3776,Valve,317.24,11.33,249.65
Equipment_3777,Reactor,340.48,16.22,256.7
Equipment_3778,Reactor,228.36,14.84,338.45
Equipment_3779,HeatExchanger,85.03,19.33,279.71
Equipment_3780,Compressor,218.14,15.87,142.51
Equipment_3781,Condenser,359.95,6.67,70.86
Equipment_3782,Reactor,351.95,13.19,50.69
Equipment_3783,Compressor,122.09,13.77,366.55
Equipment_3784,HeatExchanger,53.5,19.96,379.74
Equipment_3785,Pump,388.84,3.64,82.94
Equipment_3786,Condenser,97.87,4.64,220.47
Equipment_3787,Valve,87.06,3.95,103.06
Equipment_3788,Reactor,51.22,12.19,382.06
Equipment_3789,Compressor,244.67,3.57,136.39
Equipment_3790,Pump,276.47,13.46,225.58
Equipment_3791,Valve,336.95,16.27,107.97
Equipment_3792,Separator,183.23,9.22,166.47
Equipment_3793,Compressor,369.69,11.65,143.38
Equipment_3794,Compressor,126.2,18.34,216.4
Equipment_3795,Valve,424.4,11.82,196.92
Equipment_3796,Pump,307.33,4.96,165.78
Equipment_3797,Separator,312.75,7.52,87.06
Equipment_3798,HeatExchanger,144.4,11.07,219.57
Equipment_3799,Pump,83.35,3.94,347.57
Equipment_3800,Condenser,259.13,12.64,305.58
Equipment_3801,Reactor,327.03,19.99,302.2
Equipment_3802,Valve,92.77,13.4,178.13
Equipment_3803,HeatExchanger,477.74,8.08,297.95
Equipment_3804,Separator,491.19,7.3,212.94
Equipment_3805,Valve,295.46,18.7,102.6
Equipment_3806,Valve,477.53,17.56,196.67
Equipment_3807,Pump,130.75,9.97,96.46
Equipment_3808,Reactor,61.44,7.71,90.07
Equipment_3809,Condenser,67.73,14.5,58.07
Equipment_3810,Compressor,314.38,6.98,149.0
Equipment_3811,Compressor,77.74,3.27,165.81
Equipment_3812,Valve,481.35,6.89,294.81
Equipment_3813,Reactor,113.87,9.25,238.3
Equipment_3814,Separator,187.13,5.85,350.46
Equipment_3815,Separator,420.13,5.12,111.76
Equipment_3816,HeatExchanger,148.43,1.12,143.08
Equipment_3817,Pump,159.34,12.99,379.38
Equipment_3818,Reactor,339.04,12.67,205.42
Equipment_3819,Reactor,174.24,4.57,326.17
Equipment_3820,Pump,147.85,18.93,222.26
Equipment_3821,Separator,164.38,8.78,214.88
Equipment_3822,Separator,270.79,1.48,101.84
Equipment_3823,Separator,484.74,5.18,347.92
Equipment_3824,Valve,424.51,14.15,77.42
Equipment_3825,Reactor,178.07,4.83,158.59
Equipment_3826,Compressor,213.52,2.02,285.71
Equipment_3827,Pump,259.03,12.74,227.54
Equipment_3828,Separator,490.52,10.85,358.48
Equipment_3829,HeatExchanger,127.58,15.46,63.75
Equipment_3830,Separator,210.87,15.68,277.29
Equipment_3831,Separator,378.24,19.24,217.11
Equipment_3832,Condenser,483.77,2.08,104.01
Equipment_3833,Valve,120.05,1.74,310.14
Equipment_3834,Pump,152.32,19.76,193.96
Equipment_3835,Condenser,151.56,13.25,236.05
Equipment_3836,Condenser,59.42,14.59,388.54
Equipment_3837,HeatExchanger,321.85,2.83,220.18
Equipment_3838,Reactor,351.82,2.33,338.18
Equipment_3839,HeatExchanger,321.14,4.04,319.35
Equipment_3840,Reactor,82.1,9.12,281.96
Equipment_3841,Reactor,81.15,3.09,363.88
Equipment_3842,Pump,144.67,9.48,138.06
Equipment_3843,Separator,180.63,11.67,337.27
Equipment_3844,Pump,403.94,1.01,182.23
Equipment_3845,Valve,121.73,3.17,334.37
Equipment_3846,Reactor,69.84,8.13,222.83
Equipment_3847,Condenser,227.29,2.01,350.2
Equipment_3848,Separator,237.38,3.54,363.2
Equipment_3849,Compressor,252.91,5.4,259.18
Equipment_3850,Valve,422.11,9.16,227.67
Equipment_3851,Pump,94.1,14.58,324.15
Equipment_3852,HeatExchanger,366.77,3.52,143.45
Equipment_3853,Valve,202.08,15.02,55.37
Equipment_3854,Valve,189.49,17.25,192.48
Equipment_3855,Separator,469.64,13.38,227.72
Equipment_3856,Valve,161.81,1.83,154.04
Equipment_3857,Valve,339.14,9.37,184.18
Equipment_3858,Compressor,173.81,13.54,96.57
Equipment_3859,HeatExchanger,278.21,19.59,147.05
Equipment_3860,HeatExchanger,403.83,19.08,134.03
Equipment_3861,HeatExchanger,446.78,8.52,155.35
Equipment_3862,Reactor,427.41,12.7,154.67
Equipment_3863,Condenser,311.98,17.93,245.64
Equipment_3864,HeatExchanger,161.97,16.79,137.71
Equipment_3865,Valve,347.56,10.11,379.34
Equipment_3866,Valve,369.46,5.96,228.95
Equipment_3867,HeatExchanger,54.81,3.6,95.14
Equipment_3868,Separator,247.64,10.27,147.86
Equipment_3869,HeatExchanger,429.47,14.73,305.42
Equipment_3870,Valve,270.31,19.43,54.78
Equipment_3871,Reactor,190.12,17.37,378.24
Equipment_3872,Pump,442.31,4.88,205.81
Equipment_3873,Pump,120.15,14.68,232.38
Equipment_3874,HeatExchanger,142.9,6.49,395.94
Equipment_3875,Compressor,359.32,13.99,226.19
Equipment_3876,HeatExchanger,208.6,13.65,381.71
Equipment_3877,Separator,370.86,6.18,370.33
Equipment_3878,HeatExchanger,120.97,5.45,379.46
Equipment_3879,Pump,163.52,2.97,334.33
Equipment_3880,Valve,120.49,1.96,153.74
Equipment_3881,HeatExchanger,478.81,17.31,171.23
Equipment_3882,Valve,232.43,1.95,177.74
Equipment_3883,Valve,201.75,2.69,392.71
Equipment_3884,Compressor,56.39,5.54,176.26
Equipment_3885,Valve,119.04,17.87,88.04
Equipment_3886,Pump,239.51,7.33,322.42
Equipment_3887,Reactor,80.83,4.64,178.12
Equipment_3888,Reactor,279.83,14.6,267.33
Equipment_3889,Condenser,254.76,7.06,373.53
Equipment_3890,Separator,395.23,7.33,251.43
Equipment_3891,HeatExchanger,346.91,15.04,273.2
Equipment_3892,Separator,250.68,5.78,275.0
Equipment_3893,Pump,151.1,18.04,264.34
Equipment_3894,Valve,377.09,11.67,105.92
Equipment_3895,Reactor,368.54,11.22,209.75
Equipment_3896,Separator,118.98,6.03,52.68
Equipment_3897,Pump,461.64,16.87,269.19
Equipment_3898,Reactor,78.98,11.88,251.38
Equipment_3899,Valve,74.77,3.95,161.35
Equipment_3900,Separator,134.31,4.92,233.36
Equipment_3901,Reactor,459.26,9.9,222.57
Equipment_3902,HeatExchanger,284.0,15.81,137.82
Equipment_3903,HeatExchanger,404.57,18.85,152.65
Equipment_3904,Condenser,152.53,13.61,316.89
Equipment_3905,Condenser,270.6,10.62,314.51
Equipment_3906,Reactor,211.23,5.76,214.42
Equipment_3907,Pump,422.52,13.78,301.13
Equipment_3908,HeatExchanger,60.17,19.66,207.78
Equipment_3909,Pump,159.73,10.05,347.98
Equipment_3910,Pump,118.66,4.08,166.48
Equipment_3911,Reactor,436.64,2.96,374.55
Equipment_3912,Pump,260.39,6.12,239.8
Equipment_3913,HeatExchanger,231.9,11.82,237.49
Equipment_3914,Valve,252.27,18.99,284.78
Equipment_3915,Condenser,487.37,6.68,169.3
Equipment_3916,Valve,432.62,6.8,303.52
Equipment_3917,Pump,367.87,10.14,162.15
Equipment_3918,Valve,180.72,18.45,189.14
Equipment_3919,HeatExchanger,124.33,8.96,286.15
Equipment_3920,HeatExchanger,464.65,5.24,182.46
Equipment_3921,Pump,240.38,4.1,119.99
Equipment_3922,Reactor,175.44,9.68,355.17
Equipment_3923,Valve,261.91,16.21,372.75
Equipment_3924,Reactor,463.03,6.54,269.36
Equipment_3925,Reactor,224.18,10.74,333.9
Equipment_3926,Compressor,303.19,12.46,395.33
Equipment_3927,Pump,411.33,9.56,265.17
Equipment_3928,Condenser,242.21,4.64,368.08
Equipment_3929,HeatExchanger,155.09,18.51,175.74
Equipment_3930,HeatExchanger,497.54,11.74,295.17
Equipment_3931,Pump,480.46,14.85,69.53
Equipment_3932,Separator,429.57,13.08,326.14
Equipment_3933,Separator,359.77,19.96,340.43
Equipment_3934,Separator,182.69,9.67,190.41
Equipment_3935,Condenser,461.04,9.07,273.63
Equipment_3936,HeatExchanger,174.0,7.84,350.43
Equipment_3937,Pump,410.36,7.87,359.26
Equipment_3938,HeatExchanger,463.22,6.24,87.29
Equipment_3939,Reactor,321.35,19.63,339.62
Equipment_3940,Valve,411.38,17.54,145.99
Equipment_3941,Valve,406.26,7.02,304.56
Equipment_3942,HeatExchanger,136.92,6.8,163.81
Equipment_3943,Compressor,350.57,2.97,69.72
Equipment_3944,Condenser,92.06,17.66,123.45
Equipment_3945,Separator,278.53,8.06,193.04
Equipment_3946,Condenser,123.01,11.88,309.43
Equipment_3947,Condenser,237.36,18.11,85.25
Equipment_3948,Reactor,424.84,8.75,334.53
Equipment_3949,Condenser,494.23,16.33,398.93
Equipment_3950,Valve,193.08,9.18,325.89
Equipment_3951,Reactor,289.38,14.32,215.81
Equipment_3952,Pump,280.08,9.19,248.86
Equipment_3953,Condenser,479.48,8.46,52.16
Equipment_3954,Condenser,265.36,19.82,123.25
Equipment_3955,Pump,364.6,12.63,364.65
Equipment_3956,Condenser,464.81,7.98,57.61
Equipment_3957,Pump,218.02,5.9,366.68
Equipment_3958,Reactor,455.96,1.76,89.64
Equipment_3959,Valve,462.86,14.42,96.58
Equipment_3960,Pump,468.8,8.07,111.37
Equipment_3961,Compressor,171.7,16.6,329.78
Equipment_3962,Pump,230.16,7.91,217.37
Equipment_3963,Condenser,441.68,8.09,100.82
Equipment_3964,Separator,211.62,15.8,290.38
Equipment_3965,Separator,320.11,10.3,379.24
Equipment_3966,Reactor,103.12,17.81,250.36
Equipment_3967,HeatExchanger,75.32,12.21,84.55
Equipment_3968,Reactor,235.4,5.57,69.16
Equipment_3969,HeatExchanger,310.51,11.8,328.56
Equipment_3970,Separator,226.71,1.08,269.13
Equipment_3971,Separator,309.98,6.94,372.93
Equipment_3972,Pump,281.79,4.95,241.54
Equipment_3973,Valve,358.57,13.43,71.84
Equipment_3974,Compressor,342.29,3.58,191.29
Equipment_3975,Reactor,240.91,6.51,280.3
Equipment_3976,Condenser,241.25,7.29,184.71
Equipment_3977,HeatExchanger,113.35,1.06,399.86
Equipment_3978,Condenser,280.96,1.89,191.88
Equipment_3979,Valve,314.23,6.91,241.18
Equipment_3980,HeatExchanger,264.42,5.22,128.89
Equipment_3981,Reactor,196.57,3.22,103.25
Equipment_3982,Pump,374.74,3.93,275.86
Equipment_3983,Condenser,83.6,16.88,256.01
Equipment_3984,Valve,461.5,13.98,51.52
Equipment_3985,Reactor,59.29,10.2,149.67
Equipment_3986,Separator,483.06,18.27,275.25
Equipment_3987,Separator,258.06,1.56,334.29
Equipment_3988,Reactor,235.7,7.55,159.33
Equipment_3989,Reactor,165.4,16.64,276.6
Equipment_3990,Reactor,54.53,12.94,142.84
Equipment_3991,HeatExchanger,173.66,19.65,291.63
Equipment_3992,Reactor,99.23,18.95,294.28
Equipment_3993,Condenser,346.92,4.23,95.58
Equipment_3994,Valve,193.58,19.47,282.78
Equipment_3995,HeatExchanger,395.23,18.97,166.75
Equipment_3996,Reactor,143.11,8.1,110.41
Equipment_3997,Compressor,455.11,19.67,225.13
Equipment_3998,Compressor,285.34,1.68,208.3
Equipment_3999,Valve,101.53,13.55,320.86
Equipment_4000,Separator,230.38,6.06,79.58
Equipment_4001,Pump,143.04,3.46,326.41
Equipment_4002,Pump,139.86,11.97,87.13
Equipment_4003,Separator,277.87,6.82,122.61
Equipment_4004,HeatExchanger,352.35,13.67,230.56
Equipment_4005,HeatExchanger,460.23,11.26,212.11
Equipment_4006,HeatExchanger,275.97,8.46,396.1
Equipment_4007,Pump,484.63,4.45,256.32
Equipment_4008,Compressor,473.74,12.42,164.6
Equipment_4009,Pump,439.28,16.76,365.05
Equipment_4010,Condenser,274.99,12.4,159.28
Equipment_4011,Reactor,113.41,12.6,145.82
Equipment_4012,HeatExchanger,148.06,10.72,223.03
Equipment_4013,Compressor,341.45,8.38,369.61
Equipment_4014,Valve,239.79,9.69,297.98
Equipment_4015,Valve,116.06,19.8,287.12
Equipment_4016,Reactor,265.55,15.24,304.13
Equipment_4017,Compressor,57.84,9.18,280.87
Equipment_4018,Pump,380.25,9.69,315.93
Equipment_4019,Pump,83.11,10.49,117.47
Equipment_4020,Condenser,333.1,13.53,112.04
Equipment_4021,Condenser,406.85,9.85,176.76
Equipment_4022,Pump,109.69,14.04,347.84
Equipment_4023,Valve,283.39,7.25,300.06
Equipment_4024,HeatExchanger,400.58,8.8,248.27
Equipment_4025,Valve,167.29,17.42,56.81
Equipment_4026,Condenser,123.31,7.25,132.53
Equipment_4027,Reactor,201.57,19.32,331.23
Equipment_4028,Pump,299.61,4.28,134.87
Equipment_4029,Condenser,308.88,5.59,305.6
Equipment_4030,Condenser,108.89,9.81,114.62
Equipment_4031,HeatExchanger,255.91,16.15,262.23
Equipment_4032,Pump,170.73,14.9,269.87
Equipment_4033,HeatExchanger,428.91,4.31,313.19
Equipment_4034,Pump,191.11,5.5,203.42
Equipment_4035,HeatExchanger,427.42,11.93,271.44
Equipment_4036,Valve,242.85,6.61,220.44
Equipment_4037,Reactor,376.96,9.02,381.57
Equipment_4038,Reactor,279.53,10.25,232.66
Equipment_4039,Pump,329.88,12.29,123.36
Equipment_4040,Compressor,227.91,5.77,283.76
Equipment_4041,Separator,395.69,4.1,241.96
Equipment_4042,Condenser,241.34,8.57,331.34
Equipment_4043,Condenser,255.86,2.56,111.92
Equipment_4044,Pump,282.96,11.01,141.33
Equipment_4045,HeatExchanger,424.32,16.95,372.57
Equipment_4046,Compressor,346.72,3.26,375.51
Equipment_4047,Valve,207.12,3.14,204.79
Equipment_4048,HeatExchanger,351.64,2.52,66.71
Equipment_4049,HeatExchanger,339.09,17.11,157.29
Equipment_4050,Pump,468.96,2.53,136.49
Equipment_4051,Pump,428.64,19.69,195.14
Equipment_4052,Condenser,341.35,7.81,161.23
Equipment_4053,Pump,203.68,7.25,340.15
Equipment_4054,Pump,400.81,2.74,51.06
Equipment_4055,Pump,308.84,12.13,275.62
Equipment_4056,Condenser,493.37,12.13,282.49
Equipment_4057,Valve,161.38,10.38,281.22
Equipment_4058,Valve,85.85,6.91,232.21
Equipment_4059,Separator,81.45,8.0,263.89
Equipment_4060,Separator,338.01,7.09,333.67
Equipment_4061,Pump,472.67,9.1,324.47
Equipment_4062,Separator,50.87,7.49,62.12
Equipment_4063,Condenser,376.6,13.83,60.65
Equipment_4064,Valve,345.68,6.62,343.63
Equipment_4065,HeatExchanger,379.54,7.67,251.16
Equipment_4066,Valve,209.93,9.27,385.1
Equipment_4067,Valve,419.22,1.08,201.06
Equipment_4068,Condenser,70.12,10.35,111.86
Equipment_4069,Separator,389.94,5.86,215.63
Equipment_4070,HeatExchanger,170.18,2.07,202.79
Equipment_4071,Condenser,264.58,18.31,231.01
Equipment_4072,Pump,420.19,7.13,332.78
Equipment_4073,Reactor,172.11,9.1,279.45
Equipment_4074,Valve,133.34,16.72,114.85
Equipment_4075,Reactor,356.59,4.17,307.07
Equipment_4076,Condenser,290.03,17.16,257.16
Equipment_4077,Condenser,281.48,5.59,252.41
Equipment_4078,Condenser,165.55,12.19,287.39
Equipment_4079,Reactor,65.7,14.03,247.39
Equipment_4080,Condenser,234.62,18.2,210.13
Equipment_4081,Pump,97.95,12.55,274.13
Equipment_4082,Condenser,457.7,9.61,303.3
Equipment_4083,Compressor,68.56,11.87,129.02
Equipment_4084,Separator,244.24,4.84,223.97
Equipment_4085,Reactor,73.51,14.09,210.36
Equipment_4086,Compressor,92.99,4.55,63.97
Equipment_4087,Condenser,346.49,11.59,342.05
Equipment_4088,Pump,341.2,13.3,182.08
Equipment_4089,Valve,64.87,18.07,75.44
Equipment_4090,HeatExchanger,50.51,9.55,210.26
Equipment_4091,Separator,85.47,15.73,106.52
Equipment_4092,HeatExchanger,393.35,4.18,296.55
Equipment_4093,Condenser,313.06,3.97,250.12
Equipment_4094,Separator,67.15,10.97,144.54
Equipment_4095,Separator,269.64,12.33,382.67
Equipment_4096,Pump,370.41,13.01,152.11
Equipment_4097,Separator,441.03,15.17,244.25
Equipment_4098,Reactor,470.32,6.6,330.55
Equipment_4099,Compressor,197.35,12.83,229.86
Equipment_4100,Compressor,111.12,4.57,386.3
Equipment_4101,Compressor,156.62,5.16,345.35
Equipment_4102,Reactor,399.28,2.28,372.36
Equipment_4103,HeatExchanger,487.17,15.19,180.45
Equipment_4104,Pump,259.88,10.63,241.92
Equipment_4105,Separator,187.41,5.53,344.06
Equipment_4106,Reactor,243.14,11.57,366.23
Equipment_4107,Compressor,187.17,7.73,380.53
Equipment_4108,Condenser,165.42,16.91,357.7
Equipment_4109,Valve,317.19,11.03,305.76
Equipment_4110,Separator,57.08,1.57,58.48
Equipment_4111,Reactor,166.8,19.72,160.23
Equipment_4112,Reactor,347.62,2.41,95.13
Equipment_4113,Pump,64.43,14.22,104.17
Equipment_4114,Pump,87.44,9.31,151.82
Equipment_4115,Reactor,182.03,5.74,76.16
Equipment_4116,Compressor,445.01,13.85,135.06
Equipment_4117,Valve,394.2,3.39,384.94
Equipment_4118,Separator,59.97,17.31,159.18
Equipment_4119,Pump,275.77,5.76,105.9
Equipment_4120,Separator,173.61,7.87,301.41
Equipment_4121,Compressor,341.89,13.02,339.98
Equipment_4122,Separator,374.7,1.02,159.91
Equipment_4123,Condenser,438.29,9.98,147.47
Equipment_4124,Pump,263.94,17.99,134.62
Equipment_4125,Compressor,497.5,13.93,187.64
Equipment_4126,Compressor,490.99,8.37,80.53
Equipment_4127,Valve,446.98,13.55,284.2
Equipment_4128,Valve,308.69,18.79,337.78
Equipment_4129,Condenser,229.1,4.57,282.29
Equipment_4130,Compressor,213.97,11.1,197.42
Equipment_4131,HeatExchanger,55.46,5.46,151.14
Equipment_4132,Compressor,162.13,17.23,193.31
Equipment_4133,Valve,373.46,14.7,198.34
Equipment_4134,HeatExchanger,321.63,16.22,283.11
Equipment_4135,Pump,462.39,18.92,374.82
Equipment_4136,Pump,72.51,5.41,74.71
Equipment_4137,Separator,119.87,1.93,383.67
Equipment_4138,Reactor,405.16,6.53,368.57
Equipment_4139,Valve,211.33,8.58,91.21
Equipment_4140,Reactor,103.26,12.88,114.25
Equipment_4141,HeatExchanger,498.4,16.16,159.06
Equipment_4142,Valve,404.26,7.65,245.88
Equipment_4143,Condenser,233.93,10.0,97.07
Equipment_4144,Compressor,420.51,15.92,120.12
Equipment_4145,Condenser,356.27,5.28,365.94
Equipment_4146,HeatExchanger,405.49,5.13,88.26
Equipment_4147,Valve,416.84,12.2,189.61
Equipment_4148,HeatExchanger,88.13,9.29,317.05
Equipment_4149,Compressor,330.34,19.03,361.0
Equipment_4150,Pump,53.05,7.78,167.61
Equipment_4151,Pump,69.56,15.43,107.55
Equipment_4152,HeatExchanger,456.79,12.08,307.95
Equipment_4153,Reactor,287.4,2.04,320.4
Equipment_4154,Valve,381.16,2.6,393.01
Equipment_4155,Valve,427.33,4.86,98.84
Equipment_4156,Pump,477.31,3.72,298.3
Equipment_4157,Separator,441.21,7.26,196.05
Equipment_4158,Condenser,267.49,12.0,370.12
Equipment_4159,Separator,201.19,12.44,192.74
Equipment_4160,Compressor,119.52,12.17,206.09
Equipment_4161,Condenser,230.14,3.23,94.38
Equipment_4162,Condenser,214.92,12.4,162.33
Equipment_4163,HeatExchanger,301.81,8.79,190.29
Equipment_4164,Pump,349.48,18.16,56.13
Equipment_4165,Separator,490.25,18.33,203.15
Equipment_4166,Separator,377.77,15.6,167.71
Equipment_4167,Pump,339.69,14.36,331.34
Equipment_4168,Separator,200.79,3.18,87.49
Equipment_4169,Pump,65.53,2.61,316.07
Equipment_4170,HeatExchanger,179.66,16.98,299.9
Equipment_4171,Reactor,395.8,9.11,134.62
Equipment_4172,Condenser,142.37,9.58,79.15
Equipment_4173,HeatExchanger,370.48,17.11,344.64
Equipment_4174,Valve,310.9,12.81,137.3
Equipment_4175,Compressor,127.34,4.41,100.95
Equipment_4176,Reactor,167.73,5.01,175.66
Equipment_4177,Valve,273.34,1.12,190.31
Equipment_4178,Condenser,238.27,14.5,164.13
Equipment_4179,Separator,400.35,10.23,391.77
Equipment_4180,Pump,380.48,19.05,358.29
Equipment_4181,Condenser,308.56,14.57,355.54
Equipment_4182,HeatExchanger,420.02,2.96,189.57
Equipment_4183,Compressor,303.2,4.07,387.0
Equipment_4184,HeatExchanger,483.98,10.53,289.41
Equipment_4185,Reactor,147.75,18.57,341.2
Equipment_4186,Reactor,371.36,5.7,225.31
Equipment_4187,Compressor,216.47,16.69,106.22
Equipment_4188,Valve,175.53,6.93,360.41
Equipment_4189,Valve,131.17,6.13,220.25
Equipment_4190,Reactor,298.63,18.13,388.99
Equipment_4191,Reactor,146.96,1.9,139.2
Equipment_4192,Separator,140.16,13.55,397.33
Equipment_4193,Pump,495.74,1.82,127.85
Equipment_4194,Separator,410.79,16.21,178.86
Equipment_4195,Separator,386.72,16.76,257.91
Equipment_4196,Valve,407.33,17.97,292.66
Equipment_4197,Compressor,486.02,4.54,302.1
Equipment_4198,Valve,307.97,3.37,216.69
Equipment_4199,Pump,149.11,10.57,76.89
Equipment_4200,HeatExchanger,437.99,6.16,223.62
Equipment_4201,Reactor,384.23,12.52,167.14
Equipment_4202,Reactor,236.44,10.76,280.18
Equipment_4203,Pump,263.11,3.75,113.8
Equipment_4204,Separator,235.06,15.05,187.87
Equipment_4205,Compressor,468.47,16.27,388.14
Equipment_4206,Reactor,204.59,19.3,81.1
Equipment_4207,Condenser,483.57,8.52,260.82
Equipment_4208,Separator,459.62,7.42,81.73
Equipment_4209,Reactor,333.73,4.65,104.95
Equipment_4210,Condenser,310.92,4.44,261.73
Equipment_4211,Pump,216.54,7.1,205.4
Equipment_4212,Pump,58.25,19.65,241.97
Equipment_4213,Separator,107.43,2.75,357.96
Equipment_4214,Reactor,389.4,5.93,336.03
Equipment_4215,Valve,262.19,2.63,360.79
Equipment_4216,Condenser,117.43,6.2,265.69
Equipment_4217,Compressor,168.78,2.76,221.38
Equipment_4218,Reactor,476.53,10.66,210.72
Equipment_4219,Compressor,215.21,9.33,308.93
Equipment_4220,Reactor,458.46,4.31,232.45
Equipment_4221,Valve,187.09,4.32,87.02
Equipment_4222,Valve,294.45,12.9,99.68
Equipment_4223,Separator,59.21,8.36,174.98
Equipment_4224,Separator,284.84,2.07,73.74
Equipment_4225,Valve,336.62,18.48,133.73
Equipment_4226,HeatExchanger,155.44,8.69,279.74
Equipment_4227,Valve,310.52,12.23,54.35
Equipment_4228,Pump,341.23,17.82,261.43
Equipment_4229,Pump,359.1,8.64,320.32
Equipment_4230,HeatExchanger,399.38,16.59,109.55
Equipment_4231,Condenser,190.1,18.38,113.34
Equipment_4232,Compressor,305.5,4.31,60.1
Equipment_4233,Reactor,491.71,17.96,229.36
Equipment_4234,Reactor,454.16,3.28,279.11
Equipment_4235,HeatExchanger,478.7,6.23,209.92
Equipment_4236,Pump,223.76,16.36,186.31
Equipment_4237,Separator,404.12,18.11,209.04
Equipment_4238,Reactor,328.95,14.0,323.53
Equipment_4239,Pump,87.23,2.99,61.73
Equipment_4240,Condenser,420.79,10.94,324.34
Equipment_4241,Compressor,354.7,11.88,283.22
Equipment_4242,Condenser,139.51,6.36,134.5
Equipment_4243,HeatExchanger,85.88,19.83,233.66
Equipment_4244,Valve,426.66,7.38,67.25
Equipment_4245,Valve,85.51,4.99,182.86
Equipment_4246,Valve,91.11,3.09,110.91
Equipment_4247,Condenser,242.33,8.19,57.81
Equipment_4248,Reactor,110.66,14.16,174.98
Equipment_4249,Compressor,461.15,5.4,304.14
Equipment_4250,Valve,261.63,15.62,372.36
Equipment_4251,HeatExchanger,306.12,3.57,281.79
Equipment_4252,HeatExchanger,467.65,9.37,190.69
Equipment_4253,Valve,288.62,14.35,399.82
Equipment_4254,Valve,209.12,3.57,149.03
Equipment_4255,Compressor,408.72,12.36,115.5
Equipment_4256,Valve,249.28,16.18,212.29
Equipment_4257,Compressor,193.31,12.32,226.72
Equipment_4258,HeatExchanger,375.45,10.72,174.19
Equipment_4259,Valve,410.72,16.93,293.42
Equipment_4260,Condenser,406.27,19.72,114.35
Equipment_4261,Separator,489.95,4.44,228.62
Equipment_4262,Condenser,404.0,14.14,225.04
Equipment_4263,HeatExchanger,396.47,2.53,338.33
Equipment_4264,Compressor,435.87,1.81,374.44
Equipment_4265,Condenser,50.08,6.34,282.14
Equipment_4266,Compressor,213.09,19.45,156.88
Equipment_4267,Condenser,381.92,11.49,291.36
Equipment_4268,Condenser,319.87,6.1,137.98
Equipment_4269,Compressor,129.91,3.52,388.29
Equipment_4270,Reactor,186.68,18.48,337.83
Equipment_4271,Condenser,201.56,7.88,200.92
Equipment_4272,Valve,305.52,6.83,324.52
Equipment_4273,Separator,424.22,17.3,193.03
Equipment_4274,HeatExchanger,469.62,12.48,76.11
Equipment_4275,Reactor,387.54,4.2,297.37
Equipment_4276,Compressor,429.33,9.01,191.61
Equipment_4277,Reactor,261.54,18.64,375.61
Equipment_4278,Pump,225.4,18.12,157.3
Equipment_4279,Pump,226.72,2.33,345.17
Equipment_4280,Condenser,327.22,6.1,288.15
Equipment_4281,Condenser,105.91,3.94,348.66
Equipment_4282,Valve,310.77,11.14,152.16
Equipment_4283,Separator,349.31,15.25,211.47
Equipment_4284,HeatExchanger,247.51,6.62,338.1
Equipment_4285,Reactor,478.93,15.4,275.34
Equipment_4286,Pump,323.7,13.71,175.97
Equipment_4287,Condenser,149.0,14.84,229.2
Equipment_4288,HeatExchanger,265.65,19.02,398.63
Equipment_4289,Reactor,353.93,9.07,309.65
Equipment_4290,Condenser,195.63,7.51,265.08
Equipment_4291,Condenser,85.84,13.99,339.77
Equipment_4292,Pump,312.55,16.34,204.71
Equipment_4293,Pump,476.54,4.64,382.52
Equipment_4294,Condenser,268.28,17.09,243.21
Equipment_4295,Compressor,457.75,2.1,164.41
Equipment_4296,Condenser,425.76,1.12,80.11
Equipment_4297,HeatExchanger,116.34,4.01,181.49
Equipment_4298,Condenser,368.68,19.59,249.02
Equipment_4299,Valve,245.96,10.95,296.14
Equipment_4300,Separator,162.61,1.88,356.29
Equipment_4301,Valve,359.12,19.95,380.39
Equipment_4302,Valve,384.2,15.15,85.86
Equipment_4303,Compressor,130.95,16.92,260.32
Equipment_4304,Compressor,461.5,5.05,283.31
Equipment_4305,Condenser,388.02,3.0,110.22
Equipment_4306,Valve,470.02,10.79,240.96
Equipment_4307,Compressor,192.68,15.67,167.19
Equipment_4308,Pump,472.7,13.12,77.1
Equipment_4309,Condenser,215.83,12.99,73.05
Equipment_4310,HeatExchanger,74.29,15.38,315.72
Equipment_4311,Separator,393.34,5.31,265.41
Equipment_4312,Reactor,366.58,13.57,300.29
Equipment_4313,Condenser,319.06,8.45,289.85
Equipment_4314,Reactor,270.45,2.33,97.01
Equipment_4315,Valve,64.47,4.84,103.05
Equipment_4316,Separator,331.07,16.09,138.37
Equipment_4317,Reactor,237.58,18.02,189.69
Equipment_4318,Valve,302.09,6.37,378.71
Equipment_4319,Pump,243.19,4.62,285.86
Equipment_4320,Reactor,484.73,1.51,139.31
Equipment_4321,Separator,321.85,19.01,69.59
Equipment_4322,Condenser,387.16,13.99,289.48
Equipment_4323,Valve,471.36,19.18,268.86
Equipment_4324,Condenser,316.22,17.41,286.52
Equipment_4325,Separator,55.43,7.47,141.41
Equipment_4326,Compressor,65.43,3.14,230.94
Equipment_4327,Valve,366.05,10.48,176.6
Equipment_4328,Reactor,175.59,1.51,336.19
Equipment_4329,Valve,310.72,3.85,74.29
Equipment_4330,Condenser,141.02,5.44,146.4
Equipment_4331,Pump,171.61,13.65,261.03
Equipment_4332,Valve,277.09,10.69,121.83
Equipment_4333,Reactor,489.01,6.75,285.45
Equipment_4334,Compressor,327.32,11.73,97.87
Equipment_4335,HeatExchanger,471.27,3.38,57.98
Equipment_4336,Pump,481.72,15.36,352.22
Equipment_4337,Compressor,143.65,14.53,166.71
Equipment_4338,Valve,190.04,5.11,104.9
Equipment_4339,Condenser,396.5,12.52,110.45
Equipment_4340,Separator,440.04,10.56,360.06
Equipment_4341,Condenser,283.65,2.16,279.05
Equipment_4342,Reactor,496.95,6.28,384.72
Equipment_4343,Condenser,55.21,19.99,330.01
Equipment_4344,Pump,184.82,2.89,318.64
Equipment_4345,Condenser,330.42,10.62,224.94
Equipment_4346,Reactor,261.18,17.14,337.28
Equipment_4347,HeatExchanger,102.47,6.71,194.43
Equipment_4348,Valve,215.5,5.95,339.45
Equipment_4349,Separator,61.45,17.93,315.21
Equipment_4350,Valve,339.24,6.79,287.45
Equipment_4351,Condenser,451.73,13.38,165.4
Equipment_4352,Compressor,448.19,15.07,270.75
Equipment_4353,Valve,364.8,15.98,227.38
Equipment_4354,HeatExchanger,259.6,19.9,211.54
Equipment_4355,Condenser,280.41,16.26,396.59
Equipment_4356,Separator,111.61,13.48,226.54
Equipment_4357,Reactor,203.46,18.01,61.2
Equipment_4358,HeatExchanger,134.48,18.21,269.26
Equipment_4359,Condenser,419.54,19.49,304.8
Equipment_4360,HeatExchanger,461.64,15.75,359.81
Equipment_4361,Valve,291.62,4.7,271.44
Equipment_4362,Separator,377.49,14.49,56.81
Equipment_4363,Reactor,104.66,2.43,91.91
Equipment_4364,Condenser,323.84,7.04,106.43
Equipment_4365,Pump,366.26,3.2,123.94
Equipment_4366,Reactor,253.75,19.05,329.92
Equipment_4367,Pump,159.47,7.44,158.42
Equipment_4368,HeatExchanger,444.82,14.55,159.33
Equipment_4369,Compressor,384.31,11.86,314.46
Equipment_4370,Reactor,454.94,3.04,194.35
Equipment_4371,HeatExchanger,418.28,11.67,72.62
Equipment_4372,Pump,495.67,13.56,254.79
Equipment_4373,Valve,136.48,17.75,95.52
Equipment_4374,Valve,89.04,2.33,250.08
Equipment_4375,Compressor,201.65,6.62,322.87
Equipment_4376,Reactor,108.05,14.15,375.32
Equipment_4377,Reactor,285.41,1.65,73.47
Equipment_4378,Reactor,334.86,4.87,156.39
Equipment_4379,HeatExchanger,310.23,5.15,278.36
Equipment_4380,Separator,166.66,13.72,160.41
Equipment_4381,Separator,458.97,6.43,207.86
Equipment_4382,Compressor,59.53,12.39,57.03
Equipment_4383,Reactor,206.61,19.34,292.72
Equipment_4384,HeatExchanger,373.55,16.07,359.15
Equipment_4385,Valve,395.12,7.33,391.9
Equipment_4386,Pump,237.25,9.98,340.69
Equipment_4387,HeatExchanger,57.61,4.81,61.12
Equipment_4388,Separator,328.12,1.3,278.15
Equipment_4389,Separator,78.39,6.5,223.48
Equipment_4390,Valve,98.54,8.02,378.26
Equipment_4391,Valve,342.61,11.72,365.75
Equipment_4392,Pump,190.62,18.94,395.82
Equipment_4393,Valve,206.61,19.01,351.68
Equipment_4394,Compressor,269.06,2.33,241.41
Equipment_4395,Pump,490.36,12.68,300.22
Equipment_4396,Valve,484.45,1.8,387.64
Equipment_4397,Condenser,237.32,13.31,252.34
Equipment_4398,HeatExchanger,169.47,3.24,343.99
Equipment_4399,Valve,186.17,18.98,379.77
Equipment_4400,Compressor,170.95,17.42,249.69
Equipment_4401,Reactor,289.51,1.42,105.7
Equipment_4402,Valve,323.09,15.86,104.45
Equipment_4403,Separator,269.95,13.08,90.36
Equipment_4404,Separator,233.6,10.41,216.71
Equipment_4405,Separator,145.08,12.45,218.05
Equipment_4406,Reactor,267.13,13.89,266.08
Equipment_4407,Separator,203.5,17.8,219.01
Equipment_4408,Condenser,293.72,15.58,390.57
Equipment_4409,Valve,353.84,11.93,151.96
Equipment_4410,Separator,334.99,16.67,355.84
Equipment_4411,Pump,258.12,19.75,85.12
Equipment_4412,Reactor,300.22,6.7,260.67
Equipment_4413,Condenser,178.19,3.25,276.91
Equipment_4414,Pump,60.91,14.9,320.28
Equipment_4415,Pump,331.26,19.59,226.06
Equipment_4416,Pump,163.66,3.22,119.03
Equipment_4417,Pump,351.03,9.2,179.15
Equipment_4418,Valve,386.15,2.18,145.26
Equipment_4419,Separator,462.17,15.75,196.69
Equipment_4420,HeatExchanger,481.16,19.03,235.49
Equipment_4421,Valve,54.74,10.48,268.77
Equipment_4422,Valve,495.67,8.78,345.79
Equipment_4423,Condenser,357.36,18.25,368.5
Equipment_4424,Condenser,339.59,3.53,211.9
Equipment_4425,Separator,56.85,17.94,81.04
Equipment_4426,HeatExchanger,437.56,8.45,328.97
Equipment_4427,Condenser,115.47,11.63,217.01
Equipment_4428,Separator,426.8,11.04,241.26
Equipment_4429,Separator,57.0,12.7,258.53
Equipment_4430,Compressor,340.68,18.9,283.75
Equipment_4431,HeatExchanger,245.66,19.07,361.54
Equipment_4432,Condenser,140.35,16.79,383.25
Equipment_4433,HeatExchanger,98.4,4.64,379.06
Equipment_4434,Valve,248.06,7.34,333.31
Equipment_4435,Valve,105.49,10.27,361.23
Equipment_4436,HeatExchanger,268.9,18.2,67.38
Equipment_4437,Compressor,331.35,10.9,347.19
Equipment_4438,Compressor,422.32,19.57,75.29
Equipment_4439,HeatExchanger,355.39,19.69,311.17
Equipment_4440,Condenser,79.34,12.37,109.28
Equipment_4441,Reactor,188.34,17.67,176.04
Equipment_4442,Compressor,179.59,19.99,114.46
Equipment_4443,Pump,461.76,17.14,205.21
Equipment_4444,Valve,440.5,13.48,194.11
Equipment_4445,HeatExchanger,216.57,17.06,66.82
Equipment_4446,Pump,82.02,2.57,340.67
Equipment_4447,HeatExchanger,452.35,13.06,348.97
Equipment_4448,Separator,449.69,5.11,325.63
Equipment_4449,Valve,434.64,3.21,346.66
Equipment_4450,Valve,430.29,17.96,312.81
Equipment_4451,Compressor,266.11,13.15,378.12
Equipment_4452,Compressor,129.84,5.63,251.74
Equipment_4453,Pump,264.87,8.35,253.92
Equipment_4454,Separator,272.57,19.49,350.97
Equipment_4455,HeatExchanger,270.47,17.38,172.3
Equipment_4456,Separator,292.45,1.3,67.53
Equipment_4457,Valve,165.95,19.62,312.45
Equipment_4458,Pump,214.81,8.0,139.11
Equipment_4459,Reactor,245.38,14.21,215.98
Equipment_4460,Pump,109.0,14.54,134.15
Equipment_4461,Condenser,254.91,18.32,339.48
Equipment_4462,Pump,414.71,17.82,385.4
Equipment_4463,Separator,422.63,6.35,69.26
Equipment_4464,Condenser,235.2,13.23,131.68
Equipment_4465,Condenser,283.46,8.48,116.35
Equipment_4466,Condenser,65.14,10.99,285.62
Equipment_4467,Reactor,353.49,11.54,200.04
Equipment_4468,Pump,232.07,8.53,209.69
Equipment_4469,Separator,250.46,9.81,104.98
Equipment_4470,Pump,443.15,4.96,195.16
Equipment_4471,Reactor,257.83,12.55,156.13
Equipment_4472,Valve,59.54,15.42,263.92
Equipment_4473,Compressor,152.37,9.17,126.03
Equipment_4474,Separator,264.03,19.58,265.18
Equipment_4475,Separator,240.98,2.09,182.21
Equipment_4476,Pump,437.17,12.19,171.2
Equipment_4477,Compressor,293.96,12.09,156.94
Equipment_4478,HeatExchanger,360.34,1.69,285.84
Equipment_4479,HeatExchanger,261.2,5.27,246.85
Equipment_4480,Reactor,247.85,18.21,348.1
Equipment_4481,HeatExchanger,250.83,11.35,134.56
Equipment_4482,Separator,234.91,9.29,64.04
Equipment_4483,HeatExchanger,292.36,8.89,113.71
Equipment_4484,Valve,162.7,17.88,170.17
Equipment_4485,Valve,450.97,7.97,112.88
Equipment_4486,Valve,199.89,17.32,79.23
Equipment_4487,HeatExchanger,116.39,6.87,205.87
Equipment_4488,Reactor,93.45,11.1,286.93
Equipment_4489,Condenser,56.04,3.73,313.05
Equipment_4490,Condenser,240.29,16.68,189.55
Equipment_4491,Compressor,134.42,14.98,217.32
Equipment_4492,Condenser,59.74,11.07,314.41
Equipment_4493,Condenser,284.01,1.49,173.45
Equipment_4494,Valve,355.99,10.14,324.67
Equipment_4495,Valve,88.59,5.28,388.58
Equipment_4496,HeatExchanger,257.41,8.85,358.17
Equipment_4497,Compressor,384.63,17.27,208.76
Equipment_4498,Pump,493.61,15.62,252.83
Equipment_4499,Separator,350.24,5.6,300.75
Equipment_4500,Compressor,160.18,19.71,172.26
Equipment_4501,Compressor,372.45,18.16,329.73
Equipment_4502,Reactor,319.07,11.04,202.92
Equipment_4503,HeatExchanger,145.31,11.07,346.39
Equipment_4504,Reactor,433.0,18.12,139.16
Equipment_4505,Compressor,242.33,13.09,53.98
Equipment_4506,Compressor,482.89,11.2,271.44
Equipment_4507,Compressor,375.31,15.23,208.16
Equipment_4508,Condenser,340.05,5.47,70.94
Equipment_4509,Separator,377.76,17.69,220.66
Equipment_4510,Separator,265.14,11.1,109.0
Equipment_4511,Reactor,277.35,12.47,270.41
Equipment_4512,Compressor,433.04,2.71,205.77
Equipment_4513,Separator,356.42,6.88,109.89
Equipment_4514,Valve,453.76,9.11,194.18
Equipment_4515,Separator,450.87,8.86,131.45
Equipment_4516,HeatExchanger,489.42,15.79,278.58
Equipment_4517,HeatExchanger,365.1,6.36,153.3
Equipment_4518,Separator,276.04,4.46,337.71
Equipment_4519,Valve,124.84,12.07,54.96
Equipment_4520,HeatExchanger,367.42,12.69,191.2
Equipment_4521,Condenser,181.21,3.31,265.98
Equipment_4522,Separator,177.33,1.05,57.91
Equipment_4523,Condenser,157.23,18.44,125.54
Equipment_4524,Separator,443.8,2.51,164.6
Equipment_4525,Pump,440.58,18.06,57.65
Equipment_4526,Pump,333.94,8.59,241.34
Equipment_4527,Pump,262.84,13.41,270.8
Equipment_4528,HeatExchanger,352.45,4.53,129.63
Equipment_4529,Condenser,323.25,16.65,240.22
Equipment_4530,Condenser,237.08,4.42,399.69
Equipment_4531,Condenser,220.83,8.34,360.42
Equipment_4532,Valve,222.26,5.52,70.53
Equipment_4533,Condenser,315.11,16.91,94.76
Equipment_4534,Valve,341.45,17.31,223.04
Equipment_4535,Pump,253.28,8.07,135.82
Equipment_4536,Pump,485.91,6.84,78.34
Equipment_4537,HeatExchanger,87.73,15.7,139.09
Equipment_4538,Separator,206.17,17.69,71.41
Equipment_4539,Pump,238.58,12.86,235.47
Equipment_4540,Separator,57.61,18.62,221.59
Equipment_4541,Separator,214.23,8.28,52.21
Equipment_4542,HeatExchanger,173.17,3.89,218.88
Equipment_4543,Compressor,277.72,4.41,231.93
Equipment_4544,Compressor,201.38,13.73,262.0
Equipment_4545,Reactor,376.78,8.74,389.53
Equipment_4546,HeatExchanger,279.47,3.97,393.94
Equipment_4547,Reactor,108.39,6.55,234.43
Equipment_4548,Reactor,387.53,11.08,345.82
Equipment_4549,Compressor,94.65,3.31,79.81
Equipment_4550,HeatExchanger,427.57,1.07,235.9
Equipment_4551,Compressor,469.14,18.43,287.62
Equipment_4552,Reactor,195.1,6.79,247.66
Equipment_4553,HeatExchanger,466.76,5.21,130.75
Equipment_4554,Reactor,406.85,14.27,71.93
Equipment_4555,Condenser,465.1,17.21,185.33
Equipment_4556,Separator,349.82,13.01,276.67
Equipment_4557,HeatExchanger,156.04,5.84,397.1
Equipment_4558,HeatExchanger,452.54,17.37,132.79
Equipment_4559,Separator,132.92,10.7,371.23
Equipment_4560,Reactor,145.88,8.24,73.89
Equipment_4561,Condenser,171.98,12.49,375.85
Equipment_4562,Valve,186.91,14.31,341.33
Equipment_4563,Separator,281.52,12.28,57.33
Equipment_4564,Compressor,371.06,18.48,154.36
Equipment_4565,Reactor,466.79,12.93,67.83
Equipment_4566,Separator,89.8,17.69,398.43
Equipment_4567,Separator,479.47,12.15,199.75
Equipment_4568,HeatExchanger,464.6,7.26,281.76
Equipment_4569,Compressor,74.3,11.11,131.97
Equipment_4570,Compressor,212.14,2.64,376.81
Equipment_4571,Compressor,415.91,5.37,145.96
Equipment_4572,Separator,325.21,15.56,141.08
Equipment_4573,Valve,400.59,13.57,160.11
Equipment_4574,Pump,373.57,4.16,211.87
Equipment_4575,Reactor,273.55,9.32,56.49
Equipment_4576,Pump,68.55,3.7,259.24
Equipment_4577,Separator,312.92,17.26,61.08
Equipment_4578,Pump,71.85,3.07,238.72
Equipment_4579,Separator,321.68,13.43,210.26
Equipment_4580,Pump,410.18,12.53,134.89
Equipment_4581,Compressor,313.25,9.98,165.42
Equipment_4582,Condenser,498.66,6.29,296.98
Equipment_4583,Compressor,255.14,8.68,53.36
Equipment_4584,Compressor,386.97,16.32,160.83
Equipment_4585,HeatExchanger,350.25,15.47,288.1
Equipment_4586,HeatExchanger,496.14,15.04,103.3
Equipment_4587,Pump,370.95,15.25,246.13
Equipment_4588,Separator,123.81,3.73,109.13
Equipment_4589,Compressor,479.98,2.88,104.17
Equipment_4590,Pump,350.5,17.37,320.3
Equipment_4591,HeatExchanger,76.7,16.91,143.28
Equipment_4592,Condenser,345.91,13.95,181.52
Equipment_4593,Reactor,447.4,12.51,305.51
Equipment_4594,Pump,309.67,7.97,112.83
Equipment_4595,Condenser,209.31,5.26,236.11
Equipment_4596,Reactor,419.41,13.69,371.24
Equipment_4597,Valve,402.13,18.35,243.84
Equipment_4598,Pump,294.88,9.3,67.1
Equipment_4599,Pump,119.46,6.76,256.39
Equipment_4600,Valve,162.94,6.14,81.55
Equipment_4601,Valve,382.32,1.45,148.74
Equipment_4602,Pump,412.74,10.89,347.39
Equipment_4603,Valve,175.67,19.78,53.87
Equipment_4604,Compressor,215.59,16.49,76.95
Equipment_4605,Reactor,84.93,18.05,177.18
Equipment_4606,Reactor,371.06,12.8,399.79
Equipment_4607,Reactor,51.61,10.15,152.15
Equipment_4608,Compressor,70.94,19.82,105.05
Equipment_4609,Separator,51.95,9.5,242.3
Equipment_4610,Valve,340.39,18.42,231.74
Equipment_4611,Condenser,237.82,15.48,207.37
Equipment_4612,Valve,183.9,7.29,381.33
Equipment_4613,Pump,460.72,10.56,148.05
Equipment_4614,HeatExchanger,136.76,8.3,152.66
Equipment_4615,Reactor,225.22,3.59,99.09
Equipment_4616,Valve,473.14,7.78,294.05
Equipment_4617,Condenser,242.2,17.89,162.48
Equipment_4618,Pump,299.61,15.3,330.96
Equipment_4619,Compressor,86.15,6.27,390.12
Equipment_4620,Separator,405.57,7.99,65.29
Equipment_4621,Compressor,240.24,12.71,397.59
Equipment_4622,Condenser,410.23,8.91,138.94
Equipment_4623,Pump,164.21,10.56,197.04
Equipment_4624,Reactor,240.12,14.27,322.21
Equipment_4625,Valve,403.95,9.88,282.87
Equipment_4626,Pump,488.24,4.63,322.45
Equipment_4627,Separator,76.83,10.89,213.22
Equipment_4628,Compressor,415.61,7.77,370.62
Equipment_4629,Separator,185.31,6.52,326.48
Equipment_4630,Separator,297.83,7.23,158.23
Equipment_4631,Condenser,180.54,9.34,381.97
Equipment_4632,Condenser,326.05,17.85,386.37
Equipment_4633,Valve,209.21,14.95,195.27
Equipment_4634,Condenser,200.13,13.69,278.19
Equipment_4635,Condenser,67.07,9.95,335.17
Equipment_4636,Pump,116.13,1.03,336.06
Equipment_4637,Reactor,462.69,7.47,54.94
Equipment_4638,Valve,499.22,16.45,270.15
Equipment_4639,Pump,401.23,8.38,390.79
Equipment_4640,Reactor,179.07,11.71,130.97
Equipment_4641,Separator,231.1,4.89,328.46
Equipment_4642,Pump,382.78,18.4,236.99
Equipment_4643,HeatExchanger,485.83,18.54,127.51
Equipment_4644,Pump,254.96,3.78,67.86
Equipment_4645,Condenser,423.29,14.76,315.97
Equipment_4646,Reactor,488.78,2.43,160.76
Equipment_4647,Valve,443.06,12.37,181.46
Equipment_4648,Valve,152.22,4.39,219.83
Equipment_4649,Reactor,53.61,3.77,227.52
Equipment_4650,Condenser,271.44,1.08,122.16
Equipment_4651,Compressor,289.11,18.88,284.72
Equipment_4652,Pump,140.56,16.76,292.39
Equipment_4653,Condenser,178.1,2.47,99.81
Equipment_4654,HeatExchanger,394.32,12.39,236.52
Equipment_4655,Separator,261.66,5.43,263.24
Equipment_4656,Reactor,192.81,6.02,115.19
Equipment_4657,Pump,330.18,17.61,363.06
Equipment_4658,Valve,343.74,3.17,218.99
Equipment_4659,Separator,396.23,12.43,90.26
Equipment_4660,Compressor,120.52,8.62,167.04
Equipment_4661,HeatExchanger,383.68,4.63,216.94
Equipment_4662,Valve,319.74,9.59,53.55
Equipment_4663,Reactor,75.91,18.87,61.17
Equipment_4664,Pump,399.85,15.85,69.43
Equipment_4665,Reactor,222.39,3.51,238.35
Equipment_4666,Separator,198.67,17.14,167.63
Equipment_4667,Pump,251.63,18.81,362.59
Equipment_4668,Condenser,205.78,6.26,245.73
Equipment_4669,Compressor,202.23,7.33,315.96
Equipment_4670,Condenser,413.63,3.4,290.5
Equipment_4671,Condenser,106.03,7.55,232.11
Equipment_4672,Reactor,486.77,13.79,310.65
Equipment_4673,Separator,299.72,6.17,240.65
Equipment_4674,Compressor,132.32,1.13,184.91
Equipment_4675,Pump,109.05,7.43,202.53
Equipment_4676,Pump,316.18,9.61,343.48
Equipment_4677,HeatExchanger,334.85,11.76,247.15
Equipment_4678,Valve,73.86,13.99,182.05
Equipment_4679,HeatExchanger,159.35,2.17,112.91
Equipment_4680,HeatExchanger,407.96,9.93,223.38
Equipment_4681,Pump,72.33,6.06,138.34
Equipment_4682,Reactor,434.79,19.01,384.45
Equipment_4683,Condenser,346.17,7.84,221.84
Equipment_4684,Separator,245.49,2.9,53.13
Equipment_4685,Condenser,205.89,1.79,82.51
Equipment_4686,Condenser,58.66,6.04,149.51
Equipment_4687,Compressor,421.35,4.4,82.26
Equipment_4688,Pump,114.22,13.35,362.89
Equipment_4689,Separator,189.29,17.09,349.02
Equipment_4690,Reactor,306.1,6.94,389.8
Equipment_4691,Compressor,160.7,11.98,297.26
Equipment_4692,Valve,273.71,14.88,275.91
Equipment_4693,Reactor,414.2,8.57,373.22
Equipment_4694,HeatExchanger,261.74,2.26,381.24
Equipment_4695,Reactor,477.04,5.35,357.12
Equipment_4696,Reactor,431.38,17.78,351.52
Equipment_4697,Condenser,199.87,16.67,285.1
Equipment_4698,Reactor,229.98,2.64,50.56
Equipment_4699,HeatExchanger,240.5,5.26,200.33
Equipment_4700,HeatExchanger,331.78,15.61,272.48
Equipment_4701,Pump,179.06,10.23,241.49
Equipment_4702,Reactor,486.16,15.44,337.39
Equipment_4703,Condenser,323.91,5.01,336.62
Equipment_4704,Reactor,229.73,19.1,259.54
Equipment_4705,Valve,340.25,15.89,57.7
Equipment_4706,Valve,227.93,4.75,179.27
Equipment_4707,Condenser,418.01,11.61,130.09
Equipment_4708,Pump,305.53,3.15,168.58
Equipment_4709,Pump,68.89,7.87,266.05
Equipment_4710,HeatExchanger,129.54,13.53,73.26
Equipment_4711,HeatExchanger,439.25,7.27,57.78
Equipment_4712,Compressor,303.3,13.48,202.91
Equipment_4713,Condenser,477.65,5.65,327.75
Equipment_4714,Reactor,82.59,14.7,60.74
Equipment_4715,Separator,182.87,7.83,347.17
Equipment_4716,Condenser,137.09,16.02,184.36
Equipment_4717,Compressor,299.23,3.6,91.38
Equipment_4718,HeatExchanger,222.26,7.88,248.62
Equipment_4719,Condenser,120.77,9.81,383.33
Equipment_4720,Condenser,339.24,9.05,239.88
Equipment_4721,HeatExchanger,291.33,9.23,290.32
Equipment_4722,Compressor,173.63,9.45,335.75
Equipment_4723,HeatExchanger,265.9,19.79,329.77
Equipment_4724,Pump,385.58,4.67,75.59
Equipment_4725,Reactor,142.37,15.6,309.35
Equipment_4726,HeatExchanger,181.81,11.48,382.31
Equipment_4727,Compressor,205.75,8.86,295.23
Equipment_4728,Valve,386.03,13.04,342.76
Equipment_4729,Pump,431.12,17.22,219.94
Equipment_4730,Valve,219.37,9.87,161.67
Equipment_4731,Separator,183.48,17.43,286.68
Equipment_4732,HeatExchanger,450.25,2.78,222.27
Equipment_4733,Pump,499.71,13.41,363.35
Equipment_4734,Reactor,351.66,7.33,391.03
Equipment_4735,HeatExchanger,495.49,8.35,336.93
Equipment_4736,Reactor,346.98,11.85,397.44
Equipment_4737,Condenser,380.06,10.12,171.93
Equipment_4738,Valve,224.9,8.25,363.51
Equipment_4739,Pump,244.84,6.86,165.48
Equipment_4740,Reactor,114.86,12.75,91.31
Equipment_4741,Compressor,420.24,10.61,267.48
Equipment_4742,Reactor,468.98,7.14,209.25
Equipment_4743,Compressor,330.55,4.89,372.59
Equipment_4744,HeatExchanger,204.64,15.71,222.27
Equipment_4745,Pump,119.31,16.19,374.67
Equipment_4746,Reactor,169.32,5.06,77.52
Equipment_4747,Separator,164.93,5.97,340.68
Equipment_4748,Reactor,326.09,5.54,315.69
Equipment_4749,Separator,475.27,17.81,301.99
Equipment_4750,Pump,71.72,15.71,174.3
Equipment_4751,Reactor,50.46,2.42,324.32
Equipment_4752,Compressor,320.08,16.82,219.15
Equipment_4753,Reactor,177.83,1.7,300.32
Equipment_4754,Valve,446.25,5.81,243.28
Equipment_4755,HeatExchanger,197.26,18.46,105.1
Equipment_4756,Condenser,180.38,17.42,72.6
Equipment_4757,Compressor,171.28,15.85,178.17
Equipment_4758,Valve,115.18,9.69,376.48
Equipment_4759,Separator,311.69,7.11,235.41
Equipment_4760,HeatExchanger,125.7,17.75,330.77
Equipment_4761,Pump,241.08,13.48,251.58
Equipment_4762,Compressor,257.44,6.61,385.27
Equipment_4763,Condenser,59.22,9.8,179.31
Equipment_4764,HeatExchanger,57.56,17.75,69.97
Equipment_4765,Separator,284.1,18.17,323.23
Equipment_4766,Condenser,363.22,13.53,296.91
Equipment_4767,Pump,473.96,14.92,234.64
Equipment_4768,Pump,130.6,1.75,164.24
Equipment_4769,Separator,96.47,12.49,115.89
Equipment_4770,Compressor,73.44,14.09,218.8
Equipment_4771,Separator,246.22,1.39,283.17
Equipment_4772,Reactor,330.42,17.03,252.61
Equipment_4773,Pump,428.25,18.64,203.12
Equipment_4774,HeatExchanger,357.19,5.52,238.89
Equipment_4775,Reactor,143.76,17.07,87.78
Equipment_4776,Valve,257.8,13.64,293.54
Equipment_4777,Condenser,459.66,12.03,306.99
Equipment_4778,Reactor,197.03,17.02,54.01
Equipment_4779,Condenser,274.43,6.43,144.68
Equipment_4780,Separator,481.35,16.03,82.24
Equipment_4781,Reactor,380.62,6.98,399.38
Equipment_4782,Separator,386.48,15.96,257.67
Equipment_4783,Valve,163.55,9.57,213.01
Equipment_4784,Pump,236.61,3.22,212.05
Equipment_4785,Valve,87.05,8.25,387.67
Equipment_4786,Pump,322.94,5.44,280.95
Equipment_4787,Separator,96.68,2.91,109.03
Equipment_4788,Pump,426.16,3.1,206.86
Equipment_4789,Condenser,416.55,15.82,320.97
Equipment_4790,HeatExchanger,290.12,17.75,198.17
Equipment_4791,Valve,113.52,18.62,158.34
Equipment_4792,Reactor,61.51,17.22,396.93
Equipment_4793,Valve,408.52,16.77,377.47
Equipment_4794,Condenser,320.06,2.31,379.55
Equipment_4795,Pump,369.92,16.01,96.09
Equipment_4796,Condenser,186.71,15.88,131.99
Equipment_4797,Compressor,279.27,3.49,204.72
Equipment_4798,Compressor,386.23,13.58,341.25
Equipment_4799,Reactor,258.15,9.6,307.89
Equipment_4800,Condenser,320.62,18.1,347.38
Equipment_4801,Separator,405.38,14.21,372.27
Equipment_4802,Reactor,146.85,19.07,323.27
Equipment_4803,Separator,79.67,2.99,141.62
Equipment_4804,Reactor,289.32,1.77,149.91
Equipment_4805,Compressor,77.96,19.5,173.37
Equipment_4806,Reactor,394.95,2.52,156.08
Equipment_4807,Compressor,373.65,8.34,137.18
Equipment_4808,Pump,446.77,13.35,313.37
Equipment_4809,Separator,337.8,17.72,61.9
Equipment_4810,Condenser,80.24,5.84,304.94
Equipment_4811,Reactor,163.92,1.55,338.25
Equipment_4812,Compressor,413.57,10.9,73.12
Equipment_4813,Valve,125.21,9.95,71.65
Equipment_4814,Separator,364.32,6.83,149.91
Equipment_4815,Reactor,401.12,17.6,122.91
Equipment_4816,HeatExchanger,198.55,15.24,253.4
Equipment_4817,Pump,195.03,17.3,286.41
Equipment_4818,Pump,301.01,4.07,271.95
Equipment_4819,Valve,437.58,14.16,175.07
Equipment_4820,Compressor,150.76,19.53,224.44
Equipment_4821,Reactor,473.57,12.63,274.0
Equipment_4822,Separator,319.6,4.26,91.8
Equipment_4823,Compressor,496.46,19.92,130.33
Equipment_4824,Pump,90.33,11.04,361.67
Equipment_4825,Compressor,106.95,16.96,169.81
Equipment_4826,Pump,421.99,3.84,330.4
Equipment_4827,Compressor,439.14,13.66,137.85
Equipment_4828,Valve,250.46,18.34,64.57
Equipment_4829,Condenser,371.33,11.11,225.14
Equipment_4830,Valve,440.4,6.48,362.37
Equipment_4831,Valve,69.41,3.42,336.75
Equipment_4832,Condenser,308.28,6.62,138.53
Equipment_4833,Condenser,434.07,7.74,368.48
Equipment_4834,Reactor,229.17,14.49,217.9
Equipment_4835,Separator,186.07,4.39,67.15
Equipment_4836,Separator,408.07,3.02,59.77
Equipment_4837,Reactor,201.1,8.35,219.79
Equipment_4838,Valve,51.43,9.71,241.21
Equipment_4839,Valve,481.81,12.94,77.97
Equipment_4840,Pump,316.46,14.44,372.78
Equipment_4841,Pump,418.78,17.9,301.38
Equipment_4842,Separator,421.39,6.49,330.45
Equipment_4843,Reactor,79.88,11.04,254.41
Equipment_4844,HeatExchanger,126.89,7.95,282.24
Equipment_4845,HeatExchanger,190.0,1.03,185.75
Equipment_4846,Reactor,194.31,12.01,287.75
Equipment_4847,Pump,346.45,16.5,392.36
Equipment_4848,Separator,330.41,1.69,276.7
Equipment_4849,Separator,272.57,1.07,169.57
Equipment_4850,Pump,145.07,14.83,149.83
Equipment_4851,HeatExchanger,221.89,13.99,387.17
Equipment_4852,Compressor,294.62,8.71,114.75
Equipment_4853,Compressor,260.59,13.57,332.17
Equipment_4854,Pump,107.28,19.11,212.84
Equipment_4855,Compressor,342.28,5.71,205.32
Equipment_4856,Condenser,82.87,5.67,311.64
Equipment_4857,Reactor,220.19,4.54,101.81
Equipment_4858,Reactor,369.51,14.76,213.2
Equipment_4859,Pump,59.01,7.71,62.54
Equipment_4860,Valve,306.49,19.79,284.64
Equipment_4861,HeatExchanger,200.53,14.58,70.43
Equipment_4862,Pump,53.97,7.98,80.55
Equipment_4863,Compressor,135.67,3.83,345.69
Equipment_4864,HeatExchanger,473.43,12.25,205.03
Equipment_4865,Valve,284.52,6.6,120.34
Equipment_4866,Compressor,498.75,18.2,257.4
Equipment_4867,Separator,286.17,9.39,231.75
Equipment_4868,Condenser,294.77,6.56,193.82
Equipment_4869,Compressor,226.33,12.18,366.9
Equipment_4870,Condenser,189.52,3.6,312.31
Equipment_4871,HeatExchanger,163.2,11.67,103.06
Equipment_4872,Condenser,204.54,2.07,249.77
Equipment_4873,HeatExchanger,256.93,12.53,81.06
Equipment_4874,HeatExchanger,136.4,11.07,135.63
Equipment_4875,HeatExchanger,151.19,10.89,368.45
Equipment_4876,HeatExchanger,172.2,14.0,211.73
Equipment_4877,HeatExchanger,252.17,1.84,362.24
Equipment_4878,Compressor,343.77,9.73,108.1
Equipment_4879,HeatExchanger,435.27,9.44,121.87
Equipment_4880,Compressor,179.21,9.74,173.49
Equipment_4881,HeatExchanger,132.68,19.62,178.21
Equipment_4882,Condenser,220.48,3.65,310.85
Equipment_4883,Separator,452.47,14.12,259.79
Equipment_4884,HeatExchanger,54.44,8.64,243.64
Equipment_4885,Valve,355.04,10.72,260.83
Equipment_4886,HeatExchanger,264.72,15.49,306.27
Equipment_4887,HeatExchanger,122.47,3.99,362.49
Equipment_4888,Condenser,194.46,15.51,195.16
Equipment_4889,Reactor,151.23,2.34,331.02
Equipment_4890,Condenser,445.02,10.18,223.28
Equipment_4891,Valve,266.84,15.1,302.73
Equipment_4892,Reactor,303.39,4.66,356.19
Equipment_4893,Pump,317.16,15.65,61.28
Equipment_4894,Pump,337.83,4.17,241.32
Equipment_4895,Valve,273.0,16.19,396.28
Equipment_4896,Condenser,58.04,9.91,223.68
Equipment_4897,Compressor,200.63,14.01,352.51
Equipment_4898,Valve,132.74,18.43,115.06
Equipment_4899,Separator,356.06,8.76,261.5
Equipment_4900,Reactor,75.52,5.43,354.61
Equipment_4901,Reactor,303.71,17.48,201.04
Equipment_4902,HeatExchanger,144.78,4.07,220.35
Equipment_4903,Pump,476.98,13.0,78.71
Equipment_4904,Reactor,200.99,18.54,64.76
Equipment_4905,Valve,196.35,13.81,214.05
Equipment_4906,Reactor,465.52,4.72,345.22
Equipment_4907,Valve,237.81,3.89,375.96
Equipment_4908,Compressor,483.29,5.79,280.53
Equipment_4909,HeatExchanger,60.88,8.44,339.24
Equipment_4910,Pump,187.86,4.02,307.2
Equipment_4911,Reactor,349.79,16.16,295.52
Equipment_4912,Valve,450.89,7.78,319.16
Equipment_4913,Condenser,165.38,18.79,226.86
Equipment_4914,Pump,468.71,17.01,210.28
Equipment_4915,Compressor,317.35,18.27,105.7
Equipment_4916,Valve,410.45,6.6,345.34
Equipment_4917,Separator,228.74,11.9,65.61
Equipment_4918,Separator,145.48,7.11,143.61
Equipment_4919,HeatExchanger,460.06,5.88,231.97
Equipment_4920,HeatExchanger,469.91,12.53,390.06
Equipment_4921,Compressor,273.91,16.54,325.09
Equipment_4922,Compressor,52.92,2.78,179.03
Equipment_4923,HeatExchanger,99.4,6.24,299.88
Equipment_4924,Reactor,307.86,4.9,375.98
Equipment_4925,Reactor,60.7,16.17,238.61
Equipment_4926,Valve,228.61,18.73,211.68
Equipment_4927,Condenser,186.52,2.52,243.55
Equipment_4928,Valve,371.46,8.21,159.04
Equipment_4929,Condenser,75.01,18.38,367.57
Equipment_4930,Compressor,269.93,7.55,329.05
Equipment_4931,Pump,310.6,14.54,296.92
Equipment_4932,Valve,327.78,2.91,256.18
Equipment_4933,Valve,232.32,9.44,389.32
Equipment_4934,Condenser,186.97,10.56,154.2
Equipment_4935,Compressor,357.12,15.4,149.1
Equipment_4936,Compressor,431.41,6.49,134.75
Equipment_4937,Separator,362.13,6.02,309.62
Equipment_4938,Condenser,469.45,6.76,329.05
Equipment_4939,Compressor,372.77,11.56,258.99
Equipment_4940,HeatExchanger,394.08,17.64,278.19
Equipment_4941,Reactor,125.56,16.79,172.14
Equipment_4942,Separator,238.79,2.1,63.92
Equipment_4943,HeatExchanger,268.27,17.7,138.77
Equipment_4944,Pump,165.33,2.81,254.51
Equipment_4945,Valve,287.84,8.89,334.53
Equipment_4946,Separator,180.86,15.54,322.02
Equipment_4947,Pump,359.38,2.55,112.82
Equipment_4948,Valve,261.63,1.77,68.01
Equipment_4949,Reactor,256.46,7.27,347.7
Equipment_4950,Compressor,492.64,14.87,76.46
Equipment_4951,HeatExchanger,226.6,10.91,187.66
Equipment_4952,Condenser,213.03,8.92,82.98
Equipment_4953,HeatExchanger,193.37,16.45,247.42
Equipment_4954,Reactor,452.64,15.57,177.17
Equipment_4955,Pump,273.53,15.93,120.87
Equipment_4956,Condenser,320.01,9.73,258.31
Equipment_4957,Compressor,131.37,1.37,177.19
Equipment_4958,Reactor,293.42,4.27,108.38
Equipment_4959,Condenser,173.59,15.08,295.03
Equipment_4960,Reactor,378.79,15.31,342.88
Equipment_4961,Reactor,424.64,19.47,145.81
Equipment_4962,Compressor,371.66,4.61,115.25
Equipment_4963,Separator,378.61,3.34,76.34
Equipment_4964,Valve,280.61,3.64,234.77
Equipment_4965,Condenser,370.45,4.51,340.95
Equipment_4966,Compressor,240.21,11.04,137.78
Equipment_4967,Reactor,343.17,19.53,211.22
Equipment_4968,Compressor,166.57,12.2,106.28
Equipment_4969,Separator,81.39,10.93,191.47
Equipment_4970,Valve,236.06,13.79,55.41
Equipment_4971,HeatExchanger,257.8,2.4,368.76
Equipment_4972,Condenser,165.38,16.49,286.8
Equipment_4973,Valve,377.47,13.29,166.48
Equipment_4974,Pump,83.1,4.25,358.42
Equipment_4975,Condenser,150.24,12.98,114.03
Equipment_4976,Valve,386.85,12.33,77.56
Equipment_4977,Reactor,246.71,2.23,379.92
Equipment_4978,Condenser,367.38,6.07,158.16
Equipment_4979,Condenser,305.37,8.43,377.59
Equipment_4980,Compressor,477.82,5.65,273.16
Equipment_4981,Reactor,319.01,5.62,393.02
Equipment_4982,Pump,56.69,11.89,313.7
Equipment_4983,HeatExchanger,208.79,9.95,86.92
Equipment_4984,Separator,114.38,13.68,348.28
Equipment_4985,Valve,466.09,19.17,101.76
Equipment_4986,Compressor,96.81,13.55,292.27
Equipment_4987,Valve,224.47,12.06,225.14
Equipment_4988,Pump,151.74,17.1,297.7
Equipment_4989,Pump,431.02,13.01,317.75
Equipment_4990,Condenser,188.85,4.15,331.28
Equipment_4991,Separator,496.35,6.98,342.24
Equipment_4992,Pump,67.38,14.93,346.53
Equipment_4993,Valve,107.72,15.03,194.4
Equipment_4994,Reactor,151.09,19.75,361.23
Equipment_4995,Reactor,415.0,12.91,301.85
Equipment_4996,Condenser,445.33,18.09,343.64
Equipment_4997,HeatExchanger,82.15,2.04,396.22
Equipment_4998,Valve,64.61,11.76,90.75
Equipment_4999,Valve,385.05,18.48,179.7
Equipment_5000,Pump,110.01,6.46,332.29
Equipment_5001,Separator,109.85,3.94,80.21
Equipment_5002,Valve,60.06,7.66,239.27
Equipment_5003,Compressor,72.41,16.05,350.44
Equipment_5004,HeatExchanger,168.65,2.61,56.65
Equipment_5005,Pump,79.25,12.41,378.83
Equipment_5006,Compressor,216.0,3.58,392.35
Equipment_5007,Condenser,424.75,9.28,162.8
Equipment_5008,Reactor,196.84,19.35,318.38
Equipment_5009,Condenser,377.53,4.71,94.51
Equipment_5010,Reactor,92.26,1.65,320.5
Equipment_5011,Condenser,346.72,9.12,218.53
Equipment_5012,Valve,192.54,11.98,351.1
Equipment_5013,Compressor,387.39,6.65,124.41
Equipment_5014,Reactor,111.31,11.29,285.43
Equipment_5015,Pump,454.05,19.11,325.14
Equipment_5016,Compressor,159.16,6.92,120.87
Equipment_5017,Pump,208.91,6.88,336.4
Equipment_5018,Compressor,477.58,10.17,385.29
Equipment_5019,Compressor,310.32,10.79,265.63
Equipment_5020,Condenser,214.6,1.03,324.7
Equipment_5021,Reactor,477.32,12.7,236.4
Equipment_5022,Reactor,198.08,19.95,259.34
Equipment_5023,Separator,92.69,6.55,54.67
Equipment_5024,Compressor,498.58,12.99,233.5
Equipment_5025,Valve,170.53,1.09,251.45
Equipment_5026,Valve,433.07,12.48,284.52
Equipment_5027,Pump,124.49,9.49,109.29
Equipment_5028,Pump,379.11,11.08,134.48
Equipment_5029,Condenser,286.0,11.33,314.6
Equipment_5030,Compressor,491.41,4.36,108.67
Equipment_5031,Pump,298.77,15.63,195.61
Equipment_5032,Pump,61.26,11.55,137.67
Equipment_5033,HeatExchanger,321.75,6.13,240.81
Equipment_5034,Compressor,115.39,18.81,395.4
Equipment_5035,Condenser,409.34,1.24,348.21
Equipment_5036,Pump,435.46,14.79,144.32
Equipment_5037,Condenser,266.94,8.24,179.01
Equipment_5038,Reactor,402.45,10.93,371.52
Equipment_5039,Condenser,115.3,6.54,364.4
Equipment_5040,Valve,271.44,7.1,106.18
Equipment_5041,Valve,227.27,1.29,340.24
Equipment_5042,Condenser,325.09,14.87,154.16
Equipment_5043,Valve,70.01,14.51,240.33
Equipment_5044,Reactor,388.46,13.43,51.78
Equipment_5045,Compressor,85.61,17.68,399.51
Equipment_5046,Valve,345.41,18.12,316.38
Equipment_5047,Valve,58.31,11.57,134.61
Equipment_5048,Condenser,424.35,14.01,289.33
Equipment_5049,Reactor,128.61,1.21,152.66
Equipment_5050,Separator,281.97,17.08,81.31
Equipment_5051,Separator,167.67,16.51,198.86
Equipment_5052,Separator,375.19,1.38,264.8
Equipment_5053,Separator,194.61,11.31,81.42
Equipment_5054,Compressor,376.07,18.23,231.44
Equipment_5055,Condenser,178.19,4.45,230.2
Equipment_5056,Condenser,388.61,7.7,270.03
Equipment_5057,HeatExchanger,63.77,7.29,135.63
Equipment_5058,Reactor,177.49,7.76,57.22
Equipment_5059,Separator,274.39,1.8,163.7
Equipment_5060,Compressor,70.28,6.3,189.5
Equipment_5061,Reactor,133.72,6.6,272.51
Equipment_5062,Separator,470.54,17.45,375.56
Equipment_5063,Compressor,489.58,7.69,121.18
Equipment_5064,Reactor,382.89,9.5,290.57
Equipment_5065,Condenser,163.49,8.23,84.09
Equipment_5066,Condenser,167.23,3.29,116.72
Equipment_5067,Pump,340.61,19.82,228.2
Equipment_5068,Valve,102.92,16.69,297.93
Equipment_5069,Separator,476.74,11.28,350.5
Equipment_5070,HeatExchanger,151.17,10.05,310.37
Equipment_5071,Reactor,499.84,13.34,55.37
Equipment_5072,HeatExchanger,273.08,7.2,289.38
Equipment_5073,Pump,397.14,1.96,338.63
Equipment_5074,Valve,50.98,8.68,233.94
Equipment_5075,Reactor,449.94,19.7,387.96
Equipment_5076,Compressor,171.5,4.46,51.51
Equipment_5077,Separator,350.57,11.03,336.53
Equipment_5078,Valve,412.86,1.16,167.19
Equipment_5079,Condenser,123.87,3.32,277.66
Equipment_5080,Pump,249.13,12.16,292.72
Equipment_5081,Valve,272.23,6.65,157.19
Equipment_5082,Separator,190.45,18.21,398.4
Equipment_5083,Valve,266.79,8.72,86.14
Equipment_5084,Separator,192.9,4.95,104.96
Equipment_5085,Condenser,212.34,11.37,362.27
Equipment_5086,Reactor,351.2,16.1,91.71
Equipment_5087,Compressor,334.67,1.37,183.45
Equipment_5088,Condenser,154.52,10.6,306.6
Equipment_5089,Compressor,453.87,15.7,327.02
Equipment_5090,Reactor,438.25,2.97,384.13
Equipment_5091,Valve,279.09,18.15,326.35
Equipment_5092,Compressor,244.96,6.03,345.59
Equipment_5093,Pump,219.59,4.24,382.28
Equipment_5094,Pump,368.27,12.2,243.79
Equipment_5095,Separator,352.25,4.33,170.2
Equipment_5096,Condenser,138.28,13.91,316.56
Equipment_5097,Reactor,352.16,10.31,107.24
Equipment_5098,Separator,163.59,3.09,73.88
Equipment_5099,Condenser,58.35,18.34,324.87
Equipment_5100,Condenser,364.64,13.79,382.73
Equipment_5101,Separator,340.16,11.37,204.86
Equipment_5102,HeatExchanger,234.86,8.11,106.4
Equipment_5103,Condenser,286.56,3.56,223.96
Equipment_5104,HeatExchanger,476.23,14.44,187.66
Equipment_5105,Pump,317.84,16.46,180.37
Equipment_5106,Pump,346.05,3.39,269.83
Equipment_5107,Condenser,78.76,10.4,111.16
Equipment_5108,Pump,124.7,10.21,183.17
Equipment_5109,Reactor,185.43,7.65,354.04
Equipment_5110,HeatExchanger,292.72,16.0,305.38
Equipment_5111,HeatExchanger,399.47,2.89,69.46
Equipment_5112,Condenser,194.56,4.9,229.87
Equipment_5113,Pump,210.37,1.03,81.95
Equipment_5114,Compressor,165.27,8.09,385.12
Equipment_5115,Separator,164.57,6.53,135.62
Equipment_5116,Separator,476.99,17.47,376.42
Equipment_5117,HeatExchanger,335.96,15.17,341.9
Equipment_5118,Condenser,120.16,2.6,242.98
Equipment_5119,Condenser,375.01,15.08,167.71
Equipment_5120,Reactor,374.91,13.83,350.28
Equipment_5121,Valve,349.91,6.35,103.47
Equipment_5122,Valve,110.62,1.29,112.99
Equipment_5123,HeatExchanger,233.6,3.19,128.65
Equipment_5124,Separator,98.04,5.75,259.19
Equipment_5125,Reactor,417.48,16.52,160.01
Equipment_5126,Reactor,344.83,9.84,396.21
Equipment_5127,Reactor,278.24,18.45,118.29
Equipment_5128,HeatExchanger,204.36,15.99,331.96
Equipment_5129,Valve,132.91,6.46,83.54
Equipment_5130,Separator,97.9,17.06,173.71
Equipment_5131,Reactor,486.16,3.22,135.32
Equipment_5132,Separator,139.84,1.69,391.89
Equipment_5133,Pump,76.94,12.56,59.01
Equipment_5134,Condenser,482.75,7.49,302.58
Equipment_5135,Condenser,297.03,7.26,136.7
Equipment_5136,Separator,408.5,14.06,333.94
Equipment_5137,Compressor,69.69,17.15,158.93
Equipment_5138,Compressor,305.13,7.12,115.55
Equipment_5139,HeatExchanger,229.19,7.18,292.56
Equipment_5140,HeatExchanger,397.38,11.14,140.15
Equipment_5141,Condenser,67.29,13.41,219.94
Equipment_5142,Pump,230.76,4.86,96.04
Equipment_5143,Valve,409.58,18.34,303.61
Equipment_5144,Valve,285.21,13.43,192.39
Equipment_5145,HeatExchanger,297.52,12.88,99.2
Equipment_5146,Pump,93.72,18.18,309.56
Equipment_5147,HeatExchanger,109.55,18.24,86.18
Equipment_5148,Valve,354.65,3.58,251.19
Equipment_5149,Separator,353.77,3.76,262.62
Equipment_5150,HeatExchanger,490.6,15.48,375.62
Equipment_5151,Reactor,370.38,19.18,102.84
Equipment_5152,Separator,271.96,13.66,278.67
Equipment_5153,HeatExchanger,435.8,8.82,183.27
Equipment_5154,Condenser,97.01,13.99,190.29
Equipment_5155,HeatExchanger,252.18,5.35,225.64
Equipment_5156,Condenser,179.2,19.96,131.82
Equipment_5157,Pump,97.09,9.19,211.41
Equipment_5158,Valve,393.58,18.7,290.4
Equipment_5159,Separator,279.86,9.19,209.99
Equipment_5160,Separator,300.55,18.63,64.88
Equipment_5161,Compressor,235.06,7.38,140.24
Equipment_5162,Compressor,257.15,15.45,173.01
Equipment_5163,Valve,102.21,19.07,174.15
Equipment_5164,Compressor,352.81,13.27,78.35
Equipment_5165,Separator,244.6,13.87,207.35
Equipment_5166,HeatExchanger,417.55,2.95,292.18
Equipment_5167,Pump,138.33,10.01,67.04
Equipment_5168,Pump,142.27,17.85,312.82
Equipment_5169,Valve,340.59,5.58,384.29
Equipment_5170,Compressor,430.7,15.98,53.27
Equipment_5171,HeatExchanger,262.49,13.84,117.79
Equipment_5172,Pump,377.13,5.24,240.22
Equipment_5173,Pump,499.7,6.37,126.32
Equipment_5174,Reactor,495.62,9.12,317.62
Equipment_5175,Reactor,384.95,3.38,159.25
Equipment_5176,Separator,382.81,18.35,152.77
Equipment_5177,Pump,161.43,15.05,50.32
Equipment_5178,Valve,425.09,7.93,144.54
Equipment_5179,Condenser,232.3,6.69,126.18
Equipment_5180,Condenser,482.9,14.1,170.13
Equipment_5181,HeatExchanger,86.64,9.06,101.68
Equipment_5182,Pump,246.13,5.36,258.13
Equipment_5183,Pump,300.13,9.17,133.56
Equipment_5184,Separator,232.32,17.55,341.11
Equipment_5185,Pump,144.76,2.3,149.6
Equipment_5186,Valve,316.84,8.0,123.8
Equipment_5187,Reactor,390.16,19.28,69.86
Equipment_5188,Pump,340.18,1.28,308.97
Equipment_5189,Pump,155.5,17.92,227.87
Equipment_5190,Separator,379.22,8.12,89.82
Equipment_5191,Compressor,165.6,4.6,127.47
Equipment_5192,Separator,128.84,1.28,399.55
Equipment_5193,Separator,360.8,2.34,332.11
Equipment_5194,Valve,429.25,4.27,172.45
Equipment_5195,HeatExchanger,266.69,1.48,239.89
Equipment_5196,Pump,289.13,7.38,195.61
Equipment_5197,Separator,186.24,1.85,62.74
Equipment_5198,Separator,272.58,14.15,322.54
Equipment_5199,Compressor,109.39,16.56,300.95
Equipment_5200,Separator,480.12,17.86,193.08
Equipment_5201,Condenser,410.16,11.43,346.06
Equipment_5202,HeatExchanger,350.59,18.98,237.16
Equipment_5203,Pump,292.19,1.11,72.82
Equipment_5204,Pump,406.48,3.55,140.79
Equipment_5205,Compressor,272.64,6.57,211.62
Equipment_5206,Valve,184.99,15.99,86.21
Equipment_5207,Pump,122.17,17.82,249.88
Equipment_5208,Condenser,341.41,12.74,92.2
Equipment_5209,Pump,468.24,8.28,120.18
Equipment_5210,Condenser,119.13,13.65,362.89
Equipment_5211,HeatExchanger,131.01,4.44,399.93
Equipment_5212,HeatExchanger,245.12,9.7,242.59
Equipment_5213,Reactor,413.1,10.64,266.88
Equipment_5214,Reactor,182.27,2.99,329.1
Equipment_5215,Condenser,164.26,1.64,293.65
Equipment_5216,Valve,328.98,15.25,113.86
Equipment_5217,Pump,291.03,11.16,194.09
Equipment_5218,Separator,77.1,7.31,237.29
Equipment_5219,Pump,86.67,9.31,175.9
Equipment_5220,Reactor,339.36,19.2,111.64
Equipment_5221,Separator,259.31,8.31,307.64
Equipment_5222,Condenser,486.94,2.97,119.6
Equipment_5223,Separator,355.34,9.81,141.17
Equipment_5224,Pump,54.53,13.31,150.28
Equipment_5225,Pump,266.46,1.23,106.62
Equipment_5226,Valve,236.5,7.31,347.34
Equipment_5227,Compressor,98.02,8.48,263.72
Equipment_5228,Separator,465.44,9.81,342.16
Equipment_5229,Reactor,412.26,6.73,222.81
Equipment_5230,Reactor,153.54,13.67,231.85
Equipment_5231,Compressor,165.19,18.95,265.65
Equipment_5232,Pump,64.41,18.37,179.82
Equipment_5233,Valve,183.52,13.62,223.8
Equipment_5234,Valve,313.08,10.63,241.42
Equipment_5235,Reactor,239.38,16.69,383.74
Equipment_5236,Valve,486.16,16.88,359.02
Equipment_5237,HeatExchanger,75.24,16.76,95.24
Equipment_5238,Compressor,316.14,4.0,64.45
Equipment_5239,Pump,436.24,1.48,288.12
Equipment_5240,HeatExchanger,266.33,19.68,67.22
Equipment_5241,Compressor,51.33,19.23,71.12
Equipment_5242,Condenser,159.26,11.72,105.74
Equipment_5243,Separator,195.7,19.87,173.1
Equipment_5244,Reactor,484.7,15.64,202.25
Equipment_5245,Valve,460.3,10.83,231.78
Equipment_5246,Condenser,477.13,8.4,397.3
Equipment_5247,Valve,421.59,12.26,184.83
Equipment_5248,HeatExchanger,208.24,10.8,134.96
Equipment_5249,Pump,457.64,19.88,251.34
Equipment_5250,Pump,491.76,10.32,125.3
Equipment_5251,Pump,207.53,16.88,379.19
Equipment_5252,Valve,167.25,16.46,140.74
Equipment_5253,Condenser,296.11,2.36,396.48
Equipment_5254,Pump,134.22,2.65,196.53
Equipment_5255,Condenser,64.68,13.54,334.44
Equipment_5256,Valve,475.62,5.92,276.9
Equipment_5257,HeatExchanger,466.58,13.49,376.72
Equipment_5258,Condenser,123.19,3.75,268.9
Equipment_5259,HeatExchanger,233.48,8.54,253.43
Equipment_5260,Valve,423.97,2.95,278.5
Equipment_5261,Valve,347.45,6.36,325.26
Equipment_5262,Reactor,227.65,2.68,364.59
Equipment_5263,Valve,384.88,19.44,143.39
Equipment_5264,Valve,453.67,8.51,120.31
Equipment_5265,Compressor,466.77,18.12,62.02
Equipment_5266,Pump,220.48,19.45,179.53
Equipment_5267,Reactor,128.1,18.28,346.16
Equipment_5268,Separator,460.78,9.64,74.45
Equipment_5269,Reactor,91.65,15.8,238.48
Equipment_5270,Reactor,374.76,3.92,293.18
Equipment_5271,Separator,113.22,2.8,342.9
Equipment_5272,Compressor,225.22,17.66,254.2
Equipment_5273,HeatExchanger,235.2,1.59,115.21
Equipment_5274,Valve,121.44,19.47,387.59
Equipment_5275,Pump,465.21,13.77,83.13
Equipment_5276,Condenser,51.2,8.97,319.15
Equipment_5277,Separator,452.21,3.69,80.3
Equipment_5278,HeatExchanger,447.72,14.74,100.2
Equipment_5279,Separator,192.63,11.7,364.38
Equipment_5280,Valve,366.93,14.51,313.58
Equipment_5281,Compressor,163.76,8.94,177.93
Equipment_5282,Separator,391.45,2.26,273.55
Equipment_5283,Valve,302.5,6.98,210.04
Equipment_5284,Valve,185.1,6.99,73.29
Equipment_5285,Compressor,230.11,1.16,302.39
Equipment_5286,Reactor,360.45,1.18,317.14
Equipment_5287,Reactor,457.74,7.28,358.82
Equipment_5288,Pump,108.83,14.82,239.22
Equipment_5289,Pump,307.11,12.86,285.6
Equipment_5290,Reactor,164.18,5.54,203.32
Equipment_5291,HeatExchanger,410.62,12.45,161.62
Equipment_5292,Condenser,81.61,13.3,194.09
Equipment_5293,Valve,360.03,10.93,369.11
Equipment_5294,Condenser,128.73,10.91,107.46
Equipment_5295,Valve,318.37,8.03,136.97
Equipment_5296,Reactor,426.06,3.34,262.17
Equipment_5297,Pump,389.79,8.32,90.7
Equipment_5298,HeatExchanger,388.82,7.56,362.15
Equipment_5299,Pump,283.03,12.25,66.53
Equipment_5300,Condenser,450.84,17.27,314.36
Equipment_5301,Pump,314.65,8.13,180.8
Equipment_5302,Reactor,462.88,14.48,67.91
Equipment_5303,HeatExchanger,295.94,16.42,345.02
Equipment_5304,Condenser,277.68,5.02,274.16
Equipment_5305,HeatExchanger,150.06,18.13,53.1
Equipment_5306,Valve,295.15,2.34,143.64
Equipment_5307,Pump,113.26,18.13,173.22
Equipment_5308,HeatExchanger,441.36,4.11,162.9
Equipment_5309,Compressor,354.15,7.41,224.42
Equipment_5310,Pump,497.14,12.5,234.38
Equipment_5311,Valve,91.44,18.21,188.86
Equipment_5312,HeatExchanger,158.3,5.86,166.12
Equipment_5313,Condenser,444.72,15.51,226.54
Equipment_5314,Valve,227.86,14.5,61.77
Equipment_5315,Compressor,259.84,4.03,275.82
Equipment_5316,HeatExchanger,437.29,10.11,262.09
Equipment_5317,Separator,284.82,10.15,147.73
Equipment_5318,Separator,137.06,6.79,112.83
Equipment_5319,Reactor,451.41,15.82,75.54
Equipment_5320,Pump,63.98,18.59,255.57
Equipment_5321,Condenser,452.93,14.61,249.12
Equipment_5322,Reactor,72.73,19.49,236.66
Equipment_5323,HeatExchanger,349.63,1.96,394.97
Equipment_5324,Separator,82.26,1.71,236.04
Equipment_5325,Separator,367.8,17.98,302.63
Equipment_5326,Separator,65.29,18.06,89.52
Equipment_5327,HeatExchanger,429.11,3.04,154.64
Equipment_5328,Separator,259.67,7.79,146.41
Equipment_5329,Valve,92.05,16.87,251.59
Equipment_5330,HeatExchanger,368.07,3.44,165.78
Equipment_5331,Condenser,270.18,6.08,274.37
Equipment_5332,Reactor,135.93,13.94,291.53
Equipment_5333,Condenser,57.05,19.66,61.79
Equipment_5334,Compressor,238.1,16.15,273.92
Equipment_5335,Separator,88.53,15.77,90.88
Equipment_5336,Compressor,92.38,7.51,212.8
Equipment_5337,Pump,170.3,13.57,304.3
Equipment_5338,Pump,333.71,3.15,296.17
Equipment_5339,Compressor,288.46,19.85,154.94
Equipment_5340,HeatExchanger,81.04,10.13,145.33
Equipment_5341,Condenser,485.79,13.14,204.08
Equipment_5342,Compressor,449.23,17.65,116.03
Equipment_5343,Pump,166.65,1.02,391.14
Equipment_5344,Compressor,105.05,19.54,170.72
Equipment_5345,HeatExchanger,474.08,7.82,373.05
Equipment_5346,Compressor,257.51,7.45,367.89
Equipment_5347,Condenser,190.03,3.76,177.7
Equipment_5348,Reactor,270.66,17.31,138.93
Equipment_5349,HeatExchanger,397.73,17.55,319.79
Equipment_5350,Pump,125.77,1.38,130.28
Equipment_5351,Condenser,395.37,2.06,232.44
Equipment_5352,Compressor,387.25,18.45,88.74
Equipment_5353,Compressor,292.71,3.33,185.08
Equipment_5354,Reactor,439.63,12.8,77.35
Equipment_5355,Pump,109.46,12.77,149.2
Equipment_5356,Pump,317.97,17.52,282.85
Equipment_5357,Valve,252.2,11.88,396.96
Equipment_5358,Pump,240.03,9.25,139.18
Equipment_5359,Reactor,163.65,19.51,215.66
Equipment_5360,Separator,217.53,5.35,206.82
Equipment_5361,Valve,98.67,5.99,114.45
Equipment_5362,Valve,163.22,2.61,263.52
Equipment_5363,Compressor,172.38,19.53,303.65
Equipment_5364,Compressor,374.3,14.42,101.53
Equipment_5365,Pump,71.85,1.23,314.99
Equipment_5366,Valve,343.04,14.38,295.06
Equipment_5367,Compressor,149.63,8.68,119.07
Equipment_5368,Reactor,86.84,19.38,277.13
Equipment_5369,Compressor,185.36,6.27,187.79
Equipment_5370,HeatExchanger,151.01,14.5,288.4
Equipment_5371,HeatExchanger,298.41,12.92,223.63
Equipment_5372,Compressor,210.82,1.23,66.85
Equipment_5373,Valve,484.7,17.82,325.44
Equipment_5374,Separator,483.6,3.65,244.46
Equipment_5375,Separator,249.67,13.61,303.68
Equipment_5376,Valve,407.79,15.74,94.13
Equipment_5377,Condenser,55.97,12.99,302.45
Equipment_5378,Separator,296.52,2.85,194.78
Equipment_5379,HeatExchanger,384.48,19.53,329.74
Equipment_5380,Reactor,147.62,5.5,259.71
Equipment_5381,Valve,77.53,12.93,174.22
Equipment_5382,Pump,120.16,16.15,120.67
Equipment_5383,HeatExchanger,248.83,18.85,335.57
Equipment_5384,Reactor,277.87,12.48,246.07
Equipment_5385,Reactor,221.4,5.92,395.61
Equipment_5386,Valve,247.99,16.9,180.72
Equipment_5387,Reactor,261.61,4.1,290.0
Equipment_5388,Valve,396.25,1.42,267.99
Equipment_5389,Separator,97.36,18.25,273.15
Equipment_5390,Compressor,396.03,11.93,307.94
Equipment_5391,HeatExchanger,359.88,2.32,98.69
Equipment_5392,Condenser,383.75,12.01,242.38
Equipment_5393,Compressor,380.51,3.76,228.2
Equipment_5394,HeatExchanger,261.77,1.6,169.89
Equipment_5395,Valve,145.13,3.21,202.65
Equipment_5396,HeatExchanger,291.48,15.73,231.58
Equipment_5397,Separator,481.09,15.36,162.32
Equipment_5398,Valve,314.84,12.48,152.61
Equipment_5399,Compressor,54.97,4.98,308.4
Equipment_5400,Pump,76.87,15.04,73.42
Equipment_5401,Pump,496.79,8.75,159.54
Equipment_5402,HeatExchanger,82.38,10.7,278.8
Equipment_5403,Pump,70.72,18.06,123.07
Equipment_5404,Valve,208.86,9.7,250.3
Equipment_5405,Reactor,486.19,12.9,155.76
Equipment_5406,Valve,193.4,19.27,345.16
Equipment_5407,Reactor,234.45,9.58,172.5
Equipment_5408,Compressor,335.33,11.65,130.33
Equipment_5409,Condenser,60.85,12.1,235.54
Equipment_5410,Reactor,453.99,5.57,97.48
Equipment_5411,Pump,283.75,15.0,329.12
Equipment_5412,Valve,260.06,14.81,288.01
Equipment_5413,Compressor,437.33,5.06,319.68
Equipment_5414,Pump,478.88,1.25,189.61
Equipment_5415,Compressor,240.54,19.98,342.25
Equipment_5416,Condenser,127.6,12.05,222.74
Equipment_5417,Separator,417.07,4.44,83.14
Equipment_5418,Valve,231.47,6.39,128.41
Equipment_5419,HeatExchanger,471.0,12.74,298.87
Equipment_5420,Valve,477.45,3.61,363.75
Equipment_5421,Condenser,101.67,1.71,83.31
Equipment_5422,Valve,480.45,16.17,352.48
Equipment_5423,HeatExchanger,215.72,14.6,329.67
Equipment_5424,Reactor,340.81,6.88,174.8
Equipment_5425,Compressor,65.64,2.11,291.25
Equipment_5426,HeatExchanger,450.0,10.24,115.43
Equipment_5427,Pump,338.72,6.25,334.69
Equipment_5428,Condenser,339.6,8.56,280.07
Equipment_5429,Reactor,455.98,6.21,203.59
Equipment_5430,Pump,278.76,4.33,352.58
Equipment_5431,Pump,234.73,8.35,98.73
Equipment_5432,Condenser,439.76,19.33,346.02
Equipment_5433,Reactor,384.09,6.06,58.36
Equipment_5434,Separator,477.04,7.38,313.62
Equipment_5435,Pump,473.05,7.26,250.68
Equipment_5436,Pump,222.05,10.13,293.85
Equipment_5437,Reactor,251.14,17.03,194.32
Equipment_5438,Valve,165.19,8.64,352.55
Equipment_5439,Pump,347.29,16.32,159.6
Equipment_5440,Compressor,214.04,3.19,146.23
Equipment_5441,Reactor,403.75,18.0,155.61
Equipment_5442,Pump,104.7,4.52,321.03
Equipment_5443,Condenser,102.38,1.74,223.35
Equipment_5444,HeatExchanger,142.0,4.01,237.98
Equipment_5445,Compressor,87.93,4.62,341.08
Equipment_5446,HeatExchanger,329.01,10.66,341.68
Equipment_5447,HeatExchanger,116.31,9.55,106.61
Equipment_5448,Pump,121.98,14.6,242.42
Equipment_5449,Compressor,56.4,1.97,94.11
Equipment_5450,Compressor,401.94,10.46,353.98
Equipment_5451,Valve,415.53,7.32,342.95
Equipment_5452,HeatExchanger,122.91,12.98,347.27
Equipment_5453,Compressor,382.79,1.83,296.7
Equipment_5454,Valve,245.1,1.66,213.41
Equipment_5455,Reactor,157.82,9.12,191.65
Equipment_5456,Valve,329.62,16.42,188.33
Equipment_5457,Condenser,130.32,13.75,73.17
Equipment_5458,Separator,390.6,1.32,382.1
Equipment_5459,Pump,71.43,4.39,207.6
Equipment_5460,Reactor,481.61,5.31,375.54
Equipment_5461,Separator,82.34,9.04,357.74
Equipment_5462,Separator,310.75,12.15,340.01
Equipment_5463,Reactor,455.99,5.11,255.91
Equipment_5464,Condenser,55.36,8.27,85.54
Equipment_5465,Valve,274.33,12.09,163.37
Equipment_5466,Pump,207.5,8.29,261.26
Equipment_5467,Valve,311.15,3.72,54.71
Equipment_5468,Compressor,151.46,10.34,64.92
Equipment_5469,Valve,79.2,7.16,287.18
Equipment_5470,Reactor,331.67,17.42,360.87
Equipment_5471,Pump,237.58,15.74,349.31
Equipment_5472,Valve,330.12,4.62,108.85
Equipment_5473,Pump,144.74,3.9,368.93
Equipment_5474,Pump,202.43,7.61,293.71
Equipment_5475,Compressor,302.76,8.83,300.71
Equipment_5476,Compressor,316.9,18.71,156.41
Equipment_5477,Reactor,217.54,6.73,300.6
Equipment_5478,Condenser,176.02,17.48,298.42
Equipment_5479,Separator,173.17,10.6,258.13
Equipment_5480,Pump,128.61,17.83,175.05
Equipment_5481,Condenser,196.43,14.34,333.86
Equipment_5482,Separator,139.75,14.46,378.13
Equipment_5483,Separator,335.22,10.86,354.46
Equipment_5484,Reactor,306.08,16.97,135.04
Equipment_5485,Separator,222.16,5.83,205.99
Equipment_5486,Separator,196.62,18.24,169.85
Equipment_5487,Pump,156.93,13.1,297.62
Equipment_5488,Pump,290.96,9.34,341.02
Equipment_5489,HeatExchanger,463.51,19.66,125.53
Equipment_5490,Condenser,358.57,17.38,381.55
Equipment_5491,Valve,384.99,15.67,287.07
Equipment_5492,Compressor,425.47,6.2,126.46
Equipment_5493,Valve,208.24,19.5,179.88
Equipment_5494,Condenser,78.29,15.12,86.61
Equipment_5495,Compressor,330.15,12.5,258.97
Equipment_5496,Valve,134.9,18.51,109.22
Equipment_5497,HeatExchanger,306.07,4.08,292.58
Equipment_5498,Compressor,382.78,3.64,308.04
Equipment_5499,Pump,402.64,11.71,217.77
Equipment_5500,Valve,185.83,2.08,82.84
Equipment_5501,Compressor,280.59,13.62,263.81
Equipment_5502,HeatExchanger,329.43,5.57,180.27
Equipment_5503,Separator,418.77,3.26,382.38
Equipment_5504,Compressor,392.62,8.78,229.62
Equipment_5505,Compressor,494.59,9.85,75.29
Equipment_5506,HeatExchanger,53.64,4.24,272.62
Equipment_5507,Separator,246.87,1.79,322.77
Equipment_5508,Valve,165.22,8.87,106.18
Equipment_5509,Reactor,103.95,15.43,207.17
Equipment_5510,Valve,460.18,17.61,310.12
Equipment_5511,Separator,499.08,2.85,57.17
Equipment_5512,Condenser,131.27,10.97,60.14
Equipment_5513,HeatExchanger,67.3,6.0,286.92
Equipment_5514,Valve,173.77,8.12,303.79
Equipment_5515,Compressor,425.69,18.74,346.05
Equipment_5516,HeatExchanger,182.25,7.69,189.86
Equipment_5517,Pump,75.61,7.94,186.42
Equipment_5518,Separator,73.62,4.98,243.33
Equipment_5519,Valve,242.34,19.24,315.06
Equipment_5520,HeatExchanger,469.32,9.67,274.35
Equipment_5521,Valve,178.66,11.84,164.56
Equipment_5522,HeatExchanger,242.22,9.61,171.29
Equipment_5523,Compressor,95.87,5.81,317.05
Equipment_5524,Pump,272.11,16.4,237.13
Equipment_5525,Pump,363.45,1.54,84.29
Equipment_5526,Condenser,172.02,14.11,103.55
Equipment_5527,HeatExchanger,183.52,12.29,347.92
Equipment_5528,Valve,428.89,3.74,399.58
Equipment_5529,Pump,54.66,4.15,167.49
Equipment_5530,Separator,336.41,13.53,185.35
Equipment_5531,Pump,227.25,6.93,104.07
Equipment_5532,Reactor,184.27,6.05,132.5
Equipment_5533,Reactor,345.92,2.12,198.62
Equipment_5534,Pump,425.6,15.56,149.54
Equipment_5535,HeatExchanger,301.28,17.77,295.5
Equipment_5536,Condenser,63.99,16.58,238.25
Equipment_5537,Pump,257.63,9.85,337.8
Equipment_5538,Compressor,258.24,11.15,303.58
Equipment_5539,Valve,294.71,5.6,94.84
Equipment_5540,Condenser,351.93,4.28,93.19
Equipment_5541,Compressor,58.69,16.64,363.48
Equipment_5542,Condenser,275.91,16.17,336.83
Equipment_5543,Compressor,314.74,15.77,213.77
Equipment_5544,Valve,204.51,9.8,95.63
Equipment_5545,Valve,350.76,17.43,364.5
Equipment_5546,Reactor,152.68,18.6,130.75
Equipment_5547,HeatExchanger,192.82,7.24,62.44
Equipment_5548,Compressor,483.24,5.27,373.48
Equipment_5549,Reactor,206.63,9.82,333.13
Equipment_5550,Compressor,205.93,4.41,292.72
Equipment_5551,Reactor,318.06,17.8,61.91
Equipment_5552,Valve,486.94,7.42,234.95
Equipment_5553,Condenser,492.39,11.95,278.77
Equipment_5554,Separator,310.85,12.3,315.77
Equipment_5555,Reactor,50.49,10.78,214.88
Equipment_5556,Compressor,455.3,3.97,383.67
Equipment_5557,Compressor,306.61,19.83,135.67
Equipment_5558,Separator,214.7,4.28,74.41
Equipment_5559,HeatExchanger,423.14,15.28,166.47
Equipment_5560,Valve,229.92,16.04,281.63
Equipment_5561,Compressor,65.32,3.76,308.01
Equipment_5562,Pump,419.48,18.73,308.47
Equipment_5563,Condenser,295.64,10.27,88.74
Equipment_5564,Reactor,202.16,12.95,359.78
Equipment_5565,HeatExchanger,162.9,13.2,148.29
Equipment_5566,Separator,317.21,10.59,123.47
Equipment_5567,Condenser,143.62,3.7,265.06
Equipment_5568,Valve,195.73,15.28,124.15
Equipment_5569,HeatExchanger,336.44,12.05,227.81
Equipment_5570,Reactor,446.7,3.25,192.46
Equipment_5571,Reactor,289.8,14.31,131.21
Equipment_5572,Separator,391.6,14.35,152.22
Equipment_5573,Pump,393.38,11.42,199.59
Equipment_5574,Separator,348.96,2.72,171.16
Equipment_5575,Valve,160.63,7.7,183.55
Equipment_5576,HeatExchanger,440.05,1.97,307.4
Equipment_5577,HeatExchanger,246.32,10.07,108.93
Equipment_5578,Compressor,69.89,18.22,269.67
Equipment_5579,Pump,160.08,1.04,287.36
Equipment_5580,Pump,394.5,6.07,330.73
Equipment_5581,HeatExchanger,81.11,16.2,346.56
Equipment_5582,HeatExchanger,116.31,1.19,105.53
Equipment_5583,Condenser,362.4,1.19,98.39
Equipment_5584,Condenser,451.67,12.61,265.17
Equipment_5585,Condenser,335.18,15.99,314.92
Equipment_5586,Pump,150.03,15.75,145.31
Equipment_5587,Compressor,74.04,15.81,234.05
Equipment_5588,Reactor,326.81,7.86,320.28
Equipment_5589,Condenser,71.33,17.77,318.63
Equipment_5590,Compressor,325.72,1.24,278.84
Equipment_5591,Separator,151.51,6.93,77.58
Equipment_5592,Valve,457.1,7.41,67.73
Equipment_5593,Condenser,263.79,4.15,185.96
Equipment_5594,Separator,150.77,7.39,59.34
Equipment_5595,Reactor,433.92,12.13,366.45
Equipment_5596,Valve,164.32,10.89,57.05
Equipment_5597,Valve,187.97,7.07,60.36
Equipment_5598,Reactor,425.43,15.24,107.86
Equipment_5599,Condenser,188.96,14.58,269.46
Equipment_5600,Pump,234.57,6.33,239.54
Equipment_5601,Reactor,206.45,7.14,280.82
Equipment_5602,Reactor,102.38,6.46,362.74
Equipment_5603,Reactor,67.5,3.45,209.23
Equipment_5604,Valve,376.04,15.3,65.36
Equipment_5605,Compressor,340.31,1.88,317.22
Equipment_5606,Separator,177.06,3.86,334.19
Equipment_5607,Pump,183.02,3.0,67.46
Equipment_5608,Condenser,475.25,16.68,135.0
Equipment_5609,Condenser,494.45,1.84,319.71
Equipment_5610,Separator,263.05,13.63,181.65
Equipment_5611,Compressor,411.1,1.85,215.43
Equipment_5612,Reactor,381.51,15.94,338.11
Equipment_5613,Pump,183.79,18.34,83.12
Equipment_5614,Condenser,76.35,10.25,287.05
Equipment_5615,Separator,114.15,16.29,125.24
Equipment_5616,HeatExchanger,427.23,14.42,71.93
Equipment_5617,Separator,379.05,16.12,281.87
Equipment_5618,Condenser,348.95,15.57,92.49
Equipment_5619,Reactor,108.79,4.9,311.45
Equipment_5620,HeatExchanger,337.97,10.49,120.95
Equipment_5621,Compressor,397.47,19.25,66.98
Equipment_5622,Pump,437.27,7.53,84.75
Equipment_5623,Compressor,55.95,19.44,344.44
Equipment_5624,Compressor,358.01,12.08,179.84
Equipment_5625,Separator,58.59,9.77,155.79
Equipment_5626,Pump,368.09,13.5,221.92
Equipment_5627,Pump,336.03,16.5,271.53
Equipment_5628,Condenser,116.76,8.49,62.99
Equipment_5629,Condenser,394.75,1.63,364.37
Equipment_5630,Pump,80.76,14.47,385.47
Equipment_5631,HeatExchanger,421.88,19.17,196.06
Equipment_5632,Valve,167.87,12.87,194.42
Equipment_5633,Condenser,359.98,4.58,357.5
Equipment_5634,Valve,465.66,5.72,200.26
Equipment_5635,Separator,202.92,18.29,349.67
Equipment_5636,HeatExchanger,276.3,1.26,59.92
Equipment_5637,Pump,258.4,11.43,221.38
Equipment_5638,HeatExchanger,120.93,4.01,383.35
Equipment_5639,Condenser,315.64,6.37,138.48
Equipment_5640,Compressor,384.35,6.83,143.15
Equipment_5641,Separator,462.59,5.17,270.54
Equipment_5642,Pump,432.86,16.05,374.17
Equipment_5643,Reactor,279.51,7.31,119.56
Equipment_5644,Separator,373.56,7.56,372.58
Equipment_5645,Valve,410.35,9.61,282.05
Equipment_5646,HeatExchanger,272.07,18.14,397.57
Equipment_5647,Pump,101.94,14.08,307.76
Equipment_5648,Separator,247.07,2.17,283.73
Equipment_5649,HeatExchanger,429.12,1.75,335.22
Equipment_5650,Pump,318.49,11.76,111.3
Equipment_5651,Condenser,376.01,17.85,381.09
Equipment_5652,Separator,133.37,7.14,107.96
Equipment_5653,Condenser,483.95,5.71,58.98
Equipment_5654,Separator,231.84,15.22,294.25
Equipment_5655,Condenser,344.14,12.44,114.61
Equipment_5656,HeatExchanger,58.49,11.74,315.56
Equipment_5657,Reactor,107.29,3.84,328.26
Equipment_5658,Separator,401.92,4.34,132.84
Equipment_5659,Separator,485.59,6.35,80.35
Equipment_5660,Condenser,194.02,4.93,225.29
Equipment_5661,Pump,66.73,19.46,361.58
Equipment_5662,Separator,212.39,1.35,346.55
Equipment_5663,Condenser,57.86,12.9,90.98
Equipment_5664,Compressor,136.57,10.83,387.67
Equipment_5665,Condenser,388.61,7.14,142.38
Equipment_5666,HeatExchanger,471.69,17.86,172.29
Equipment_5667,Reactor,89.35,13.73,102.17
Equipment_5668,Compressor,301.06,19.97,182.23
Equipment_5669,HeatExchanger,164.25,4.2,272.47
Equipment_5670,HeatExchanger,112.58,2.67,227.13
Equipment_5671,HeatExchanger,148.54,3.65,339.64
Equipment_5672,Pump,309.99,6.12,274.46
Equipment_5673,HeatExchanger,79.31,8.92,142.24
Equipment_5674,Pump,245.4,17.39,245.1
Equipment_5675,HeatExchanger,110.85,6.39,72.47
Equipment_5676,Valve,172.7,18.39,253.28
Equipment_5677,Compressor,135.84,9.8,186.38
Equipment_5678,Valve,447.34,13.29,84.44
Equipment_5679,HeatExchanger,368.61,6.02,157.61
Equipment_5680,Compressor,440.81,3.96,364.33
Equipment_5681,Compressor,222.56,17.52,255.11
Equipment_5682,Separator,191.04,3.08,366.14
Equipment_5683,Reactor,221.26,15.71,193.78
Equipment_5684,Valve,58.35,12.04,392.62
Equipment_5685,Reactor,376.12,17.36,176.01
Equipment_5686,Compressor,207.4,14.64,314.88
Equipment_5687,Pump,191.0,6.35,156.89
Equipment_5688,Compressor,319.16,11.91,87.1
Equipment_5689,Reactor,246.31,1.25,341.57
Equipment_5690,Valve,491.38,10.03,316.9
Equipment_5691,HeatExchanger,210.31,2.63,337.22
Equipment_5692,Separator,326.25,9.15,154.89
Equipment_5693,Separator,190.24,3.08,296.28
Equipment_5694,Separator,495.77,19.15,126.97
Equipment_5695,HeatExchanger,250.3,10.94,53.96
Equipment_5696,Separator,335.36,18.35,353.27
Equipment_5697,Valve,107.02,1.42,233.23
Equipment_5698,HeatExchanger,379.86,13.12,394.28
Equipment_5699,Separator,171.14,6.83,184.76
Equipment_5700,HeatExchanger,251.88,9.2,384.91
Equipment_5701,Reactor,447.41,17.59,265.27
Equipment_5702,Valve,486.75,19.62,229.27
Equipment_5703,Condenser,241.06,5.68,155.98
Equipment_5704,Pump,425.66,19.02,338.85
Equipment_5705,Separator,74.01,14.09,340.08
Equipment_5706,Pump,431.41,19.08,195.93
Equipment_5707,HeatExchanger,333.28,11.68,304.55
Equipment_5708,Pump,269.92,19.25,206.53
Equipment_5709,Valve,450.48,17.96,308.88
Equipment_5710,Valve,430.4,3.44,397.97
Equipment_5711,Compressor,183.63,6.91,141.87
Equipment_5712,Separator,406.17,5.62,271.92
Equipment_5713,Compressor,94.77,11.87,182.96
Equipment_5714,Pump,420.24,16.25,241.93
Equipment_5715,Condenser,353.96,15.43,355.95
Equipment_5716,Compressor,89.54,14.81,171.65
Equipment_5717,Compressor,357.39,8.13,75.34
Equipment_5718,Valve,311.23,3.65,329.63
Equipment_5719,Condenser,317.55,5.0,244.26
Equipment_5720,HeatExchanger,180.89,15.09,207.29
Equipment_5721,Pump,169.92,3.8,114.17
Equipment_5722,Compressor,393.14,5.24,82.5
Equipment_5723,Condenser,165.57,9.07,147.56
Equipment_5724,Separator,250.82,2.37,301.62
Equipment_5725,Condenser,362.66,5.04,194.12
Equipment_5726,Pump,85.83,3.85,249.58
Equipment_5727,Condenser,317.55,19.08,78.72
Equipment_5728,Condenser,315.22,4.64,93.14
Equipment_5729,Condenser,357.9,17.37,53.96
Equipment_5730,Separator,216.47,3.18,285.65
Equipment_5731,Compressor,252.04,17.52,142.56
Equipment_5732,Pump,198.49,12.39,388.42
Equipment_5733,Separator,413.68,17.14,157.96
Equipment_5734,Condenser,108.77,17.48,177.27
Equipment_5735,Condenser,483.33,12.33,214.32
Equipment_5736,Compressor,335.68,18.44,161.7
Equipment_5737,Pump,449.11,12.12,336.11
Equipment_5738,Valve,241.8,14.54,356.67
Equipment_5739,Separator,199.53,8.91,53.86
Equipment_5740,Compressor,455.33,18.37,279.13
Equipment_5741,Pump,94.49,16.66,290.13
Equipment_5742,Separator,102.7,4.17,386.5
Equipment_5743,Condenser,184.71,11.95,179.64
Equipment_5744,Pump,481.9,18.04,118.35
Equipment_5745,Pump,334.88,16.07,232.2
Equipment_5746,HeatExchanger,299.39,19.29,206.64
Equipment_5747,Pump,367.41,5.39,327.11
Equipment_5748,Valve,237.86,7.98,366.39
Equipment_5749,Pump,391.13,10.64,80.35
Equipment_5750,Valve,226.95,5.42,346.3
Equipment_5751,Condenser,421.86,8.49,368.14
Equipment_5752,Valve,170.28,11.21,373.45
Equipment_5753,Separator,174.9,4.64,317.51
Equipment_5754,Condenser,285.07,5.88,309.73
Equipment_5755,Condenser,243.84,3.37,55.21
Equipment_5756,Valve,341.65,14.55,372.07
Equipment_5757,Compressor,213.93,7.87,173.03
Equipment_5758,Reactor,153.75,5.19,64.39
Equipment_5759,Pump,261.41,10.64,194.54
Equipment_5760,HeatExchanger,302.43,2.3,306.5
Equipment_5761,Reactor,114.17,18.54,204.68
Equipment_5762,Pump,300.52,6.59,315.3
Equipment_5763,Pump,193.67,17.84,228.29
Equipment_5764,Condenser,226.6,10.45,154.8
Equipment_5765,Pump,175.69,17.15,121.02
Equipment_5766,HeatExchanger,469.13,5.69,197.39
Equipment_5767,Pump,357.5,4.33,62.53
Equipment_5768,Valve,168.11,17.14,197.89
Equipment_5769,Reactor,340.26,5.05,74.02
Equipment_5770,Valve,431.86,15.18,356.95
Equipment_5771,HeatExchanger,230.73,7.55,251.42
Equipment_5772,Pump,423.48,15.22,276.12
Equipment_5773,Separator,119.49,18.25,151.1
Equipment_5774,HeatExchanger,420.25,19.65,129.04
Equipment_5775,Condenser,293.13,7.84,297.77
Equipment_5776,Valve,150.34,7.98,285.05
Equipment_5777,Valve,233.21,19.65,92.94
Equipment_5778,Compressor,494.6,17.37,133.52
Equipment_5779,Pump,402.6,1.86,381.3
Equipment_5780,Condenser,308.79,11.9,156.46
Equipment_5781,Separator,101.82,4.44,59.04
Equipment_5782,Valve,238.02,19.89,72.32
Equipment_5783,Valve,168.37,3.64,321.42
Equipment_5784,Condenser,81.95,11.63,315.0
Equipment_5785,HeatExchanger,293.99,13.64,183.64
Equipment_5786,HeatExchanger,450.13,18.8,103.62
Equipment_5787,Pump,354.02,17.1,224.34
Equipment_5788,Compressor,162.36,5.67,166.16
Equipment_5789,Valve,308.11,11.88,180.89
Equipment_5790,Compressor,474.46,19.12,141.34
Equipment_5791,HeatExchanger,375.31,14.98,72.0
Equipment_5792,HeatExchanger,360.26,14.08,326.91
Equipment_5793,Reactor,485.67,15.34,266.38
Equipment_5794,Separator,409.49,7.13,342.12
Equipment_5795,Pump,111.48,14.86,226.12
Equipment_5796,Reactor,206.44,5.42,394.75
Equipment_5797,Separator,484.31,9.13,386.88
Equipment_5798,Reactor,270.37,17.91,145.12
Equipment_5799,Reactor,100.24,1.36,185.44
Equipment_5800,Pump,256.37,8.87,313.45
Equipment_5801,Pump,363.65,6.07,321.81
Equipment_5802,Condenser,498.9,4.77,368.74
Equipment_5803,Compressor,195.76,16.93,278.42
Equipment_5804,Compressor,281.34,14.23,216.29
Equipment_5805,Condenser,445.86,3.14,182.18
Equipment_5806,Condenser,209.87,10.39,196.71
Equipment_5807,HeatExchanger,99.17,9.87,347.64
Equipment_5808,Separator,477.02,3.71,393.0
Equipment_5809,Reactor,269.8,16.2,68.17
Equipment_5810,Condenser,276.25,7.97,253.09
Equipment_5811,Valve,329.54,15.48,232.02
Equipment_5812,Compressor,51.59,4.65,181.65
Equipment_5813,Condenser,469.01,6.99,348.05
Equipment_5814,Valve,212.65,2.81,251.51
Equipment_5815,Valve,228.62,3.73,159.59
Equipment_5816,Valve,128.35,17.78,205.44
Equipment_5817,HeatExchanger,220.17,3.07,174.88
Equipment_5818,HeatExchanger,411.77,2.82,200.53
Equipment_5819,Valve,410.0,18.87,74.94
Equipment_5820,Separator,471.11,13.27,89.17
Equipment_5821,HeatExchanger,231.45,2.92,268.29
Equipment_5822,Reactor,368.92,19.46,289.42
Equipment_5823,Valve,278.26,3.79,272.82
Equipment_5824,Reactor,411.81,15.56,317.08
Equipment_5825,Reactor,370.64,1.66,380.24
Equipment_5826,Valve,215.56,12.87,351.22
Equipment_5827,Compressor,201.5,11.39,196.48
Equipment_5828,Separator,163.6,4.95,126.14
Equipment_5829,Valve,309.43,13.22,159.15
Equipment_5830,Valve,483.73,12.72,255.71
Equipment_5831,HeatExchanger,140.03,16.17,349.67
Equipment_5832,Valve,92.86,17.64,295.6
Equipment_5833,Compressor,103.73,10.69,240.05
Equipment_5834,HeatExchanger,402.39,10.32,260.66
Equipment_5835,Pump,207.55,12.81,234.89
Equipment_5836,Pump,150.97,14.85,390.07
Equipment_5837,Reactor,208.78,7.77,335.63
Equipment_5838,Separator,340.4,10.59,323.45
Equipment_5839,Reactor,296.05,12.12,231.07
Equipment_5840,Compressor,384.62,19.78,166.13
Equipment_5841,Condenser,202.58,12.17,56.83
Equipment_5842,Separator,253.41,5.26,65.2
Equipment_5843,Pump,95.89,12.17,60.58
Equipment_5844,Reactor,82.88,16.57,393.17
Equipment_5845,Pump,258.01,17.29,90.07
Equipment_5846,Compressor,185.72,16.2,99.74
Equipment_5847,Compressor,325.76,17.88,219.45
Equipment_5848,Condenser,69.35,7.36,218.49
Equipment_5849,Condenser,104.79,10.64,371.99
Equipment_5850,HeatExchanger,439.34,15.81,75.74
Equipment_5851,Separator,304.84,6.02,385.03
Equipment_5852,Compressor,370.42,8.06,125.74
Equipment_5853,Reactor,428.89,16.79,389.55
Equipment_5854,Pump,258.73,15.63,239.46
Equipment_5855,Valve,392.48,19.45,278.2
Equipment_5856,Condenser,286.06,19.92,160.51
Equipment_5857,Valve,150.24,5.57,264.14
Equipment_5858,Reactor,201.95,18.11,298.79
Equipment_5859,Condenser,270.66,2.8,53.63
Equipment_5860,Valve,192.6,14.49,61.98
Equipment_5861,Separator,200.99,5.18,395.27
Equipment_5862,Reactor,201.83,6.71,210.14
Equipment_5863,Pump,105.28,18.98,377.54
Equipment_5864,Separator,88.09,6.0,305.46
Equipment_5865,Reactor,70.92,13.79,180.54
Equipment_5866,HeatExchanger,99.93,4.38,102.79
Equipment_5867,Condenser,204.67,2.77,392.35
Equipment_5868,Compressor,317.24,7.45,254.57
Equipment_5869,Pump,134.67,12.86,117.32
Equipment_5870,Separator,449.6,5.71,288.58
Equipment_5871,Separator,413.77,6.7,82.22
Equipment_5872,Valve,284.24,14.47,353.81
Equipment_5873,Condenser,375.89,2.95,81.55
Equipment_5874,Compressor,214.85,9.49,132.67
Equipment_5875,Reactor,66.55,18.89,82.0
Equipment_5876,Compressor,456.95,8.54,86.33
Equipment_5877,Condenser,107.51,9.25,233.34
Equipment_5878,Condenser,476.57,15.03,290.45
Equipment_5879,HeatExchanger,307.35,15.8,325.97
Equipment_5880,HeatExchanger,187.5,15.62,293.27
Equipment_5881,Compressor,272.99,19.96,177.22
Equipment_5882,Reactor,275.73,2.36,245.05
Equipment_5883,Compressor,60.48,19.66,374.68
Equipment_5884,Condenser,209.96,19.05,185.65
Equipment_5885,Condenser,382.94,17.19,138.34
Equipment_5886,Valve,279.53,9.63,231.76
Equipment_5887,HeatExchanger,159.9,17.55,154.07
Equipment_5888,Valve,200.8,5.2,141.64
Equipment_5889,Pump,438.37,16.04,322.58
Equipment_5890,Condenser,286.5,4.52,361.79
Equipment_5891,Valve,287.76,16.49,225.81
Equipment_5892,Compressor,482.66,12.68,322.92
Equipment_5893,HeatExchanger,194.4,2.86,115.48
Equipment_5894,HeatExchanger,265.79,18.01,241.68
Equipment_5895,Reactor,415.27,11.98,272.67
Equipment_5896,Compressor,391.51,13.47,221.73
Equipment_5897,Reactor,169.61,6.39,90.91
Equipment_5898,Valve,117.99,17.56,306.94
Equipment_5899,Separator,365.32,11.36,343.68
Equipment_5900,Pump,165.95,9.0,272.33
Equipment_5901,Compressor,465.2,11.15,109.21
Equipment_5902,Compressor,108.16,14.36,76.09
Equipment_5903,Compressor,193.24,14.21,155.56
Equipment_5904,Reactor,74.65,7.79,62.95
Equipment_5905,Valve,366.49,8.32,343.73
Equipment_5906,Compressor,451.07,11.68,296.07
Equipment_5907,Separator,336.14,18.56,247.29
Equipment_5908,Compressor,471.99,15.16,361.37
Equipment_5909,HeatExchanger,107.83,8.42,88.53
Equipment_5910,Pump,89.48,7.4,300.06
Equipment_5911,HeatExchanger,427.29,10.95,101.32
Equipment_5912,HeatExchanger,434.98,17.53,71.32
Equipment_5913,Pump,423.97,1.16,96.52
Equipment_5914,Separator,409.53,14.5,382.83
Equipment_5915,Valve,213.0,6.6,204.15
Equipment_5916,HeatExchanger,147.86,4.96,67.15
Equipment_5917,Valve,467.96,1.23,254.27
Equipment_5918,HeatExchanger,188.15,18.04,119.9
Equipment_5919,Condenser,229.28,18.33,52.39
Equipment_5920,Pump,364.8,2.17,315.44
Equipment_5921,HeatExchanger,182.01,10.91,104.2
Equipment_5922,Condenser,418.61,3.9,379.87
Equipment_5923,Reactor,81.52,15.42,257.48
Equipment_5924,Condenser,406.03,13.64,80.45
Equipment_5925,Compressor,320.83,6.65,126.24
Equipment_5926,HeatExchanger,307.85,3.22,263.8
Equipment_5927,Condenser,256.27,16.79,168.34
Equipment_5928,Valve,174.67,13.81,236.25
Equipment_5929,Reactor,258.83,1.13,329.83
Equipment_5930,Separator,252.51,12.93,327.41
Equipment_5931,HeatExchanger,312.69,16.4,294.3
Equipment_5932,Compressor,176.71,12.22,360.12
Equipment_5933,Separator,84.92,9.07,119.78
Equipment_5934,Condenser,115.29,12.09,112.03
Equipment_5935,Separator,364.63,12.77,329.77
Equipment_5936,Separator,60.12,13.16,162.31
Equipment_5937,Reactor,435.4,19.37,229.26
Equipment_5938,Separator,362.48,4.39,310.38
Equipment_5939,Separator,395.64,12.84,188.58
Equipment_5940,HeatExchanger,426.19,4.57,95.56
Equipment_5941,Reactor,105.22,4.99,287.81
Equipment_5942,Compressor,420.1,13.72,336.01
Equipment_5943,Condenser,277.09,18.4,54.48
Equipment_5944,Reactor,448.49,4.02,246.89
Equipment_5945,Reactor,448.96,19.29,214.29
Equipment_5946,Pump,60.88,7.07,140.86
Equipment_5947,Reactor,222.29,8.43,106.36
Equipment_5948,Pump,286.88,3.92,115.81
Equipment_5949,Condenser,355.26,12.7,303.74
Equipment_5950,Separator,178.78,12.33,237.67
Equipment_5951,HeatExchanger,163.46,9.4,393.4
Equipment_5952,HeatExchanger,221.57,10.05,135.13
Equipment_5953,Condenser,275.42,12.84,384.92
Equipment_5954,Condenser,478.02,12.09,230.29
Equipment_5955,Valve,392.95,8.11,101.11
Equipment_5956,Separator,243.19,17.8,101.86
Equipment_5957,Condenser,74.46,13.69,263.0
Equipment_5958,Reactor,125.83,4.9,341.0
Equipment_5959,HeatExchanger,255.17,7.08,311.7
Equipment_5960,Compressor,416.22,15.97,279.47
Equipment_5961,HeatExchanger,221.31,2.99,110.24
Equipment_5962,Pump,292.32,15.25,87.92
Equipment_5963,HeatExchanger,451.31,7.82,50.09
Equipment_5964,Valve,461.21,11.48,85.63
Equipment_5965,Separator,147.1,6.33,318.23
Equipment_5966,Condenser,69.62,19.74,363.34
Equipment_5967,Separator,187.43,18.21,134.12
Equipment_5968,Condenser,363.11,18.64,328.21
Equipment_5969,HeatExchanger,478.0,4.51,119.6
Equipment_5970,Compressor,84.66,16.99,137.25
Equipment_5971,Compressor,62.82,11.17,128.46
Equipment_5972,Valve,447.87,14.45,68.11
Equipment_5973,Pump,386.67,5.13,117.92
Equipment_5974,HeatExchanger,496.51,14.53,180.74
Equipment_5975,Condenser,228.56,18.37,191.91
Equipment_5976,HeatExchanger,237.22,6.08,158.31
Equipment_5977,Valve,127.54,5.43,230.15
Equipment_5978,Reactor,102.13,2.98,182.3
Equipment_5979,Reactor,310.42,6.07,389.63
Equipment_5980,Valve,213.93,11.18,332.57
Equipment_5981,Condenser,86.14,16.82,375.84
Equipment_5982,Separator,449.14,6.3,245.1
Equipment_5983,Valve,139.26,12.8,287.42
Equipment_5984,Condenser,386.86,10.11,108.34
Equipment_5985,Compressor,177.0,6.48,313.48
Equipment_5986,Valve,415.81,10.7,132.59
Equipment_5987,Condenser,103.28,4.19,101.04
Equipment_5988,Valve,390.23,13.15,64.65
Equipment_5989,Valve,94.15,3.2,215.28
Equipment_5990,Separator,251.11,14.89,150.38
Equipment_5991,Separator,380.3,4.38,395.35
Equipment_5992,Condenser,127.95,19.97,137.44
Equipment_5993,Condenser,178.55,16.65,353.29
Equipment_5994,Pump,439.15,7.53,160.75
Equipment_5995,Valve,448.3,9.1,312.19
Equipment_5996,Reactor,70.22,5.92,280.94
Equipment_5997,Valve,125.64,15.58,246.62
Equipment_5998,Valve,102.86,8.23,195.89
Equipment_5999,Condenser,130.86,15.35,284.89
Equipment_6000,Valve,486.58,1.35,192.55
Equipment_6001,HeatExchanger,298.24,3.58,241.84
Equipment_6002,Valve,260.65,7.93,256.43
Equipment_6003,HeatExchanger,493.01,3.07,143.57
Equipment_6004,Separator,300.63,12.42,168.91
Equipment_6005,Reactor,347.5,1.97,56.32
Equipment_6006,Condenser,199.75,17.34,348.26
Equipment_6007,Valve,221.95,15.46,314.59
Equipment_6008,HeatExchanger,317.48,5.11,114.24
Equipment_6009,HeatExchanger,81.4,10.19,176.72
Equipment_6010,Separator,165.15,9.58,197.37
Equipment_6011,HeatExchanger,138.57,14.77,167.03
Equipment_6012,Compressor,57.15,8.63,329.38
Equipment_6013,Pump,291.61,1.63,303.9
Equipment_6014,Reactor,302.47,6.2,318.51
Equipment_6015,Separator,222.77,9.86,366.45
Equipment_6016,Separator,170.93,19.52,258.3
Equipment_6017,Valve,343.43,17.74,265.09
Equipment_6018,Compressor,110.6,4.45,302.68
Equipment_6019,Valve,283.38,14.74,288.43
Equipment_6020,Valve,395.63,18.8,354.43
Equipment_6021,Condenser,123.93,1.17,319.57
Equipment_6022,Condenser,388.97,14.7,92.16
Equipment_6023,Condenser,392.36,9.73,374.93
Equipment_6024,Compressor,76.97,13.92,289.08
Equipment_6025,Valve,58.45,12.51,94.5
Equipment_6026,Pump,488.27,19.71,320.19
Equipment_6027,Reactor,137.02,6.49,175.44
Equipment_6028,Condenser,419.96,15.94,332.09
Equipment_6029,Condenser,302.83,5.46,384.39
Equipment_6030,Separator,169.01,9.28,139.33
Equipment_6031,Valve,108.49,19.53,350.09
Equipment_6032,Valve,273.5,15.56,320.75
Equipment_6033,Compressor,233.31,7.0,284.91
Equipment_6034,Compressor,364.5,12.77,184.72
Equipment_6035,Condenser,456.88,1.94,88.45
Equipment_6036,Valve,412.36,6.06,219.36
Equipment_6037,Pump,173.5,14.65,86.98
Equipment_6038,Reactor,445.52,11.83,225.05
Equipment_6039,Valve,425.03,9.92,337.1
Equipment_6040,Separator,468.11,14.13,399.17
Equipment_6041,Valve,256.4,8.57,119.3
Equipment_6042,HeatExchanger,395.86,1.5,122.75
Equipment_6043,Compressor,316.25,9.38,333.81
Equipment_6044,Separator,189.73,18.14,214.17
Equipment_6045,Reactor,497.49,17.28,370.53
Equipment_6046,Condenser,67.24,8.77,319.15
Equipment_6047,Separator,123.02,1.42,307.75
Equipment_6048,Valve,451.64,13.09,85.68
Equipment_6049,Condenser,77.25,15.08,62.56
Equipment_6050,Valve,449.07,6.59,160.87
Equipment_6051,Condenser,371.85,10.06,126.05
Equipment_6052,Reactor,66.51,19.85,299.31
Equipment_6053,Compressor,243.19,11.95,207.76
Equipment_6054,Reactor,389.51,7.67,233.1
Equipment_6055,HeatExchanger,312.4,12.92,334.81
Equipment_6056,Pump,471.14,4.42,217.48
Equipment_6057,Compressor,440.44,4.79,240.72
Equipment_6058,Reactor,199.69,18.57,344.81
Equipment_6059,HeatExchanger,88.08,5.54,200.97
Equipment_6060,Pump,474.92,6.9,79.09
Equipment_6061,HeatExchanger,282.78,11.33,232.6
Equipment_6062,Valve,83.48,18.09,252.78
Equipment_6063,Valve,417.46,15.85,229.13
Equipment_6064,Condenser,440.83,1.83,140.32
Equipment_6065,Compressor,337.74,14.17,128.29
Equipment_6066,Valve,251.38,10.58,179.41
Equipment_6067,Separator,347.98,10.04,108.18
Equipment_6068,HeatExchanger,368.01,14.14,283.11
Equipment_6069,Compressor,451.86,4.73,265.14
Equipment_6070,Separator,480.14,19.65,271.34
Equipment_6071,Valve,281.44,13.26,128.68
Equipment_6072,Condenser,409.32,7.95,136.29
Equipment_6073,Reactor,484.03,12.4,325.59
Equipment_6074,Condenser,118.06,5.11,291.54
Equipment_6075,Separator,58.22,13.04,356.31
Equipment_6076,Pump,441.03,1.54,191.23
Equipment_6077,Valve,137.87,7.48,241.56
Equipment_6078,Separator,69.12,15.2,308.57
Equipment_6079,Pump,122.04,16.35,390.95
Equipment_6080,Pump,222.85,5.81,396.37
Equipment_6081,HeatExchanger,148.67,11.25,399.71
Equipment_6082,Compressor,187.36,11.04,361.68
Equipment_6083,HeatExchanger,488.88,9.01,273.88
Equipment_6084,Valve,366.98,5.34,52.44
Equipment_6085,Pump,370.49,14.36,294.84
Equipment_6086,Separator,92.61,5.79,133.51
Equipment_6087,Reactor,379.44,18.31,70.01
Equipment_6088,Pump,382.7,11.04,294.01
Equipment_6089,Separator,346.89,17.54,314.6
Equipment_6090,Reactor,152.8,6.52,280.8
Equipment_6091,HeatExchanger,240.37,16.33,177.81
Equipment_6092,HeatExchanger,430.82,3.16,228.85
Equipment_6093,Compressor,351.59,15.57,377.23
Equipment_6094,Separator,379.75,8.35,305.36
Equipment_6095,Pump,314.32,9.93,226.64
Equipment_6096,Condenser,252.31,4.17,257.71
Equipment_6097,HeatExchanger,391.57,1.35,374.69
Equipment_6098,HeatExchanger,80.57,13.66,187.82
Equipment_6099,Compressor,352.92,12.17,85.65
Equipment_6100,Reactor,498.74,12.83,164.04
Equipment_6101,Compressor,401.09,5.85,195.32
Equipment_6102,Pump,180.75,5.55,145.54
Equipment_6103,Separator,175.02,16.78,235.14
Equipment_6104,Valve,350.25,15.46,156.7
Equipment_6105,Valve,453.13,7.4,86.11
Equipment_6106,Separator,310.08,13.12,115.82
Equipment_6107,Reactor,287.33,16.73,371.35
Equipment_6108,HeatExchanger,122.17,17.89,270.36
Equipment_6109,Reactor,371.96,1.11,160.01
Equipment_6110,HeatExchanger,366.03,16.46,178.42
Equipment_6111,HeatExchanger,485.13,7.66,222.68
Equipment_6112,Valve,185.09,14.65,285.6
Equipment_6113,Reactor,390.4,8.06,253.76
Equipment_6114,Compressor,245.33,12.52,376.44
Equipment_6115,HeatExchanger,301.31,13.29,269.01
Equipment_6116,Condenser,417.4,8.69,368.78
Equipment_6117,Condenser,149.9,10.74,51.9
Equipment_6118,Compressor,204.29,14.8,361.7
Equipment_6119,Condenser,397.99,10.05,302.51
Equipment_6120,Pump,306.71,1.27,110.27
Equipment_6121,HeatExchanger,91.59,1.25,142.06
Equipment_6122,Compressor,243.58,13.56,239.98
Equipment_6123,Reactor,313.98,17.1,93.73
Equipment_6124,HeatExchanger,459.28,15.92,324.88
Equipment_6125,Compressor,134.82,6.9,326.91
Equipment_6126,Valve,412.68,9.95,155.33
Equipment_6127,Reactor,108.78,5.45,74.44
Equipment_6128,Valve,159.01,19.79,396.1
Equipment_6129,HeatExchanger,159.5,5.95,137.76
Equipment_6130,Reactor,444.87,8.91,73.65
Equipment_6131,Condenser,139.56,13.94,165.49
Equipment_6132,Compressor,404.13,17.64,389.15
Equipment_6133,HeatExchanger,257.81,1.98,327.52
Equipment_6134,Pump,499.59,6.72,218.12
Equipment_6135,Reactor,427.59,11.81,156.87
Equipment_6136,Reactor,382.87,12.75,198.16
Equipment_6137,Separator,441.83,2.33,56.08
Equipment_6138,HeatExchanger,335.31,13.62,301.43
Equipment_6139,HeatExchanger,429.64,11.03,84.88
Equipment_6140,Valve,167.51,16.72,231.66
Equipment_6141,Separator,93.97,5.22,248.05
Equipment_6142,Condenser,327.17,4.71,50.59
Equipment_6143,Valve,245.61,16.07,392.96
Equipment_6144,Separator,241.9,14.37,155.75
Equipment_6145,Valve,287.04,16.04,77.03
Equipment_6146,Condenser,212.62,15.86,349.04
Equipment_6147,Separator,331.73,2.98,103.18
Equipment_6148,Separator,63.76,6.29,58.73
Equipment_6149,Pump,486.45,5.94,223.14
Equipment_6150,Valve,466.12,18.76,95.47
Equipment_6151,Valve,470.87,10.26,393.85
Equipment_6152,Reactor,214.25,3.11,53.64
Equipment_6153,Condenser,289.35,6.5,67.92
Equipment_6154,Compressor,479.36,17.57,341.65
Equipment_6155,Pump,456.06,17.09,133.91
Equipment_6156,Separator,405.61,18.11,369.06
Equipment_6157,Separator,233.3,8.38,158.9
Equipment_6158,Separator,303.95,13.19,74.42
Equipment_6159,Pump,406.81,6.29,53.71
Equipment_6160,Separator,172.86,4.44,148.9
Equipment_6161,Separator,331.9,1.42,215.81
Equipment_6162,Condenser,422.57,5.25,50.36
Equipment_6163,HeatExchanger,368.35,12.48,253.39
Equipment_6164,HeatExchanger,265.77,18.18,166.78
Equipment_6165,Reactor,313.07,3.53,186.55
Equipment_6166,Reactor,494.9,18.44,141.49
Equipment_6167,Separator,320.89,7.56,235.17
Equipment_6168,Condenser,403.53,9.11,130.54
Equipment_6169,Separator,376.97,7.93,97.19
Equipment_6170,Reactor,365.67,8.76,361.73
Equipment_6171,Pump,372.37,5.92,186.69
Equipment_6172,Pump,254.48,14.27,76.93
Equipment_6173,Compressor,263.37,15.41,130.61
Equipment_6174,HeatExchanger,260.54,16.64,158.48
Equipment_6175,Condenser,64.96,7.48,319.38
Equipment_6176,Valve,158.48,15.53,57.79
Equipment_6177,HeatExchanger,119.55,13.12,217.39
Equipment_6178,Valve,448.9,19.2,192.69
Equipment_6179,Compressor,173.74,9.07,388.94
Equipment_6180,Compressor,112.3,19.85,113.03
Equipment_6181,Separator,103.9,15.07,269.75
Equipment_6182,Reactor,365.0,15.75,120.77
Equipment_6183,Compressor,52.74,1.49,241.95
Equipment_6184,Compressor,262.09,10.45,244.27
Equipment_6185,Valve,103.49,11.04,76.37
Equipment_6186,Reactor,432.35,1.77,209.76
Equipment_6187,Compressor,481.3,6.93,211.4
Equipment_6188,HeatExchanger,481.44,19.16,161.7
Equipment_6189,Compressor,248.88,9.1,147.01
Equipment_6190,Reactor,340.03,4.55,128.5
Equipment_6191,Separator,319.87,10.75,52.08
Equipment_6192,Condenser,207.52,1.64,50.64
Equipment_6193,Reactor,249.83,10.8,256.43
Equipment_6194,Valve,78.95,12.29,152.01
Equipment_6195,Condenser,408.06,7.8,108.76
Equipment_6196,HeatExchanger,158.36,15.49,289.66
Equipment_6197,Pump,257.24,3.58,235.12
Equipment_6198,Reactor,266.28,17.69,370.24
Equipment_6199,Separator,302.32,19.15,340.86
Equipment_6200,Valve,418.04,1.02,304.36
Equipment_6201,HeatExchanger,361.35,17.01,94.3
Equipment_6202,Condenser,348.38,10.62,283.13
Equipment_6203,HeatExchanger,287.04,9.77,292.87
Equipment_6204,Reactor,93.18,5.53,317.17
Equipment_6205,Compressor,230.9,9.5,142.1
Equipment_6206,Separator,480.79,19.06,274.1
Equipment_6207,Reactor,498.0,5.0,266.4
Equipment_6208,Pump,378.72,4.4,184.86
Equipment_6209,Reactor,152.38,5.6,282.23
Equipment_6210,Condenser,95.85,11.48,80.34
Equipment_6211,Condenser,236.64,18.68,275.23
Equipment_6212,Reactor,435.46,11.9,262.11
Equipment_6213,Condenser,374.84,5.63,123.72
Equipment_6214,Compressor,447.75,9.37,336.37
Equipment_6215,HeatExchanger,327.1,8.42,356.04
Equipment_6216,Reactor,108.65,1.88,123.67
Equipment_6217,Separator,101.66,10.7,76.59
Equipment_6218,Compressor,71.6,3.39,261.25
Equipment_6219,HeatExchanger,305.19,17.0,217.97
Equipment_6220,Separator,159.3,11.43,199.66
Equipment_6221,Separator,380.47,17.05,316.35
Equipment_6222,Separator,358.81,19.16,389.38
Equipment_6223,HeatExchanger,193.15,18.92,217.18
Equipment_6224,Compressor,129.56,2.91,52.15
Equipment_6225,Separator,96.08,18.95,258.69
Equipment_6226,Separator,381.79,16.12,278.89
Equipment_6227,Valve,252.7,15.78,339.81
Equipment_6228,Reactor,195.59,2.71,119.79
Equipment_6229,HeatExchanger,435.49,4.41,233.51
Equipment_6230,HeatExchanger,317.13,19.53,206.5
Equipment_6231,Condenser,283.1,5.05,282.55
Equipment_6232,HeatExchanger,384.52,4.21,72.38
Equipment_6233,Compressor,417.01,7.88,359.4
Equipment_6234,HeatExchanger,358.73,18.35,228.91
Equipment_6235,Valve,248.0,10.05,356.97
Equipment_6236,Reactor,220.68,18.49,169.08
Equipment_6237,Reactor,397.25,7.35,278.73
Equipment_6238,HeatExchanger,283.06,5.3,384.85
Equipment_6239,Separator,366.97,10.41,380.18
Equipment_6240,Pump,450.68,12.69,380.44
Equipment_6241,Pump,462.15,8.44,65.03
Equipment_6242,Separator,174.97,7.57,191.06
Equipment_6243,Separator,134.55,5.14,71.27
Equipment_6244,Separator,167.58,6.23,158.32
Equipment_6245,Compressor,388.12,13.79,111.1
Equipment_6246,Pump,216.53,8.03,267.05
Equipment_6247,Separator,128.03,2.52,323.26
Equipment_6248,Compressor,94.27,3.62,229.67
Equipment_6249,Condenser,197.29,8.08,328.42
Equipment_6250,Compressor,111.26,18.57,54.48
Equipment_6251,Pump,120.37,8.2,337.17
Equipment_6252,HeatExchanger,357.75,2.15,112.43
Equipment_6253,Condenser,58.88,8.94,211.33
Equipment_6254,Pump,102.9,13.71,204.9
Equipment_6255,Compressor,429.96,12.28,355.6
Equipment_6256,Valve,430.21,6.3,388.09
Equipment_6257,Reactor,198.16,14.07,139.29
Equipment_6258,Pump,89.58,12.98,73.59
Equipment_6259,Separator,367.24,4.27,277.68
Equipment_6260,Compressor,212.06,4.08,225.99
Equipment_6261,Separator,70.46,11.4,248.0
Equipment_6262,Separator,121.02,13.53,66.19
Equipment_6263,Separator,111.75,19.28,321.36
Equipment_6264,Separator,315.1,9.02,131.32
Equipment_6265,Separator,454.15,15.53,167.23
Equipment_6266,Condenser,406.88,3.21,129.92
Equipment_6267,Pump,295.93,17.9,381.08
Equipment_6268,Pump,239.97,13.03,109.05
Equipment_6269,Reactor,328.4,12.95,306.31
Equipment_6270,Compressor,249.72,3.71,136.01
Equipment_6271,Valve,160.74,1.75,198.72
Equipment_6272,Condenser,355.64,14.33,398.62
Equipment_6273,Compressor,442.96,3.22,85.2
Equipment_6274,Condenser,217.79,3.41,358.48
Equipment_6275,Pump,428.69,4.56,381.12
Equipment_6276,Separator,243.99,2.86,294.38
Equipment_6277,Reactor,230.6,12.88,53.49
Equipment_6278,Reactor,62.75,9.02,337.28
Equipment_6279,HeatExchanger,362.88,6.06,358.8
Equipment_6280,Valve,413.38,9.37,393.33
Equipment_6281,Reactor,348.6,17.04,343.76
Equipment_6282,Separator,118.11,18.61,205.96
Equipment_6283,Pump,96.48,10.26,291.03
Equipment_6284,Valve,307.79,11.77,219.79
Equipment_6285,Compressor,230.68,5.89,173.56
Equipment_6286,Separator,243.09,10.76,269.25
Equipment_6287,Separator,485.51,15.21,319.44
Equipment_6288,Reactor,375.77,10.35,272.57
Equipment_6289,Valve,235.3,6.74,339.3
Equipment_6290,Pump,58.59,12.06,111.73
Equipment_6291,HeatExchanger,65.34,18.99,180.79
Equipment_6292,Condenser,358.16,17.87,159.41
Equipment_6293,Condenser,426.98,15.62,117.94
Equipment_6294,Pump,368.47,6.25,205.11
Equipment_6295,Pump,232.65,5.59,381.76
Equipment_6296,Condenser,64.01,16.93,238.3
Equipment_6297,HeatExchanger,485.33,4.45,150.24
Equipment_6298,Valve,493.85,12.51,173.92
Equipment_6299,Condenser,297.21,9.34,264.58
Equipment_6300,Pump,81.8,9.89,173.46
Equipment_6301,Reactor,293.44,9.64,238.42
Equipment_6302,Compressor,451.55,18.1,145.96
Equipment_6303,HeatExchanger,355.99,2.65,171.08
Equipment_6304,Separator,374.0,15.88,297.0
Equipment_6305,HeatExchanger,88.24,16.87,254.62
Equipment_6306,Reactor,97.93,18.91,82.72
Equipment_6307,Reactor,107.31,9.6,390.61
Equipment_6308,Separator,456.97,10.5,67.27
Equipment_6309,Pump,286.63,19.26,79.03
Equipment_6310,Condenser,406.21,9.71,295.49
Equipment_6311,Valve,101.88,10.57,297.81
Equipment_6312,HeatExchanger,467.44,7.31,56.63
Equipment_6313,Separator,419.51,1.6,274.96
Equipment_6314,HeatExchanger,151.14,9.23,61.64
Equipment_6315,Reactor,443.38,13.45,386.27
Equipment_6316,Condenser,168.55,14.11,293.65
Equipment_6317,HeatExchanger,142.4,1.12,115.3
Equipment_6318,Valve,168.91,16.22,105.34
Equipment_6319,Reactor,459.48,10.36,249.38
Equipment_6320,Valve,462.02,10.89,271.73
Equipment_6321,Condenser,198.05,19.27,340.93
Equipment_6322,HeatExchanger,367.45,6.4,366.16
Equipment_6323,Compressor,354.09,15.47,187.39
Equipment_6324,HeatExchanger,412.95,11.92,345.43
Equipment_6325,Condenser,183.43,14.32,239.83
Equipment_6326,HeatExchanger,279.56,8.94,214.7
Equipment_6327,Separator,350.45,6.3,294.64
Equipment_6328,HeatExchanger,61.82,11.38,86.12
Equipment_6329,Pump,219.53,8.12,142.89
Equipment_6330,HeatExchanger,363.15,5.24,335.87
Equipment_6331,HeatExchanger,163.67,16.95,226.43
Equipment_6332,Valve,480.97,10.04,367.82
Equipment_6333,Compressor,63.57,17.1,81.05
Equipment_6334,Valve,481.14,10.01,159.69
Equipment_6335,Valve,147.54,11.58,174.44
Equipment_6336,Reactor,71.97,19.91,197.95
Equipment_6337,Pump,181.61,19.08,395.39
Equipment_6338,Valve,403.83,6.16,158.73
Equipment_6339,Separator,388.6,17.5,231.54
Equipment_6340,Condenser,143.98,8.42,237.62
Equipment_6341,Separator,138.56,2.35,319.78
Equipment_6342,Condenser,339.16,11.94,231.25
Equipment_6343,HeatExchanger,256.14,19.56,262.01
Equipment_6344,Reactor,406.53,19.51,313.66
Equipment_6345,Pump,60.86,3.4,85.4
Equipment_6346,Separator,324.69,15.65,387.22
Equipment_6347,Pump,378.8,16.25,346.21
Equipment_6348,Separator,497.02,8.01,186.07
Equipment_6349,HeatExchanger,355.45,13.51,304.95
Equipment_6350,Condenser,154.33,10.28,316.81
Equipment_6351,Compressor,98.68,5.33,347.59
Equipment_6352,Reactor,338.41,15.46,115.91
Equipment_6353,Separator,285.43,5.99,296.3
Equipment_6354,Separator,454.62,7.47,61.67
Equipment_6355,HeatExchanger,376.97,4.61,90.45
Equipment_6356,Reactor,279.38,14.67,321.62
Equipment_6357,Condenser,231.62,9.72,334.55
Equipment_6358,Condenser,231.97,9.42,257.35
Equipment_6359,Separator,151.84,12.49,253.59
Equipment_6360,Compressor,57.8,3.99,312.33
Equipment_6361,Compressor,308.71,18.06,367.13
Equipment_6362,Pump,145.59,9.84,197.39
Equipment_6363,Reactor,143.75,7.96,90.19
Equipment_6364,Reactor,106.42,3.41,343.65
Equipment_6365,Condenser,135.32,4.19,169.58
Equipment_6366,Pump,64.31,18.49,96.83
Equipment_6367,HeatExchanger,353.4,9.68,265.12
Equipment_6368,Reactor,230.63,14.72,252.33
Equipment_6369,Pump,302.69,2.53,215.99
Equipment_6370,Pump,336.63,13.23,350.93
Equipment_6371,Separator,487.62,18.51,145.28
Equipment_6372,Condenser,80.72,6.7,54.63
Equipment_6373,Pump,238.06,12.0,163.21
Equipment_6374,Compressor,160.65,18.86,53.4
Equipment_6375,Compressor,264.52,14.67,240.26
Equipment_6376,Valve,464.21,2.18,182.39
Equipment_6377,Condenser,375.79,8.2,334.88
Equipment_6378,Separator,347.88,2.63,329.15
Equipment_6379,HeatExchanger,248.56,17.37,202.12
Equipment_6380,Valve,352.0,12.81,125.77
Equipment_6381,Compressor,64.57,19.17,197.85
Equipment_6382,Separator,313.81,1.38,274.46
Equipment_6383,Valve,299.2,9.04,116.57
Equipment_6384,Condenser,205.99,2.98,320.57
Equipment_6385,Separator,140.68,7.66,165.7
Equipment_6386,Condenser,413.4,4.08,376.26
Equipment_6387,Pump,74.24,7.25,229.15
Equipment_6388,Reactor,81.35,16.57,346.49
Equipment_6389,Pump,248.23,4.05,265.56
Equipment_6390,Condenser,163.65,10.0,244.11
Equipment_6391,Separator,385.45,18.51,288.75
Equipment_6392,Compressor,335.39,19.98,334.02
Equipment_6393,HeatExchanger,397.64,5.76,275.58
Equipment_6394,Compressor,196.11,18.78,329.03
Equipment_6395,Separator,383.23,5.97,116.66
Equipment_6396,Pump,438.04,8.86,147.13
Equipment_6397,HeatExchanger,205.37,17.68,130.4
Equipment_6398,Separator,202.95,15.94,329.41
Equipment_6399,Condenser,454.98,17.29,80.14
Equipment_6400,Compressor,72.41,16.2,328.55
Equipment_6401,Condenser,207.59,5.47,186.16
Equipment_6402,HeatExchanger,103.4,11.62,77.83
Equipment_6403,HeatExchanger,63.04,8.32,198.55
Equipment_6404,Compressor,100.79,9.73,155.18
Equipment_6405,Condenser,244.06,3.93,257.18
Equipment_6406,Valve,359.13,7.0,215.38
Equipment_6407,Condenser,180.18,17.3,153.87
Equipment_6408,HeatExchanger,432.35,18.05,351.79
Equipment_6409,Condenser,246.93,12.59,192.39
Equipment_6410,Separator,485.7,10.47,214.74
Equipment_6411,Pump,479.37,14.54,346.32
Equipment_6412,Valve,397.97,12.57,81.17
Equipment_6413,Reactor,469.58,19.69,186.46
Equipment_6414,Separator,368.19,4.61,191.0
Equipment_6415,Pump,453.01,9.53,223.54
Equipment_6416,Reactor,156.41,18.45,87.14
Equipment_6417,Compressor,205.44,18.38,85.93
Equipment_6418,Reactor,388.82,10.41,195.75
Equipment_6419,Separator,241.05,3.56,61.56
Equipment_6420,Condenser,426.8,16.48,139.24
Equipment_6421,Separator,444.94,12.12,120.41
Equipment_6422,Reactor,184.88,15.69,221.29
Equipment_6423,HeatExchanger,420.55,9.79,53.91
Equipment_6424,Pump,119.42,4.87,286.51
Equipment_6425,Pump,200.39,1.46,349.46
Equipment_6426,Reactor,283.08,11.62,297.36
Equipment_6427,Pump,151.9,4.06,336.33
Equipment_6428,HeatExchanger,310.67,4.56,275.16
Equipment_6429,Separator,310.41,9.29,227.58
Equipment_6430,Pump,143.11,9.4,126.66
Equipment_6431,Reactor,408.04,6.21,147.87
Equipment_6432,Valve,334.24,3.51,161.2
Equipment_6433,Valve,192.99,18.95,63.31
Equipment_6434,Compressor,154.48,3.5,369.58
Equipment_6435,Pump,445.44,7.66,365.11
Equipment_6436,Separator,426.08,6.79,87.72
Equipment_6437,Reactor,153.39,17.46,244.84
Equipment_6438,Pump,66.02,8.79,213.67
Equipment_6439,Condenser,412.04,3.36,289.19
Equipment_6440,HeatExchanger,326.98,1.19,261.06
Equipment_6441,Pump,95.4,14.72,93.51
Equipment_6442,Pump,314.31,14.58,281.03
Equipment_6443,Valve,253.48,8.94,263.11
Equipment_6444,HeatExchanger,398.55,3.4,235.93
Equipment_6445,Reactor,144.09,8.06,190.84
Equipment_6446,Pump,253.92,12.21,384.22
Equipment_6447,Valve,120.31,14.37,347.3
Equipment_6448,Compressor,480.89,2.49,254.78
Equipment_6449,HeatExchanger,400.43,11.57,52.23
Equipment_6450,Valve,381.53,6.25,201.24
Equipment_6451,Valve,360.59,12.73,295.12
Equipment_6452,Separator,240.5,13.31,91.05
Equipment_6453,Valve,465.48,18.3,192.29
Equipment_6454,Separator,82.81,8.8,117.1
Equipment_6455,Pump,411.47,11.21,168.35
Equipment_6456,Pump,146.85,6.1,59.33
Equipment_6457,Compressor,195.81,6.44,94.36
Equipment_6458,Condenser,283.74,1.87,209.16
Equipment_6459,Condenser,402.19,6.44,364.37
Equipment_6460,Condenser,427.34,2.21,221.7
Equipment_6461,Separator,312.68,19.31,208.58
Equipment_6462,HeatExchanger,231.37,12.86,325.65
Equipment_6463,HeatExchanger,475.93,4.29,143.74
Equipment_6464,Compressor,160.93,3.22,83.27
Equipment_6465,HeatExchanger,411.39,8.03,123.35
Equipment_6466,Condenser,325.42,6.85,326.96
Equipment_6467,Condenser,219.6,6.31,286.97
Equipment_6468,Valve,50.62,9.9,82.04
Equipment_6469,HeatExchanger,250.97,18.34,283.48
Equipment_6470,Pump,174.52,11.79,376.04
Equipment_6471,Pump,96.96,10.9,65.73
Equipment_6472,Valve,83.82,16.32,265.75
Equipment_6473,Valve,206.4,1.08,182.71
Equipment_6474,Valve,326.64,4.75,225.36
Equipment_6475,Pump,426.88,10.43,234.86
Equipment_6476,Condenser,132.6,14.4,319.87
Equipment_6477,Valve,241.09,10.22,244.95
Equipment_6478,Compressor,226.38,4.11,257.58
Equipment_6479,Separator,281.03,18.67,166.52
Equipment_6480,Valve,414.31,7.24,94.08
Equipment_6481,Separator,299.14,15.98,288.96
Equipment_6482,Reactor,430.99,17.94,50.17
Equipment_6483,Valve,283.35,7.58,165.05
Equipment_6484,Pump,321.73,17.06,126.32
Equipment_6485,HeatExchanger,246.82,14.5,185.99
Equipment_6486,Valve,420.39,18.18,158.94
Equipment_6487,HeatExchanger,465.72,5.77,296.48
Equipment_6488,Reactor,337.62,18.69,141.07
Equipment_6489,Compressor,419.35,2.24,246.26
Equipment_6490,HeatExchanger,76.55,16.08,209.52
Equipment_6491,Separator,457.75,9.28,330.37
Equipment_6492,Condenser,135.02,4.38,199.83
Equipment_6493,Valve,165.43,2.51,352.36
Equipment_6494,Reactor,74.0,8.4,50.05
Equipment_6495,Reactor,484.43,8.4,261.69
Equipment_6496,HeatExchanger,433.4,5.37,53.43
Equipment_6497,Compressor,460.93,5.09,299.88
Equipment_6498,Pump,431.25,8.59,132.22
Equipment_6499,Valve,265.79,8.79,182.99
Equipment_6500,Reactor,465.84,9.4,183.15
Equipment_6501,Compressor,486.26,17.51,346.25
Equipment_6502,Condenser,276.16,12.61,85.73
Equipment_6503,Reactor,129.03,1.39,283.41
Equipment_6504,Compressor,346.38,10.86,393.44
Equipment_6505,Pump,488.95,15.49,57.83
Equipment_6506,Pump,442.47,2.07,388.06
Equipment_6507,Reactor,437.82,9.03,56.44
Equipment_6508,Separator,470.22,9.57,344.4
Equipment_6509,Reactor,452.28,19.13,386.44
Equipment_6510,HeatExchanger,399.33,10.04,397.56
Equipment_6511,Valve,373.22,15.25,210.69
Equipment_6512,Compressor,169.15,6.76,353.44
Equipment_6513,Reactor,329.6,15.81,92.82
Equipment_6514,Valve,284.67,7.13,198.88
Equipment_6515,HeatExchanger,437.87,9.17,157.79
Equipment_6516,Valve,271.27,10.11,188.31
Equipment_6517,Reactor,107.48,18.6,295.69
Equipment_6518,Pump,52.24,2.02,80.62
Equipment_6519,Compressor,355.04,4.74,399.36
Equipment_6520,Compressor,297.46,14.41,272.27
Equipment_6521,Pump,198.93,11.97,355.73
Equipment_6522,Separator,126.04,5.78,340.39
Equipment_6523,Reactor,260.02,6.49,318.1
Equipment_6524,Compressor,95.13,7.98,63.73
Equipment_6525,Reactor,201.25,9.56,230.76
Equipment_6526,HeatExchanger,220.65,16.54,164.85
Equipment_6527,Reactor,259.53,1.26,89.53
Equipment_6528,Valve,259.98,18.06,170.05
Equipment_6529,Pump,165.65,8.85,275.68
Equipment_6530,Separator,432.59,5.38,130.72
Equipment_6531,Reactor,209.99,10.66,205.61
Equipment_6532,Separator,153.31,13.53,191.57
Equipment_6533,Separator,129.11,1.85,68.36
Equipment_6534,HeatExchanger,195.16,14.6,269.83
Equipment_6535,Condenser,80.4,15.45,266.6
Equipment_6536,Pump,64.81,4.16,388.25
Equipment_6537,Separator,322.31,4.19,154.3
Equipment_6538,Compressor,328.62,4.87,196.63
Equipment_6539,Valve,288.31,16.14,191.27
Equipment_6540,Compressor,393.03,6.17,371.91
Equipment_6541,HeatExchanger,67.62,16.12,193.03
Equipment_6542,HeatExchanger,471.19,11.27,204.97
Equipment_6543,Compressor,92.78,15.58,138.32
Equipment_6544,Pump,353.31,11.52,50.41
Equipment_6545,Compressor,110.03,7.38,88.66
Equipment_6546,Reactor,445.96,18.3,296.36
Equipment_6547,Compressor,279.82,14.59,288.87
Equipment_6548,Valve,87.03,10.2,162.89
Equipment_6549,Valve,327.53,13.11,215.55
Equipment_6550,Condenser,54.1,12.7,154.08
Equipment_6551,Valve,399.21,7.8,305.82
Equipment_6552,Compressor,342.76,9.05,344.87
Equipment_6553,Valve,145.68,7.05,364.69
Equipment_6554,Pump,218.64,19.99,110.85
Equipment_6555,Separator,53.51,12.02,293.26
Equipment_6556,Valve,362.16,2.75,387.05
Equipment_6557,Reactor,195.2,10.86,277.71
Equipment_6558,Pump,307.22,1.95,172.84
Equipment_6559,Condenser,480.53,6.48,272.58
Equipment_6560,Reactor,184.76,9.47,290.95
Equipment_6561,Compressor,495.61,11.15,188.97
Equipment_6562,Separator,334.73,19.55,86.4
Equipment_6563,Compressor,158.94,19.66,262.33
Equipment_6564,Separator,246.55,2.86,330.75
Equipment_6565,Separator,383.2,11.22,399.15
Equipment_6566,Compressor,250.92,16.53,128.07
Equipment_6567,Reactor,80.83,5.52,295.14
Equipment_6568,Reactor,125.87,15.26,59.82
Equipment_6569,Separator,406.08,17.69,389.44
Equipment_6570,Reactor,341.77,13.59,54.4
Equipment_6571,Separator,306.42,7.23,175.58
Equipment_6572,Separator,125.43,18.54,76.74
Equipment_6573,Pump,426.99,17.79,267.34
Equipment_6574,HeatExchanger,482.33,14.6,168.82
Equipment_6575,Pump,68.4,7.91,306.53
Equipment_6576,Compressor,85.11,16.05,220.23
Equipment_6577,HeatExchanger,448.13,7.01,196.79
Equipment_6578,Valve,417.0,5.81,171.98
Equipment_6579,Compressor,328.07,10.79,80.15
Equipment_6580,Condenser,475.23,19.95,121.69
Equipment_6581,Pump,340.89,16.28,273.69
Equipment_6582,Reactor,147.19,14.87,223.86
Equipment_6583,Pump,377.89,9.59,74.53
Equipment_6584,Reactor,340.57,6.93,240.38
Equipment_6585,HeatExchanger,493.59,17.26,68.95
Equipment_6586,Condenser,146.25,11.79,229.1
Equipment_6587,HeatExchanger,319.05,16.45,387.74
Equipment_6588,Condenser,401.08,10.27,157.57
Equipment_6589,Pump,202.54,15.33,303.23
Equipment_6590,Reactor,220.86,17.49,310.94
Equipment_6591,HeatExchanger,449.56,8.44,191.7
Equipment_6592,Condenser,231.89,1.26,257.65
Equipment_6593,Separator,331.13,5.84,215.22
Equipment_6594,Compressor,450.16,18.38,149.18
Equipment_6595,Compressor,144.42,14.06,314.16
Equipment_6596,HeatExchanger,491.84,15.01,295.99
Equipment_6597,Reactor,365.88,7.18,365.19
Equipment_6598,Separator,273.25,14.32,266.34
Equipment_6599,HeatExchanger,243.91,13.28,186.05
Equipment_6600,Pump,479.46,4.39,299.9
Equipment_6601,Condenser,142.58,19.41,266.66
Equipment_6602,Pump,190.26,7.73,265.81
Equipment_6603,Compressor,188.51,7.26,347.44
Equipment_6604,Condenser,180.05,8.01,368.66
Equipment_6605,HeatExchanger,260.84,2.74,113.08
Equipment_6606,Pump,495.13,12.87,159.92
Equipment_6607,Valve,449.95,5.53,277.61
Equipment_6608,Reactor,197.58,16.26,245.03
Equipment_6609,Separator,240.29,8.49,278.31
Equipment_6610,Separator,351.27,9.71,201.56
Equipment_6611,Reactor,57.72,13.28,194.35
Equipment_6612,Valve,419.07,15.48,91.18
Equipment_6613,Compressor,445.91,5.39,268.28
Equipment_6614,Condenser,435.74,19.36,111.52
Equipment_6615,Reactor,218.77,12.82,284.86
Equipment_6616,Valve,257.9,1.11,388.48
Equipment_6617,HeatExchanger,55.57,8.9,139.74
Equipment_6618,Separator,229.73,9.3,99.75
Equipment_6619,Valve,257.19,16.37,58.46
Equipment_6620,Compressor,458.14,6.8,182.59
Equipment_6621,Compressor,452.29,7.29,125.11
Equipment_6622,Pump,484.74,2.34,222.15
Equipment_6623,Reactor,448.3,6.39,233.51
Equipment_6624,Pump,53.69,14.62,172.26
Equipment_6625,Separator,338.66,13.06,312.47
Equipment_6626,Valve,80.71,2.55,366.68
Equipment_6627,Condenser,172.67,3.18,124.03
Equipment_6628,Condenser,310.24,8.16,342.7
Equipment_6629,Compressor,365.28,15.13,95.92
Equipment_6630,Condenser,344.58,16.83,130.05
Equipment_6631,Condenser,72.08,1.28,246.5
Equipment_6632,Separator,96.62,7.25,157.3
Equipment_6633,Condenser,107.86,9.06,64.6
Equipment_6634,Valve,91.14,18.31,153.21
Equipment_6635,Condenser,130.21,10.53,366.7
Equipment_6636,HeatExchanger,359.82,6.12,110.98
Equipment_6637,Condenser,423.88,8.41,317.31
Equipment_6638,Condenser,233.97,9.29,302.8
Equipment_6639,Pump,361.75,13.73,87.18
Equipment_6640,Valve,140.01,1.78,165.31
Equipment_6641,Compressor,487.98,8.4,116.27
Equipment_6642,Pump,207.5,13.28,58.1
Equipment_6643,Reactor,430.64,6.38,110.56
Equipment_6644,Valve,475.41,12.24,120.55
Equipment_6645,HeatExchanger,439.12,7.79,108.09
Equipment_6646,Valve,80.18,15.42,81.88
Equipment_6647,Reactor,342.64,2.15,234.21
Equipment_6648,Reactor,104.04,18.44,162.92
Equipment_6649,Reactor,52.55,4.26,367.89
Equipment_6650,Separator,73.3,4.01,115.52
Equipment_6651,Compressor,462.27,16.97,261.0
Equipment_6652,Condenser,458.81,17.52,365.22
Equipment_6653,Valve,151.62,2.77,66.52
Equipment_6654,Separator,296.18,18.27,230.7
Equipment_6655,Condenser,479.76,6.19,207.73
Equipment_6656,Condenser,273.52,12.75,375.07
Equipment_6657,HeatExchanger,227.11,2.3,282.32
Equipment_6658,Reactor,267.46,8.23,172.21
Equipment_6659,Compressor,405.6,9.56,299.03
Equipment_6660,HeatExchanger,264.77,12.4,253.93
Equipment_6661,Pump,402.47,10.98,171.51
Equipment_6662,Separator,244.26,9.77,324.84
Equipment_6663,Separator,163.4,19.23,283.86
Equipment_6664,Compressor,196.91,4.52,51.9
Equipment_6665,Condenser,85.02,4.0,352.8
Equipment_6666,Separator,273.82,14.55,188.98
Equipment_6667,Compressor,116.65,2.42,275.91
Equipment_6668,Separator,415.2,10.17,188.87
Equipment_6669,Separator,239.27,10.2,358.48
Equipment_6670,Reactor,394.25,6.89,277.79
Equipment_6671,Pump,479.51,18.68,252.79
Equipment_6672,Reactor,432.27,6.37,393.09
Equipment_6673,Pump,478.16,6.48,148.22
Equipment_6674,Separator,305.57,5.45,72.84
Equipment_6675,HeatExchanger,124.4,3.77,230.6
Equipment_6676,Condenser,470.93,7.92,198.41
Equipment_6677,Separator,440.83,13.94,209.0
Equipment_6678,Pump,438.99,15.1,267.04
Equipment_6679,Pump,361.97,16.45,265.29
Equipment_6680,Pump,331.21,4.75,187.29
Equipment_6681,Separator,56.63,1.68,352.01
Equipment_6682,Compressor,386.62,19.52,278.01
Equipment_6683,HeatExchanger,91.19,1.27,361.47
Equipment_6684,Compressor,166.89,19.25,369.6
Equipment_6685,Condenser,298.17,16.75,108.56
Equipment_6686,Separator,253.28,18.33,288.2
Equipment_6687,Pump,57.1,8.36,161.13
Equipment_6688,HeatExchanger,420.79,4.75,342.75
Equipment_6689,HeatExchanger,445.46,12.52,306.5
Equipment_6690,Valve,356.84,15.08,119.56
Equipment_6691,Condenser,293.48,3.49,378.56
Equipment_6692,HeatExchanger,482.33,16.15,289.22
Equipment_6693,Separator,103.98,4.96,382.02
Equipment_6694,Pump,382.06,10.34,120.67
Equipment_6695,Pump,107.76,17.27,354.4
Equipment_6696,HeatExchanger,221.83,4.68,283.83
Equipment_6697,Compressor,313.47,5.6,243.3
Equipment_6698,Condenser,381.69,2.19,337.18
Equipment_6699,Pump,51.67,3.79,271.5
Equipment_6700,HeatExchanger,167.27,3.78,284.36
Equipment_6701,Pump,292.19,4.87,138.78
Equipment_6702,HeatExchanger,289.79,6.44,335.97
Equipment_6703,Condenser,336.93,16.48,277.61
Equipment_6704,HeatExchanger,186.73,18.4,345.54
Equipment_6705,Valve,293.24,8.72,173.03
Equipment_6706,HeatExchanger,135.4,3.44,166.1
Equipment_6707,HeatExchanger,134.09,5.25,58.37
Equipment_6708,Separator,309.45,14.99,319.01
Equipment_6709,Condenser,358.46,13.87,165.61
Equipment_6710,Separator,104.18,19.38,164.52
Equipment_6711,HeatExchanger,105.26,1.28,291.04
Equipment_6712,Condenser,304.39,15.26,138.5
Equipment_6713,Valve,171.54,10.61,368.16
Equipment_6714,Condenser,226.58,18.15,238.32
Equipment_6715,Pump,230.34,11.95,389.32
Equipment_6716,Separator,130.35,9.49,76.83
Equipment_6717,Condenser,50.59,13.65,167.89
Equipment_6718,Valve,433.92,16.84,183.51
Equipment_6719,Reactor,371.75,6.37,305.65
Equipment_6720,HeatExchanger,360.74,3.04,124.54
Equipment_6721,Condenser,295.93,9.23,181.37
Equipment_6722,HeatExchanger,365.44,5.08,368.72
Equipment_6723,Compressor,471.06,9.16,90.09
Equipment_6724,Pump,349.55,19.83,310.86
Equipment_6725,Separator,169.29,11.91,295.87
Equipment_6726,Pump,306.75,14.18,95.68
Equipment_6727,Compressor,249.05,13.88,290.97
Equipment_6728,Compressor,300.39,16.59,249.42
Equipment_6729,Separator,282.92,18.94,150.63
Equipment_6730,Condenser,436.45,13.52,158.9
Equipment_6731,Compressor,343.31,10.05,341.55
Equipment_6732,Reactor,134.94,7.04,130.86
Equipment_6733,HeatExchanger,78.36,7.85,229.47
Equipment_6734,HeatExchanger,240.96,7.36,288.4
Equipment_6735,Valve,57.02,7.16,95.47
Equipment_6736,Compressor,193.23,14.2,376.32
Equipment_6737,Compressor,215.61,12.17,141.22
Equipment_6738,Reactor,219.01,4.84,161.59
Equipment_6739,Pump,490.71,19.42,283.14
Equipment_6740,Pump,186.76,9.13,77.37
Equipment_6741,HeatExchanger,169.35,11.76,269.66
Equipment_6742,HeatExchanger,108.22,14.35,370.61
Equipment_6743,Condenser,279.95,12.66,137.18
Equipment_6744,Separator,119.15,6.91,176.67
Equipment_6745,Reactor,327.33,16.16,131.32
Equipment_6746,Separator,119.82,3.09,336.57
Equipment_6747,Separator,309.5,11.81,108.66
Equipment_6748,Valve,421.82,6.19,171.32
Equipment_6749,Separator,69.14,12.7,260.36
Equipment_6750,Valve,238.89,5.14,191.59
Equipment_6751,Separator,257.47,15.67,72.91
Equipment_6752,Reactor,405.98,5.32,381.7
Equipment_6753,Valve,260.56,17.92,168.27
Equipment_6754,Pump,305.39,17.37,205.98
Equipment_6755,Valve,406.04,7.89,108.64
Equipment_6756,Valve,301.89,8.33,352.87
Equipment_6757,Reactor,211.23,14.33,152.0
Equipment_6758,Reactor,88.63,2.72,56.94
Equipment_6759,Valve,378.46,2.54,160.74
Equipment_6760,Compressor,442.01,3.59,394.42
Equipment_6761,Reactor,486.53,11.69,101.4
Equipment_6762,Condenser,466.97,3.83,60.92
Equipment_6763,Condenser,408.84,6.27,252.36
Equipment_6764,Pump,339.56,13.29,180.08
Equipment_6765,Separator,401.66,1.3,328.24
Equipment_6766,Valve,244.44,4.42,306.16
Equipment_6767,Compressor,317.65,18.67,114.9
Equipment_6768,Pump,206.91,13.61,247.62
Equipment_6769,Valve,197.02,6.81,61.35
Equipment_6770,Reactor,390.51,1.86,203.82
Equipment_6771,Condenser,254.27,12.13,299.92
Equipment_6772,HeatExchanger,145.47,5.23,195.24
Equipment_6773,Compressor,140.87,19.24,91.28
Equipment_6774,HeatExchanger,436.63,14.05,71.54
Equipment_6775,Condenser,354.99,19.51,348.78
Equipment_6776,Separator,295.72,17.13,361.96
Equipment_6777,Separator,230.42,10.18,170.08
Equipment_6778,HeatExchanger,243.87,13.72,107.46
Equipment_6779,Reactor,75.85,16.43,392.52
Equipment_6780,Valve,254.71,11.99,241.05
Equipment_6781,Reactor,407.95,2.17,216.83
Equipment_6782,HeatExchanger,224.59,9.94,309.56
Equipment_6783,Reactor,222.61,3.48,109.1
Equipment_6784,Condenser,57.07,14.58,253.0
Equipment_6785,Compressor,256.03,13.93,361.56
Equipment_6786,Reactor,61.4,19.87,58.07
Equipment_6787,Condenser,306.66,12.95,285.53
Equipment_6788,Compressor,278.05,16.2,243.0
Equipment_6789,Separator,428.0,6.1,382.78
Equipment_6790,Valve,311.8,7.46,140.54
Equipment_6791,HeatExchanger,195.54,18.42,350.61
Equipment_6792,Separator,282.3,15.35,158.14
Equipment_6793,Valve,364.87,13.45,200.45
Equipment_6794,Separator,92.28,5.83,124.65
Equipment_6795,Pump,329.48,14.27,352.26
Equipment_6796,Separator,462.48,17.85,118.39
Equipment_6797,Condenser,184.61,5.39,350.65
Equipment_6798,Compressor,331.98,14.42,209.46
Equipment_6799,Separator,419.6,8.48,342.28
Equipment_6800,Reactor,280.31,3.26,142.57
Equipment_6801,Valve,373.09,15.51,96.46
Equipment_6802,Separator,189.95,4.18,244.24
Equipment_6803,Compressor,187.73,5.81,228.3
Equipment_6804,Condenser,350.41,15.88,174.81
Equipment_6805,Pump,367.43,15.1,281.99
Equipment_6806,Valve,471.65,5.83,83.3
Equipment_6807,HeatExchanger,151.18,18.88,267.7
Equipment_6808,Compressor,260.7,5.09,124.11
Equipment_6809,HeatExchanger,162.73,19.88,95.13
Equipment_6810,Compressor,86.04,15.02,368.36
Equipment_6811,Compressor,231.45,8.46,210.93
Equipment_6812,Condenser,218.34,3.48,317.2
Equipment_6813,Condenser,171.7,7.09,81.19
Equipment_6814,Condenser,183.65,4.68,70.11
Equipment_6815,Separator,212.19,12.81,223.2
Equipment_6816,Reactor,494.98,7.78,160.44
Equipment_6817,Compressor,402.33,6.61,51.72
Equipment_6818,Valve,82.13,15.39,114.15
Equipment_6819,HeatExchanger,442.59,5.38,126.57
Equipment_6820,Condenser,334.99,12.15,150.98
Equipment_6821,Separator,450.77,4.7,357.14
Equipment_6822,Condenser,203.77,14.58,197.21
Equipment_6823,HeatExchanger,259.03,12.88,287.8
Equipment_6824,HeatExchanger,453.3,16.16,56.44
Equipment_6825,Compressor,172.66,2.3,334.87
Equipment_6826,Condenser,461.98,4.99,134.12
Equipment_6827,HeatExchanger,422.82,3.93,158.16
Equipment_6828,Reactor,491.25,4.62,65.84
Equipment_6829,Reactor,195.92,2.96,193.39
Equipment_6830,Condenser,156.09,11.68,348.4
Equipment_6831,Separator,198.89,12.28,182.56
Equipment_6832,HeatExchanger,479.59,17.03,368.01
Equipment_6833,Compressor,199.88,8.94,353.61
Equipment_6834,Compressor,304.35,11.12,71.69
Equipment_6835,Separator,231.66,19.83,156.85
Equipment_6836,Compressor,228.3,11.11,368.65
Equipment_6837,Pump,137.02,11.9,60.43
Equipment_6838,Condenser,291.69,19.92,318.03
Equipment_6839,Compressor,432.23,19.89,367.25
Equipment_6840,Reactor,72.27,9.06,319.67
Equipment_6841,HeatExchanger,450.15,13.06,310.34
Equipment_6842,Valve,349.46,10.14,345.17
Equipment_6843,Separator,327.53,14.69,283.03
Equipment_6844,Valve,331.66,18.83,198.08
Equipment_6845,Compressor,183.32,6.88,71.96
Equipment_6846,Valve,236.82,16.56,325.79
Equipment_6847,Valve,409.68,13.44,366.84
Equipment_6848,Pump,187.87,6.32,229.06
Equipment_6849,Reactor,261.51,16.15,236.38
Equipment_6850,Separator,58.83,9.12,191.15
Equipment_6851,Reactor,380.1,3.29,349.91
Equipment_6852,Pump,237.97,19.87,55.18
Equipment_6853,Pump,286.41,9.09,268.59
Equipment_6854,Valve,101.61,11.29,367.59
Equipment_6855,Condenser,496.27,16.35,86.13
Equipment_6856,HeatExchanger,186.11,19.26,385.71
Equipment_6857,HeatExchanger,335.75,17.58,388.69
Equipment_6858,Valve,311.56,10.98,375.43
Equipment_6859,HeatExchanger,403.29,11.37,211.89
Equipment_6860,Pump,182.23,6.34,184.04
Equipment_6861,Reactor,390.17,9.79,297.08
Equipment_6862,HeatExchanger,222.13,18.99,161.54
Equipment_6863,Separator,235.02,14.81,73.92
Equipment_6864,Valve,352.72,1.23,365.5
Equipment_6865,Condenser,402.93,3.21,272.2
Equipment_6866,Valve,350.09,18.55,122.5
Equipment_6867,Compressor,454.95,17.13,56.44
Equipment_6868,Valve,178.32,10.24,303.23
Equipment_6869,Pump,455.28,12.72,348.48
Equipment_6870,Reactor,108.89,6.5,191.98
Equipment_6871,Reactor,346.79,16.06,78.31
Equipment_6872,Separator,296.43,12.46,277.02
Equipment_6873,HeatExchanger,272.59,14.2,153.93
Equipment_6874,Pump,189.91,8.12,100.38
Equipment_6875,Compressor,276.68,9.18,228.64
Equipment_6876,Pump,122.8,4.95,218.65
Equipment_6877,Valve,216.19,19.01,230.87
Equipment_6878,Pump,94.41,18.98,338.38
Equipment_6879,Pump,307.33,16.54,219.59
Equipment_6880,Separator,93.1,18.78,365.19
Equipment_6881,Compressor,122.16,13.64,344.63
Equipment_6882,Valve,88.46,5.46,277.89
Equipment_6883,Condenser,221.59,15.44,69.9
Equipment_6884,Separator,428.88,7.18,352.73
Equipment_6885,Condenser,458.1,9.37,366.95
Equipment_6886,Separator,82.35,6.21,181.27
Equipment_6887,Reactor,335.55,9.05,234.15
Equipment_6888,Separator,357.97,13.91,148.36
Equipment_6889,HeatExchanger,290.2,3.1,55.15
Equipment_6890,Pump,350.14,3.0,217.81
Equipment_6891,Reactor,155.16,13.99,95.28
Equipment_6892,Compressor,270.34,15.81,114.16
Equipment_6893,Condenser,225.89,11.48,218.25
Equipment_6894,Separator,90.37,4.45,353.46
Equipment_6895,Pump,331.5,9.18,345.62
Equipment_6896,Compressor,272.85,15.41,387.77
Equipment_6897,HeatExchanger,173.83,14.03,218.94
Equipment_6898,Compressor,263.16,3.09,243.2
Equipment_6899,Pump,398.88,19.41,337.74
Equipment_6900,HeatExchanger,410.75,5.24,294.89
Equipment_6901,Compressor,342.29,5.19,113.99
Equipment_6902,HeatExchanger,260.49,9.74,189.36
Equipment_6903,Separator,309.09,7.22,375.21
Equipment_6904,Separator,223.26,19.7,101.14
Equipment_6905,Pump,106.95,2.45,123.27
Equipment_6906,Pump,223.53,6.82,190.23
Equipment_6907,HeatExchanger,288.65,8.27,378.96
Equipment_6908,Valve,319.48,10.38,89.84
Equipment_6909,Reactor,471.11,1.31,285.53
Equipment_6910,Compressor,399.8,2.56,96.24
Equipment_6911,Compressor,118.4,5.9,233.58
Equipment_6912,Valve,128.38,11.53,237.8
Equipment_6913,Valve,95.22,15.59,64.92
Equipment_6914,Valve,382.18,14.04,383.94
Equipment_6915,Condenser,367.76,11.77,332.32
Equipment_6916,Condenser,493.86,8.55,156.0
Equipment_6917,HeatExchanger,284.91,17.54,95.72
Equipment_6918,Condenser,421.89,9.74,170.97
Equipment_6919,Separator,309.4,6.69,363.0
Equipment_6920,Separator,443.34,12.96,96.44
Equipment_6921,Pump,374.46,14.15,172.26
Equipment_6922,HeatExchanger,339.3,8.57,223.01
Equipment_6923,Compressor,304.31,1.53,61.51
Equipment_6924,Reactor,375.34,2.79,143.81
Equipment_6925,Pump,238.84,17.07,258.47
Equipment_6926,Compressor,93.46,2.07,163.39
Equipment_6927,Compressor,67.99,12.25,354.68
Equipment_6928,HeatExchanger,265.56,4.49,377.87
Equipment_6929,Valve,319.68,5.35,204.54
Equipment_6930,Valve,85.48,6.19,236.21
Equipment_6931,Pump,179.11,1.73,270.78
Equipment_6932,Valve,194.91,4.37,282.59
Equipment_6933,Compressor,303.26,13.36,72.14
Equipment_6934,Valve,175.32,10.48,68.79
Equipment_6935,Condenser,93.04,16.15,352.96
Equipment_6936,Valve,124.19,2.16,126.96
Equipment_6937,Compressor,128.28,17.89,254.44
Equipment_6938,HeatExchanger,429.21,19.93,268.64
Equipment_6939,Pump,177.94,1.3,107.56
Equipment_6940,Reactor,371.61,19.39,316.56
Equipment_6941,Valve,305.53,5.48,353.08
Equipment_6942,Separator,489.67,14.16,149.88
Equipment_6943,Separator,172.77,6.56,357.24
Equipment_6944,Compressor,121.27,10.91,78.36
Equipment_6945,Reactor,73.42,10.7,330.16
Equipment_6946,Reactor,158.43,7.86,274.04
Equipment_6947,Condenser,357.83,14.63,254.09
Equipment_6948,Reactor,88.37,12.39,130.55
Equipment_6949,Separator,160.12,10.66,176.64
Equipment_6950,HeatExchanger,434.89,19.67,368.61
Equipment_6951,Compressor,312.33,18.86,213.01
Equipment_6952,Compressor,81.28,19.15,258.03
Equipment_6953,Valve,71.46,17.75,377.55
Equipment_6954,Valve,77.51,5.85,213.27
Equipment_6955,Valve,473.84,7.65,185.89
Equipment_6956,Separator,432.44,5.39,362.62
Equipment_6957,Separator,430.22,19.74,368.81
Equipment_6958,Separator,465.9,3.9,174.12
Equipment_6959,Separator,277.36,7.96,257.2
Equipment_6960,Separator,161.31,4.78,387.3
Equipment_6961,Separator,230.61,5.25,69.41
Equipment_6962,HeatExchanger,373.49,5.69,63.93
Equipment_6963,Separator,444.21,13.15,230.8
Equipment_6964,Reactor,245.79,2.44,151.93
Equipment_6965,Reactor,290.92,11.88,253.65
Equipment_6966,Condenser,469.3,16.57,303.5
Equipment_6967,HeatExchanger,98.37,15.56,74.18
Equipment_6968,Valve,438.03,3.87,358.83
Equipment_6969,Pump,121.69,18.38,146.91
Equipment_6970,Separator,267.74,15.63,183.47
Equipment_6971,Condenser,148.29,1.1,167.96
Equipment_6972,Pump,321.33,15.01,343.94
Equipment_6973,Reactor,301.36,15.01,109.73
Equipment_6974,Condenser,221.0,10.44,60.04
Equipment_6975,Condenser,438.49,1.87,390.13
Equipment_6976,Compressor,346.92,12.02,393.22
Equipment_6977,Reactor,374.54,15.55,140.19
Equipment_6978,Reactor,117.8,6.15,53.27
Equipment_6979,HeatExchanger,447.42,13.67,276.07
Equipment_6980,Condenser,125.17,7.72,276.96
Equipment_6981,Separator,150.25,11.9,379.12
Equipment_6982,Reactor,107.62,8.31,154.46
Equipment_6983,Condenser,248.16,6.77,116.33
Equipment_6984,HeatExchanger,449.47,17.26,265.73
Equipment_6985,Separator,163.6,15.32,247.28
Equipment_6986,HeatExchanger,218.19,7.56,301.21
Equipment_6987,Compressor,430.73,9.26,359.79
Equipment_6988,Separator,328.02,14.14,245.91
Equipment_6989,Condenser,388.23,16.41,102.53
Equipment_6990,Reactor,146.3,14.0,259.35
Equipment_6991,Reactor,372.42,11.28,180.94
Equipment_6992,Condenser,152.42,19.13,208.46
Equipment_6993,Condenser,494.29,15.71,385.82
Equipment_6994,Condenser,301.95,3.2,244.23
Equipment_6995,Valve,363.04,11.6,102.38
Equipment_6996,Separator,103.28,8.78,205.11
Equipment_6997,Reactor,162.8,16.1,129.95
Equipment_6998,Separator,112.88,1.85,97.42
Equipment_6999,HeatExchanger,225.58,8.8,299.28
Equipment_7000,Reactor,177.86,7.05,270.0
Equipment_7001,Valve,379.82,3.68,224.23
Equipment_7002,Condenser,98.92,8.2,198.13
Equipment_7003,Compressor,388.43,13.78,162.78
Equipment_7004,Condenser,70.57,7.87,80.8
Equipment_7005,Condenser,140.91,12.02,154.74
Equipment_7006,Valve,406.38,12.26,343.44
Equipment_7007,Separator,384.25,12.16,324.29
Equipment_7008,Reactor,264.35,11.06,390.31
Equipment_7009,Condenser,72.49,3.22,279.62
Equipment_7010,Reactor,324.45,5.15,243.77
Equipment_7011,Pump,233.03,16.2,153.62
Equipment_7012,HeatExchanger,192.44,10.54,76.9
Equipment_7013,Separator,338.18,14.42,266.31
Equipment_7014,Reactor,246.48,11.83,220.86
Equipment_7015,Compressor,91.59,1.74,315.68
Equipment_7016,HeatExchanger,462.18,16.13,194.15
Equipment_7017,Compressor,400.32,2.22,394.94
Equipment_7018,Condenser,75.37,18.92,189.16
Equipment_7019,HeatExchanger,286.28,5.09,166.58
Equipment_7020,Reactor,87.52,10.74,354.85
Equipment_7021,HeatExchanger,426.78,2.21,188.43
Equipment_7022,Condenser,325.86,18.0,354.81
Equipment_7023,Valve,127.6,19.62,59.57
Equipment_7024,Separator,59.33,3.78,292.41
Equipment_7025,Compressor,64.21,6.62,75.15
Equipment_7026,Condenser,278.31,1.3,101.88
Equipment_7027,Valve,380.47,15.95,295.03
Equipment_7028,HeatExchanger,104.38,6.92,151.4
Equipment_7029,HeatExchanger,149.58,12.19,123.65
Equipment_7030,Condenser,197.27,1.75,330.53
Equipment_7031,Reactor,148.13,14.59,381.19
Equipment_7032,HeatExchanger,226.1,11.06,131.33
Equipment_7033,Reactor,301.83,14.77,161.02
Equipment_7034,Reactor,358.22,16.0,299.93
Equipment_7035,Separator,483.7,2.7,335.35
Equipment_7036,Reactor,468.88,11.98,399.71
Equipment_7037,Pump,306.56,13.35,145.68
Equipment_7038,Separator,380.37,10.82,244.82
Equipment_7039,Valve,477.89,4.47,96.91
Equipment_7040,Valve,87.56,16.12,165.79
Equipment_7041,HeatExchanger,52.54,19.95,65.74
Equipment_7042,HeatExchanger,63.41,19.42,123.79
Equipment_7043,Reactor,303.51,15.77,227.29
Equipment_7044,Separator,393.28,8.94,107.32
Equipment_7045,Separator,215.18,7.41,361.28
Equipment_7046,Pump,295.36,2.3,298.61
Equipment_7047,Reactor,282.36,8.91,59.71
Equipment_7048,Pump,92.65,3.96,356.85
Equipment_7049,Reactor,194.71,5.83,392.06
Equipment_7050,Compressor,58.75,17.95,225.65
Equipment_7051,Compressor,99.82,19.4,160.11
Equipment_7052,Condenser,415.34,19.02,142.21
Equipment_7053,Reactor,423.24,4.67,80.6
Equipment_7054,Separator,410.88,18.12,222.06
Equipment_7055,HeatExchanger,377.07,3.69,67.55
Equipment_7056,Valve,406.99,10.65,226.34
Equipment_7057,Condenser,351.94,13.23,138.39
Equipment_7058,HeatExchanger,351.43,9.79,216.75
Equipment_7059,Compressor,350.31,19.08,196.43
Equipment_7060,Reactor,281.32,7.33,156.79
Equipment_7061,Condenser,213.51,11.02,207.02
Equipment_7062,Reactor,378.59,2.43,215.91
Equipment_7063,Compressor,184.39,17.19,341.79
Equipment_7064,Condenser,294.31,8.85,283.02
Equipment_7065,Compressor,245.01,14.31,201.6
Equipment_7066,Pump,174.48,13.96,366.83
Equipment_7067,Compressor,488.61,13.85,314.51
Equipment_7068,Separator,166.44,10.63,76.5
Equipment_7069,Separator,189.18,6.27,103.81
Equipment_7070,Reactor,122.71,12.88,78.58
Equipment_7071,Valve,420.34,19.27,161.6
Equipment_7072,Compressor,313.97,16.85,202.48
Equipment_7073,HeatExchanger,325.87,3.07,226.49
Equipment_7074,Separator,419.25,1.44,347.99
Equipment_7075,Valve,204.31,10.48,56.28
Equipment_7076,Pump,137.14,15.74,199.9
Equipment_7077,Condenser,139.28,6.96,193.85
Equipment_7078,Condenser,379.68,14.32,381.62
Equipment_7079,Separator,326.35,18.71,134.36
Equipment_7080,Valve,142.85,9.72,92.84
Equipment_7081,Separator,115.28,5.64,99.79
Equipment_7082,Condenser,104.31,18.44,232.05
Equipment_7083,Compressor,332.51,9.97,186.82
Equipment_7084,Valve,50.05,8.75,313.95
Equipment_7085,Reactor,58.24,7.71,163.11
Equipment_7086,Compressor,225.3,9.04,94.79
Equipment_7087,Compressor,361.11,13.8,185.41
Equipment_7088,Compressor,362.77,9.24,359.06
Equipment_7089,Reactor,243.55,7.16,191.93
Equipment_7090,Pump,360.98,15.13,341.77
Equipment_7091,HeatExchanger,284.49,4.86,180.04
Equipment_7092,Separator,489.62,4.84,148.48
Equipment_7093,Condenser,123.11,14.23,321.2
Equipment_7094,Separator,320.3,17.47,123.23
Equipment_7095,Valve,271.06,5.58,131.14
Equipment_7096,Pump,137.51,4.63,67.43
Equipment_7097,Valve,387.5,13.74,115.75
Equipment_7098,Separator,173.98,12.8,182.59
Equipment_7099,Condenser,221.77,9.5,189.85
Equipment_7100,Reactor,218.67,2.82,197.22
Equipment_7101,Separator,159.89,2.74,217.89
Equipment_7102,Compressor,243.82,15.77,250.17
Equipment_7103,Separator,263.01,9.58,116.3
Equipment_7104,Compressor,384.9,17.3,264.88
Equipment_7105,Reactor,394.28,11.92,167.79
Equipment_7106,Separator,121.35,12.76,306.9
Equipment_7107,Pump,316.75,18.75,245.02
Equipment_7108,Pump,453.29,4.13,243.99
Equipment_7109,Valve,98.95,11.32,289.92
Equipment_7110,Reactor,262.81,2.1,166.56
Equipment_7111,Pump,387.66,7.82,200.23
Equipment_7112,Separator,325.17,3.81,254.01
Equipment_7113,Reactor,95.26,4.57,197.54
Equipment_7114,Condenser,228.47,18.76,205.49
Equipment_7115,Compressor,278.26,12.6,145.37
Equipment_7116,Separator,498.13,17.95,150.58
Equipment_7117,Compressor,130.37,9.43,294.64
Equipment_7118,Compressor,492.09,12.36,51.5
Equipment_7119,Reactor,219.27,1.61,83.35
Equipment_7120,Reactor,140.14,9.92,382.08
Equipment_7121,Valve,236.35,11.72,115.46
Equipment_7122,Compressor,326.3,1.32,196.34
Equipment_7123,Valve,146.07,16.0,347.39
Equipment_7124,Compressor,181.15,6.61,50.04
Equipment_7125,Valve,434.55,9.6,373.81
Equipment_7126,Valve,499.55,11.18,68.72
Equipment_7127,Condenser,193.18,19.85,109.8
Equipment_7128,Valve,116.99,2.88,60.19
Equipment_7129,Reactor,406.93,11.55,231.83
Equipment_7130,Valve,320.21,11.08,380.08
Equipment_7131,Compressor,95.18,2.31,343.66
Equipment_7132,Valve,476.05,13.04,273.91
Equipment_7133,Pump,85.12,6.45,114.92
Equipment_7134,HeatExchanger,331.41,2.97,354.36
Equipment_7135,Compressor,240.77,4.39,314.17
Equipment_7136,Pump,300.48,16.65,143.4
Equipment_7137,Compressor,145.95,2.98,331.78
Equipment_7138,Reactor,359.65,9.87,357.0
Equipment_7139,HeatExchanger,481.87,4.71,294.38
Equipment_7140,HeatExchanger,256.29,4.08,85.13
Equipment_7141,Reactor,285.33,4.91,394.49
Equipment_7142,HeatExchanger,157.92,10.36,76.6
Equipment_7143,Reactor,451.34,5.52,279.07
Equipment_7144,Pump,487.03,2.84,88.68
Equipment_7145,Condenser,403.83,16.23,366.89
Equipment_7146,Compressor,294.25,11.26,172.49
Equipment_7147,Reactor,480.56,3.98,229.03
Equipment_7148,Compressor,119.23,9.96,112.57
Equipment_7149,Pump,265.32,2.3,241.3
Equipment_7150,Condenser,291.92,12.03,378.59
Equipment_7151,Pump,271.36,7.47,365.57
Equipment_7152,HeatExchanger,411.09,2.97,72.36
Equipment_7153,Compressor,351.68,4.49,182.39
Equipment_7154,Separator,107.0,7.57,143.6
Equipment_7155,Condenser,205.9,16.32,218.48
Equipment_7156,HeatExchanger,202.58,4.3,341.81
Equipment_7157,Condenser,304.53,3.08,308.6
Equipment_7158,HeatExchanger,181.16,10.8,170.39
Equipment_7159,Pump,102.77,11.62,183.93
Equipment_7160,Reactor,344.16,2.71,278.99
Equipment_7161,Compressor,432.97,6.41,117.98
Equipment_7162,Valve,469.22,5.99,85.95
Equipment_7163,Valve,487.66,4.54,134.91
Equipment_7164,Pump,401.5,7.0,93.41
Equipment_7165,Compressor,112.87,1.71,173.19
Equipment_7166,Compressor,433.9,13.38,378.15
Equipment_7167,Pump,229.98,19.78,92.1
Equipment_7168,Compressor,378.46,13.05,336.41
Equipment_7169,Reactor,289.07,7.86,237.13
Equipment_7170,Pump,422.87,13.69,271.52
Equipment_7171,Reactor,241.48,11.86,109.53
Equipment_7172,Compressor,77.81,17.09,102.98
Equipment_7173,Pump,300.57,12.82,106.96
Equipment_7174,Compressor,127.08,13.05,283.47
Equipment_7175,Pump,484.48,5.21,311.73
Equipment_7176,Compressor,287.13,8.9,372.09
Equipment_7177,Reactor,299.1,7.54,189.37
Equipment_7178,Separator,458.27,1.22,211.69
Equipment_7179,Reactor,331.06,6.95,214.36
Equipment_7180,Compressor,186.23,10.24,144.46
Equipment_7181,Pump,183.24,12.4,164.88
Equipment_7182,Valve,275.71,18.76,346.39
Equipment_7183,Reactor,439.97,5.54,170.3
Equipment_7184,Reactor,407.63,3.9,354.18
Equipment_7185,HeatExchanger,483.23,17.52,156.84
Equipment_7186,Valve,82.35,18.9,168.96
Equipment_7187,Compressor,170.75,10.27,246.1
Equipment_7188,Separator,86.09,3.19,86.09
Equipment_7189,Pump,387.99,10.22,372.72
Equipment_7190,HeatExchanger,113.38,3.08,337.14
Equipment_7191,Compressor,94.95,17.78,284.68
Equipment_7192,Condenser,302.75,14.45,395.84
Equipment_7193,Separator,235.17,5.58,55.6
Equipment_7194,Reactor,371.8,17.85,193.87
Equipment_7195,Condenser,269.16,13.12,350.42
Equipment_7196,Reactor,241.4,19.11,201.56
Equipment_7197,Reactor,241.48,19.63,51.83
Equipment_7198,Condenser,442.34,1.06,105.21
Equipment_7199,Separator,227.85,3.28,201.93
Equipment_7200,Condenser,200.03,11.39,283.78
Equipment_7201,Compressor,202.34,19.16,106.93
Equipment_7202,HeatExchanger,138.47,19.89,206.82
Equipment_7203,HeatExchanger,437.31,11.78,54.48
Equipment_7204,Condenser,115.98,4.3,217.13
Equipment_7205,Compressor,458.87,4.1,363.57
Equipment_7206,HeatExchanger,177.56,15.51,258.87
Equipment_7207,Compressor,454.74,12.25,204.23
Equipment_7208,Compressor,405.87,11.43,106.79
Equipment_7209,Reactor,311.89,9.85,120.85
Equipment_7210,HeatExchanger,351.26,14.78,76.78
Equipment_7211,HeatExchanger,196.63,17.3,309.84
Equipment_7212,Reactor,308.4,6.76,77.0
Equipment_7213,Condenser,181.58,5.2,184.38
Equipment_7214,Reactor,231.02,13.73,312.45
Equipment_7215,HeatExchanger,394.1,18.38,299.49
Equipment_7216,HeatExchanger,159.77,7.61,252.14
Equipment_7217,Separator,427.48,6.18,249.96
Equipment_7218,Condenser,219.15,5.3,81.61
Equipment_7219,Reactor,289.48,5.84,111.22
Equipment_7220,Pump,473.88,3.56,237.16
Equipment_7221,Pump,356.57,12.34,171.83
Equipment_7222,Condenser,340.52,6.34,56.63
Equipment_7223,Reactor,370.22,12.68,329.36
Equipment_7224,Reactor,463.15,2.58,278.83
Equipment_7225,Compressor,161.83,3.19,164.02
Equipment_7226,HeatExchanger,325.96,11.19,84.37
Equipment_7227,Valve,230.18,10.72,256.92
Equipment_7228,Separator,55.33,6.16,171.99
Equipment_7229,Condenser,106.39,16.72,139.39
Equipment_7230,Valve,196.25,4.55,302.51
Equipment_7231,Valve,304.25,7.85,164.85
Equipment_7232,Condenser,446.66,11.55,97.62
Equipment_7233,Reactor,406.0,17.48,218.58
Equipment_7234,Condenser,299.0,8.95,339.96
Equipment_7235,Valve,83.24,8.57,347.38
Equipment_7236,HeatExchanger,178.66,12.01,347.27
Equipment_7237,Separator,215.02,7.02,197.32
Equipment_7238,Separator,329.77,14.47,326.83
Equipment_7239,HeatExchanger,79.22,5.73,347.58
Equipment_7240,HeatExchanger,288.59,16.64,210.84
Equipment_7241,Reactor,455.66,6.17,161.56
Equipment_7242,Pump,367.44,19.86,295.69
Equipment_7243,Condenser,408.68,7.01,366.56
Equipment_7244,Separator,356.75,17.7,390.25
Equipment_7245,HeatExchanger,142.97,8.55,151.58
Equipment_7246,Condenser,99.72,5.68,384.66
Equipment_7247,Separator,423.27,5.3,224.75
Equipment_7248,HeatExchanger,362.98,17.15,157.11
Equipment_7249,Separator,308.78,6.87,395.94
Equipment_7250,Reactor,135.18,7.43,357.23
Equipment_7251,Pump,321.51,4.74,292.35
Equipment_7252,Pump,64.09,19.27,363.23
Equipment_7253,HeatExchanger,103.48,5.65,288.52
Equipment_7254,Separator,190.35,5.7,204.14
Equipment_7255,Reactor,249.68,18.93,381.82
Equipment_7256,Compressor,104.25,18.12,387.14
Equipment_7257,Condenser,103.97,5.73,159.96
Equipment_7258,Condenser,376.65,17.43,174.04
Equipment_7259,Valve,306.37,5.75,183.95
Equipment_7260,Reactor,290.18,2.6,337.75
Equipment_7261,Separator,253.6,16.59,326.9
Equipment_7262,Valve,489.44,15.66,394.09
Equipment_7263,HeatExchanger,72.41,6.6,212.82
Equipment_7264,Separator,131.28,2.71,307.87
Equipment_7265,Valve,341.38,4.92,349.85
Equipment_7266,Pump,111.36,15.65,127.43
Equipment_7267,Condenser,315.22,19.33,267.19
Equipment_7268,Separator,305.49,5.92,241.7
Equipment_7269,Valve,486.95,16.55,309.99
Equipment_7270,Pump,447.52,5.33,293.4
Equipment_7271,Reactor,475.5,13.91,334.48
Equipment_7272,Valve,101.12,2.59,158.9
Equipment_7273,HeatExchanger,440.67,12.12,125.72
Equipment_7274,HeatExchanger,108.09,6.11,331.82
Equipment_7275,HeatExchanger,334.82,18.59,176.2
Equipment_7276,Separator,374.04,6.51,150.65
Equipment_7277,Condenser,122.38,8.57,167.89
Equipment_7278,Valve,334.7,16.97,73.22
Equipment_7279,Reactor,73.61,9.33,320.6
Equipment_7280,Valve,181.97,5.53,300.31
Equipment_7281,Condenser,464.52,11.4,243.44
Equipment_7282,Pump,127.28,16.96,300.63
Equipment_7283,Condenser,79.37,9.23,180.6
Equipment_7284,HeatExchanger,249.66,3.52,153.38
Equipment_7285,Separator,432.78,8.28,351.81
Equipment_7286,Pump,84.5,19.14,197.86
Equipment_7287,Separator,209.99,2.37,118.57
Equipment_7288,HeatExchanger,454.9,8.76,312.17
Equipment_7289,Compressor,103.17,13.31,167.56
Equipment_7290,Condenser,189.8,2.49,124.15
Equipment_7291,Condenser,400.29,7.55,59.52
Equipment_7292,Reactor,294.44,18.87,389.71
Equipment_7293,Valve,424.55,1.58,213.55
Equipment_7294,Pump,100.22,15.28,106.62
Equipment_7295,Separator,464.25,16.99,315.23
Equipment_7296,Pump,470.71,6.26,360.68
Equipment_7297,Reactor,119.89,5.08,234.79
Equipment_7298,Reactor,65.24,18.38,59.93
Equipment_7299,Separator,495.43,15.52,177.8
Equipment_7300,Valve,267.01,3.15,135.09
Equipment_7301,Separator,307.43,5.03,272.74
Equipment_7302,Separator,327.16,12.81,231.6
Equipment_7303,HeatExchanger,405.35,8.97,174.51
Equipment_7304,Valve,415.39,10.58,276.98
Equipment_7305,Condenser,137.27,19.08,254.55
Equipment_7306,HeatExchanger,156.49,8.98,367.27
Equipment_7307,Compressor,444.57,17.75,258.88
Equipment_7308,Valve,418.78,13.55,227.7
Equipment_7309,Reactor,327.93,3.31,338.28
Equipment_7310,HeatExchanger,497.61,15.15,120.85
Equipment_7311,Valve,380.83,10.88,135.25
Equipment_7312,Pump,147.13,5.28,324.25
Equipment_7313,Separator,430.99,6.5,204.82
Equipment_7314,Compressor,236.63,11.59,193.23
Equipment_7315,Condenser,66.27,12.43,360.48
Equipment_7316,Separator,194.64,19.4,263.54
Equipment_7317,Pump,393.6,17.24,331.02
Equipment_7318,Pump,482.09,4.91,333.44
Equipment_7319,Compressor,174.26,15.71,92.01
Equipment_7320,Condenser,160.93,1.16,278.8
Equipment_7321,Reactor,303.63,3.47,383.38
Equipment_7322,HeatExchanger,415.26,4.79,218.01
Equipment_7323,Condenser,385.94,12.35,306.26
Equipment_7324,Valve,301.98,4.7,248.36
Equipment_7325,Pump,334.13,7.94,121.7
Equipment_7326,Valve,158.94,5.61,118.32
Equipment_7327,Reactor,244.66,7.41,201.84
Equipment_7328,Valve,164.91,18.91,219.05
Equipment_7329,Condenser,447.99,19.95,226.1
Equipment_7330,Valve,100.65,14.03,384.25
Equipment_7331,Reactor,355.88,11.87,85.09
Equipment_7332,Reactor,167.13,14.46,183.18
Equipment_7333,Reactor,264.01,15.66,230.09
Equipment_7334,Condenser,184.74,15.04,387.09
Equipment_7335,Reactor,195.46,2.56,226.51
Equipment_7336,Pump,167.18,6.9,321.35
Equipment_7337,Separator,388.76,7.53,312.25
Equipment_7338,Reactor,214.57,8.02,248.26
Equipment_7339,Valve,376.86,7.54,95.75
Equipment_7340,HeatExchanger,255.23,15.95,126.57
Equipment_7341,Valve,296.26,15.2,134.05
Equipment_7342,HeatExchanger,294.48,1.09,63.53
Equipment_7343,Valve,489.13,6.63,182.73
Equipment_7344,Condenser,215.18,12.85,263.68
Equipment_7345,Valve,143.46,3.29,100.49
Equipment_7346,Condenser,460.31,2.35,111.26
Equipment_7347,Condenser,128.68,16.74,297.45
Equipment_7348,Reactor,425.49,9.6,109.24
Equipment_7349,Pump,117.6,17.26,97.37
Equipment_7350,HeatExchanger,346.43,16.65,392.24
Equipment_7351,Reactor,117.74,17.97,55.16
Equipment_7352,Reactor,465.39,1.92,163.89
Equipment_7353,Separator,304.25,4.54,62.23
Equipment_7354,Condenser,198.17,6.63,343.32
Equipment_7355,Condenser,113.15,3.59,254.24
Equipment_7356,HeatExchanger,217.04,10.22,66.78
Equipment_7357,Valve,367.26,16.18,265.38
Equipment_7358,Valve,223.23,19.07,93.08
Equipment_7359,Reactor,160.74,17.9,223.51
Equipment_7360,Compressor,309.83,9.69,284.29
Equipment_7361,Compressor,238.02,13.09,101.98
Equipment_7362,Valve,124.61,5.38,223.97
Equipment_7363,Compressor,119.29,8.66,210.09
Equipment_7364,Separator,368.36,17.55,370.51
Equipment_7365,Valve,488.6,1.55,398.5
Equipment_7366,Condenser,154.89,11.12,279.07
Equipment_7367,Reactor,397.92,17.58,349.2
Equipment_7368,Pump,89.42,3.32,276.41
Equipment_7369,Reactor,221.71,19.67,356.7
Equipment_7370,Valve,278.01,1.24,201.65
Equipment_7371,Separator,170.94,17.84,262.8
Equipment_7372,Valve,288.31,7.72,345.81
Equipment_7373,Reactor,447.18,3.52,371.33
Equipment_7374,Separator,475.0,3.99,58.64
Equipment_7375,Separator,95.25,14.32,86.38
Equipment_7376,Separator,172.33,17.54,375.91
Equipment_7377,HeatExchanger,490.61,13.18,248.98
Equipment_7378,Valve,171.69,18.65,396.57
Equipment_7379,Compressor,361.72,17.01,327.42
Equipment_7380,Compressor,164.05,1.17,336.35
Equipment_7381,Valve,210.36,13.72,185.14
Equipment_7382,Valve,136.08,6.79,140.14
Equipment_7383,HeatExchanger,435.34,9.64,259.39
Equipment_7384,Compressor,447.19,2.79,357.66
Equipment_7385,Valve,183.61,6.36,303.99
Equipment_7386,Valve,420.62,13.02,215.26
Equipment_7387,HeatExchanger,211.21,5.15,313.62
Equipment_7388,HeatExchanger,94.56,13.3,291.64
Equipment_7389,Reactor,391.13,18.54,369.57
Equipment_7390,HeatExchanger,318.4,1.09,142.25
Equipment_7391,Pump,173.47,15.93,91.76
Equipment_7392,Compressor,163.85,13.19,214.52
Equipment_7393,Reactor,489.03,1.89,176.38
Equipment_7394,Pump,438.13,16.01,391.2
Equipment_7395,Valve,414.41,5.27,52.63
Equipment_7396,Valve,107.61,6.05,376.68
Equipment_7397,Reactor,389.83,2.78,384.28
Equipment_7398,HeatExchanger,146.54,11.15,67.84
Equipment_7399,Separator,489.83,10.47,361.35
Equipment_7400,Separator,73.44,7.6,214.77
Equipment_7401,Valve,208.46,4.21,318.15
Equipment_7402,Separator,242.89,16.92,77.74
Equipment_7403,Condenser,420.89,17.65,384.32
Equipment_7404,Reactor,394.8,11.27,262.64
Equipment_7405,Pump,218.75,5.64,364.54
Equipment_7406,Reactor,304.5,2.83,285.54
Equipment_7407,Compressor,426.02,17.5,237.88
Equipment_7408,HeatExchanger,58.19,2.83,110.37
Equipment_7409,HeatExchanger,410.98,1.25,112.28
Equipment_7410,Reactor,476.1,9.92,215.4
Equipment_7411,Valve,64.43,14.89,354.65
Equipment_7412,Valve,70.51,9.69,90.33
Equipment_7413,Condenser,205.03,1.98,399.43
Equipment_7414,Condenser,89.5,14.11,356.57
Equipment_7415,HeatExchanger,265.67,13.2,187.4
Equipment_7416,Condenser,377.92,13.95,138.59
Equipment_7417,Pump,305.1,5.01,372.7
Equipment_7418,Condenser,138.39,16.12,93.12
Equipment_7419,Pump,344.67,10.1,171.55
Equipment_7420,Condenser,358.18,11.19,79.37
Equipment_7421,HeatExchanger,469.6,11.37,383.71
Equipment_7422,HeatExchanger,116.06,6.45,266.17
Equipment_7423,Pump,361.55,5.75,167.66
Equipment_7424,Reactor,460.14,1.09,146.42
Equipment_7425,HeatExchanger,275.7,8.54,205.43
Equipment_7426,Reactor,212.81,10.22,81.98
Equipment_7427,Valve,126.84,15.11,361.27
Equipment_7428,Pump,440.05,2.27,228.83
Equipment_7429,Separator,227.41,18.56,303.78
Equipment_7430,HeatExchanger,466.2,6.02,131.81
Equipment_7431,Compressor,431.49,7.97,226.31
Equipment_7432,Valve,219.49,1.92,123.88
Equipment_7433,Reactor,308.26,13.41,335.63
Equipment_7434,HeatExchanger,62.23,14.47,321.35
Equipment_7435,Pump,168.45,18.65,101.87
Equipment_7436,Separator,369.62,7.4,76.08
Equipment_7437,Condenser,355.06,5.89,338.47
Equipment_7438,Separator,209.02,14.8,88.38
Equipment_7439,Compressor,413.87,14.43,241.97
Equipment_7440,Reactor,156.13,18.81,237.07
Equipment_7441,Valve,257.57,4.9,121.03
Equipment_7442,Separator,262.64,14.4,256.97
Equipment_7443,Pump,203.37,2.27,225.96
Equipment_7444,Compressor,479.6,10.13,228.22
Equipment_7445,Pump,363.51,3.27,175.89
Equipment_7446,HeatExchanger,292.64,13.41,343.45
Equipment_7447,Condenser,279.73,12.43,79.53
Equipment_7448,Valve,121.68,1.93,203.52
Equipment_7449,Pump,217.48,7.07,140.94
Equipment_7450,Reactor,352.75,8.51,346.95
Equipment_7451,HeatExchanger,466.06,5.71,128.78
Equipment_7452,HeatExchanger,417.41,1.73,318.46
Equipment_7453,Valve,185.18,7.06,264.03
Equipment_7454,HeatExchanger,245.28,16.06,356.18
Equipment_7455,Reactor,87.31,7.84,257.83
Equipment_7456,Pump,95.98,7.14,244.77
Equipment_7457,Valve,261.6,18.89,330.4
Equipment_7458,HeatExchanger,288.6,1.79,246.87
Equipment_7459,HeatExchanger,168.81,15.58,345.59
Equipment_7460,Reactor,339.25,10.18,67.26
Equipment_7461,Condenser,366.52,18.94,223.3
Equipment_7462,Condenser,184.6,8.48,334.44
Equipment_7463,Separator,391.29,14.45,346.93
Equipment_7464,HeatExchanger,142.52,2.33,341.92
Equipment_7465,Pump,294.91,18.65,261.53
Equipment_7466,Valve,411.93,7.55,397.89
Equipment_7467,HeatExchanger,291.65,10.96,113.49
Equipment_7468,Compressor,458.58,3.63,111.06
Equipment_7469,Valve,76.33,18.97,61.49
Equipment_7470,Separator,314.74,13.79,396.27
Equipment_7471,Condenser,302.79,2.03,171.81
Equipment_7472,HeatExchanger,347.16,3.95,316.72
Equipment_7473,Reactor,425.03,8.6,70.9
Equipment_7474,Compressor,376.63,5.12,154.54
Equipment_7475,HeatExchanger,405.63,6.79,268.35
Equipment_7476,Separator,179.97,19.95,233.67
Equipment_7477,Pump,224.37,13.51,122.71
Equipment_7478,Compressor,332.05,18.52,211.56
Equipment_7479,Separator,299.06,9.28,88.07
Equipment_7480,HeatExchanger,482.5,14.5,239.95
Equipment_7481,Pump,134.08,9.73,83.93
Equipment_7482,Compressor,208.08,7.24,272.58
Equipment_7483,Pump,307.74,10.86,104.38
Equipment_7484,Pump,440.58,9.12,241.48
Equipment_7485,Compressor,468.21,19.63,95.19
Equipment_7486,Compressor,201.22,10.43,190.25
Equipment_7487,Pump,80.2,16.41,173.14
Equipment_7488,Separator,239.73,13.67,314.74
Equipment_7489,Condenser,227.45,10.11,274.41
Equipment_7490,Compressor,493.92,10.01,377.98
Equipment_7491,HeatExchanger,243.98,7.5,372.67
Equipment_7492,Valve,187.58,3.03,303.75
Equipment_7493,Reactor,214.42,15.47,319.71
Equipment_7494,Pump,228.62,18.44,268.72
Equipment_7495,Pump,419.69,5.14,292.08
Equipment_7496,Reactor,86.46,18.59,266.03
Equipment_7497,Condenser,192.43,5.41,159.12
Equipment_7498,Reactor,484.84,11.07,172.74
Equipment_7499,Compressor,118.9,7.53,251.16
Equipment_7500,Reactor,384.17,3.18,302.06
Equipment_7501,Pump,210.38,2.0,192.14
Equipment_7502,Reactor,311.8,7.94,99.93
Equipment_7503,Valve,94.8,1.9,210.8
Equipment_7504,HeatExchanger,187.89,2.98,387.12
Equipment_7505,Compressor,275.39,3.7,124.93
Equipment_7506,Reactor,154.27,1.04,277.17
Equipment_7507,Pump,293.84,3.91,393.89
Equipment_7508,Separator,148.89,11.97,181.68
Equipment_7509,HeatExchanger,342.55,16.57,360.76
Equipment_7510,Compressor,456.96,4.68,352.4
Equipment_7511,Pump,88.47,2.54,168.67
Equipment_7512,Condenser,147.48,14.86,84.48
Equipment_7513,Valve,429.99,1.16,112.49
Equipment_7514,Condenser,334.2,14.95,178.01
Equipment_7515,Valve,85.42,3.49,385.7
Equipment_7516,Reactor,268.86,5.34,146.06
Equipment_7517,Compressor,144.39,3.28,374.4
Equipment_7518,Reactor,139.59,5.7,113.48
Equipment_7519,Valve,473.29,16.17,389.43
Equipment_7520,Valve,392.69,3.52,152.76
Equipment_7521,Valve,363.3,19.89,271.58
Equipment_7522,HeatExchanger,157.52,7.21,74.39
Equipment_7523,Pump,103.36,18.52,154.88
Equipment_7524,Compressor,441.87,4.61,123.75
Equipment_7525,Reactor,52.65,4.57,51.2
Equipment_7526,Reactor,224.64,11.74,104.87
Equipment_7527,Condenser,174.93,1.96,257.59
Equipment_7528,Valve,306.67,16.22,186.47
Equipment_7529,Separator,162.73,9.35,302.9
Equipment_7530,Valve,190.04,14.28,284.88
Equipment_7531,Valve,432.52,4.32,329.75
Equipment_7532,Separator,321.43,13.2,353.46
Equipment_7533,Reactor,115.56,12.29,336.94
Equipment_7534,Condenser,376.91,15.36,206.82
Equipment_7535,Pump,143.36,6.65,158.05
Equipment_7536,Separator,244.85,18.73,225.81
Equipment_7537,HeatExchanger,340.97,19.26,237.29
Equipment_7538,Compressor,172.37,17.49,159.61
Equipment_7539,Separator,222.85,11.87,239.0
Equipment_7540,Pump,380.37,8.99,87.02
Equipment_7541,Reactor,472.06,2.1,130.86
Equipment_7542,HeatExchanger,288.16,19.0,311.12
Equipment_7543,HeatExchanger,54.49,19.08,113.99
Equipment_7544,HeatExchanger,202.31,1.36,98.66
Equipment_7545,Valve,229.39,7.78,150.57
Equipment_7546,Compressor,202.63,17.72,179.87
Equipment_7547,Reactor,246.32,2.54,164.99
Equipment_7548,Reactor,334.7,4.73,181.11
Equipment_7549,HeatExchanger,104.51,19.59,98.97
Equipment_7550,Reactor,172.68,17.1,107.89
Equipment_7551,Compressor,278.44,18.33,132.54
Equipment_7552,Compressor,192.01,3.7,190.7
Equipment_7553,Condenser,495.99,5.02,167.56
Equipment_7554,Separator,244.14,12.5,326.97
Equipment_7555,Separator,441.41,10.53,233.93
Equipment_7556,Condenser,453.43,6.67,251.5
Equipment_7557,Pump,426.2,17.79,246.21
Equipment_7558,Separator,71.1,18.13,189.57
Equipment_7559,Compressor,476.49,6.54,393.17
Equipment_7560,Compressor,107.93,3.96,63.07
Equipment_7561,Separator,65.48,3.83,125.54
Equipment_7562,Compressor,236.47,10.2,149.63
Equipment_7563,Condenser,137.59,3.53,358.45
Equipment_7564,HeatExchanger,132.89,9.99,371.6
Equipment_7565,HeatExchanger,179.52,9.78,346.14
Equipment_7566,Reactor,161.78,17.8,195.93
Equipment_7567,HeatExchanger,358.16,6.63,370.12
Equipment_7568,Valve,134.05,11.65,84.48
Equipment_7569,Condenser,294.4,15.13,278.35
Equipment_7570,Compressor,493.89,12.32,378.03
Equipment_7571,Separator,244.57,19.13,314.21
Equipment_7572,HeatExchanger,338.84,12.44,147.25
Equipment_7573,Condenser,486.22,18.14,301.13
Equipment_7574,HeatExchanger,111.94,5.66,153.17
Equipment_7575,Pump,238.37,11.65,89.05
Equipment_7576,Compressor,432.59,11.32,301.03
Equipment_7577,Pump,469.54,19.8,112.73
Equipment_7578,Compressor,320.56,4.89,88.87
Equipment_7579,Condenser,114.54,3.68,243.12
Equipment_7580,Reactor,455.66,12.62,267.22
Equipment_7581,HeatExchanger,128.5,5.25,67.87
Equipment_7582,HeatExchanger,208.8,13.14,51.56
Equipment_7583,Valve,218.98,19.48,358.72
Equipment_7584,Separator,251.28,18.98,90.34
Equipment_7585,Pump,405.57,5.39,254.36
Equipment_7586,HeatExchanger,410.96,4.25,383.74
Equipment_7587,Condenser,373.84,11.65,229.17
Equipment_7588,Reactor,59.96,12.15,98.93
Equipment_7589,Separator,304.18,13.58,187.72
Equipment_7590,Condenser,386.37,15.09,268.41
Equipment_7591,Pump,250.08,12.42,316.99
Equipment_7592,Valve,475.22,3.12,262.43
Equipment_7593,HeatExchanger,420.71,16.01,62.01
Equipment_7594,Condenser,337.17,2.51,100.09
Equipment_7595,Separator,78.09,1.38,180.13
Equipment_7596,Compressor,343.56,15.62,297.0
Equipment_7597,Reactor,460.21,11.42,254.51
Equipment_7598,Separator,220.75,14.27,65.64
Equipment_7599,Condenser,427.16,8.27,328.91
Equipment_7600,Reactor,190.92,1.21,261.79
Equipment_7601,HeatExchanger,306.55,7.29,360.5
Equipment_7602,Compressor,341.79,12.55,196.18
Equipment_7603,Valve,355.1,5.29,221.57
Equipment_7604,Separator,447.15,14.07,191.94
Equipment_7605,Valve,155.58,16.09,302.86
Equipment_7606,Compressor,168.07,9.63,313.25
Equipment_7607,Reactor,366.82,17.64,303.13
Equipment_7608,HeatExchanger,129.74,17.24,152.06
Equipment_7609,Condenser,258.92,17.68,272.61
Equipment_7610,Compressor,59.02,13.56,168.48
Equipment_7611,Pump,113.44,6.79,341.97
Equipment_7612,Reactor,355.48,10.14,69.29
Equipment_7613,Valve,386.36,14.5,63.2
Equipment_7614,Separator,101.89,5.0,85.6
Equipment_7615,Compressor,152.47,15.04,120.83
Equipment_7616,Valve,94.51,11.41,63.17
Equipment_7617,Reactor,245.04,2.82,75.07
Equipment_7618,Valve,106.75,11.59,157.12
Equipment_7619,Compressor,246.78,2.27,84.93
Equipment_7620,Reactor,379.44,1.27,330.73
Equipment_7621,Pump,357.52,17.9,68.85
Equipment_7622,Compressor,176.21,10.31,367.78
Equipment_7623,Condenser,353.19,11.32,354.79
Equipment_7624,HeatExchanger,467.47,6.32,122.93
Equipment_7625,Compressor,206.39,11.31,75.03
Equipment_7626,Reactor,198.1,4.21,86.94
Equipment_7627,Separator,307.15,15.17,245.68
Equipment_7628,HeatExchanger,160.48,16.64,260.32
Equipment_7629,Compressor,343.21,17.26,160.45
Equipment_7630,Pump,424.52,3.03,153.89
Equipment_7631,Separator,256.69,11.6,236.03
Equipment_7632,Pump,355.78,16.37,156.97
Equipment_7633,Condenser,343.35,3.44,377.01
Equipment_7634,Separator,67.4,2.89,183.92
Equipment_7635,Valve,132.54,16.52,126.93
Equipment_7636,Separator,452.09,16.14,101.09
Equipment_7637,HeatExchanger,472.5,9.53,271.1
Equipment_7638,Separator,401.2,3.08,164.33
Equipment_7639,Reactor,464.56,10.81,116.08
Equipment_7640,Reactor,187.77,8.5,146.54
Equipment_7641,Valve,161.47,10.85,157.76
Equipment_7642,Separator,222.94,9.36,269.04
Equipment_7643,Pump,74.9,11.8,111.14
Equipment_7644,Pump,414.44,14.82,306.48
Equipment_7645,Compressor,492.88,15.72,156.71
Equipment_7646,Condenser,420.81,13.33,220.91
Equipment_7647,HeatExchanger,299.74,4.78,279.19
Equipment_7648,Condenser,182.88,8.55,240.27
Equipment_7649,Separator,138.96,2.35,281.78
Equipment_7650,Condenser,213.83,9.58,162.91
Equipment_7651,Compressor,350.14,19.44,387.21
Equipment_7652,Condenser,251.18,13.19,210.65
Equipment_7653,Valve,470.33,3.94,162.68
Equipment_7654,Compressor,434.4,6.1,153.74
Equipment_7655,Valve,96.08,2.23,64.94
Equipment_7656,Separator,109.19,4.47,289.68
Equipment_7657,Compressor,354.31,10.27,141.88
Equipment_7658,Separator,153.85,7.55,385.63
Equipment_7659,Separator,405.96,4.88,123.66
Equipment_7660,Condenser,316.11,3.79,235.32
Equipment_7661,Valve,153.42,13.47,307.41
Equipment_7662,Separator,265.41,11.6,354.54
Equipment_7663,Valve,232.73,17.01,104.76
Equipment_7664,Valve,442.92,4.48,394.89
Equipment_7665,Compressor,64.47,17.11,367.36
Equipment_7666,Reactor,453.13,11.98,387.0
Equipment_7667,Condenser,343.44,6.06,348.43
Equipment_7668,Separator,381.89,6.2,357.18
Equipment_7669,Valve,51.17,8.42,259.59
Equipment_7670,HeatExchanger,332.71,9.74,345.86
Equipment_7671,Reactor,314.82,2.57,236.9
Equipment_7672,Separator,291.74,17.0,238.38
Equipment_7673,HeatExchanger,403.64,3.31,246.9
Equipment_7674,Condenser,300.14,10.19,398.71
Equipment_7675,Condenser,435.69,8.28,86.54
Equipment_7676,Valve,154.68,10.73,331.96
Equipment_7677,Valve,412.69,17.86,145.66
Equipment_7678,Separator,130.69,19.79,176.43
Equipment_7679,Compressor,415.9,1.39,78.19
Equipment_7680,Reactor,473.21,8.47,173.05
Equipment_7681,Separator,201.06,16.53,396.77
Equipment_7682,Reactor,288.45,7.21,188.97
Equipment_7683,Valve,346.25,13.33,284.39
Equipment_7684,Condenser,85.76,19.85,92.25
Equipment_7685,Valve,272.34,13.29,372.87
Equipment_7686,Condenser,212.26,3.11,339.71
Equipment_7687,Separator,442.61,17.02,185.2
Equipment_7688,Condenser,444.51,19.37,171.96
Equipment_7689,Valve,365.35,14.54,201.29
Equipment_7690,Pump,345.08,8.96,190.44
Equipment_7691,Reactor,380.16,19.02,140.32
Equipment_7692,HeatExchanger,214.69,19.4,396.8
Equipment_7693,Condenser,232.03,18.77,333.69
Equipment_7694,Condenser,299.17,8.82,143.77
Equipment_7695,Pump,472.11,16.0,393.6
Equipment_7696,Separator,375.8,13.43,55.44
Equipment_7697,Separator,297.95,4.41,203.26
Equipment_7698,Separator,396.69,11.17,249.32
Equipment_7699,HeatExchanger,216.9,15.21,63.16
Equipment_7700,Compressor,378.71,18.02,106.36
Equipment_7701,Pump,234.8,17.39,140.35
Equipment_7702,HeatExchanger,175.85,3.94,302.08
Equipment_7703,Pump,324.38,10.27,378.91
Equipment_7704,Condenser,359.09,10.09,268.59
Equipment_7705,Reactor,256.68,18.08,246.93
Equipment_7706,Pump,304.48,1.04,237.87
Equipment_7707,Compressor,362.33,15.04,172.75
Equipment_7708,Valve,395.47,12.75,339.7
Equipment_7709,HeatExchanger,453.01,18.51,239.27
Equipment_7710,Pump,209.54,9.68,130.54
Equipment_7711,Pump,478.16,13.5,97.89
Equipment_7712,Compressor,336.78,19.48,394.93
Equipment_7713,Reactor,404.47,15.13,56.12
Equipment_7714,Pump,364.9,2.28,376.7
Equipment_7715,Pump,142.51,4.18,126.41
Equipment_7716,Reactor,82.15,16.61,280.14
Equipment_7717,Compressor,376.83,7.36,155.54
Equipment_7718,HeatExchanger,279.97,14.41,350.93
Equipment_7719,HeatExchanger,366.0,14.3,240.21
Equipment_7720,Pump,264.58,19.88,99.37
Equipment_7721,Reactor,190.51,9.93,144.44
Equipment_7722,Pump,178.26,15.02,162.11
Equipment_7723,Separator,378.74,1.93,360.07
Equipment_7724,Valve,174.55,9.79,318.36
Equipment_7725,HeatExchanger,371.6,4.55,340.36
Equipment_7726,Separator,222.78,16.97,68.29
Equipment_7727,Condenser,396.9,16.96,252.57
Equipment_7728,Valve,114.26,5.49,399.71
Equipment_7729,Pump,142.24,7.05,324.82
Equipment_7730,Compressor,358.66,14.35,92.25
Equipment_7731,HeatExchanger,302.1,15.03,287.59
Equipment_7732,Condenser,141.75,13.5,310.86
Equipment_7733,Valve,456.27,19.94,229.99
Equipment_7734,HeatExchanger,174.17,17.5,77.56
Equipment_7735,Reactor,239.48,8.92,62.14
Equipment_7736,Compressor,141.03,7.21,378.23
Equipment_7737,Valve,224.61,12.34,140.13
Equipment_7738,Reactor,271.24,16.54,182.64
Equipment_7739,Separator,182.86,10.03,328.35
Equipment_7740,Pump,396.09,15.02,291.24
Equipment_7741,Reactor,227.27,1.36,389.0
Equipment_7742,Valve,378.28,18.59,82.49
Equipment_7743,Valve,143.18,15.7,297.42
Equipment_7744,Separator,219.67,8.49,78.78
Equipment_7745,Pump,53.63,8.3,50.06
Equipment_7746,Reactor,391.39,2.95,92.08
Equipment_7747,Reactor,331.65,16.51,265.85
Equipment_7748,Pump,418.02,15.6,286.67
Equipment_7749,Reactor,255.02,12.97,203.42
Equipment_7750,HeatExchanger,409.88,2.93,66.12
Equipment_7751,Pump,341.41,5.98,271.92
Equipment_7752,Compressor,51.63,9.72,80.04
Equipment_7753,Valve,164.16,6.05,99.6
Equipment_7754,Compressor,272.25,9.25,229.4
Equipment_7755,HeatExchanger,328.41,5.29,169.13
Equipment_7756,Separator,79.52,7.64,212.66
Equipment_7757,HeatExchanger,367.29,13.39,272.28
Equipment_7758,Condenser,294.59,17.95,106.0
Equipment_7759,Condenser,286.6,8.32,362.58
Equipment_7760,Condenser,181.42,14.15,245.82
Equipment_7761,Pump,317.67,3.56,57.73
Equipment_7762,Reactor,62.37,11.28,269.96
Equipment_7763,HeatExchanger,79.12,18.51,212.11
Equipment_7764,Compressor,380.24,1.53,295.57
Equipment_7765,Separator,194.85,6.08,324.41
Equipment_7766,Compressor,206.14,3.52,378.6
Equipment_7767,Compressor,143.77,11.13,399.42
Equipment_7768,Compressor,250.53,13.91,242.37
Equipment_7769,Separator,73.4,2.1,246.53
Equipment_7770,Condenser,185.16,2.34,57.86
Equipment_7771,Compressor,287.21,17.52,352.81
Equipment_7772,Separator,259.53,9.67,60.05
Equipment_7773,Separator,499.85,9.8,271.43
Equipment_7774,Reactor,224.94,18.95,84.5
Equipment_7775,Separator,224.15,7.08,150.04
Equipment_7776,Condenser,276.61,18.04,99.12
Equipment_7777,Compressor,135.64,19.51,98.09
Equipment_7778,Separator,444.34,5.59,76.11
Equipment_7779,Pump,307.52,10.77,161.26
Equipment_7780,Separator,136.45,11.15,198.28
Equipment_7781,Valve,407.05,17.46,212.57
Equipment_7782,Valve,65.45,6.77,203.9
Equipment_7783,Valve,492.15,16.16,233.29
Equipment_7784,Separator,439.32,19.45,350.93
Equipment_7785,Condenser,310.84,16.97,271.13
Equipment_7786,Compressor,100.08,18.27,56.05
Equipment_7787,HeatExchanger,146.87,14.46,110.53
Equipment_7788,HeatExchanger,175.75,18.18,172.13
Equipment_7789,HeatExchanger,158.46,4.13,382.17
Equipment_7790,Condenser,273.88,14.53,77.33
Equipment_7791,Reactor,475.05,14.91,298.54
Equipment_7792,Pump,249.88,9.34,61.58
Equipment_7793,Pump,347.7,2.52,176.89
Equipment_7794,Valve,359.86,12.83,319.55
Equipment_7795,Valve,442.21,1.99,170.38
Equipment_7796,Separator,65.22,8.27,200.6
Equipment_7797,HeatExchanger,231.95,8.48,366.86
Equipment_7798,Separator,403.13,19.98,73.16
Equipment_7799,HeatExchanger,416.69,6.7,234.68
Equipment_7800,Valve,467.3,16.59,178.18
Equipment_7801,Compressor,366.26,2.01,387.33
Equipment_7802,Reactor,160.32,11.07,327.79
Equipment_7803,Separator,277.55,11.2,92.73
Equipment_7804,Reactor,64.56,12.95,374.59
Equipment_7805,Reactor,341.12,16.39,123.92
Equipment_7806,Reactor,299.43,15.48,79.69
Equipment_7807,Valve,350.08,15.46,239.56
Equipment_7808,Pump,468.56,9.21,307.82
Equipment_7809,Valve,359.27,14.82,300.62
Equipment_7810,Reactor,194.2,10.33,236.92
Equipment_7811,Valve,139.43,2.27,222.46
Equipment_7812,Reactor,434.59,17.91,389.34
Equipment_7813,Condenser,137.45,17.91,337.2
Equipment_7814,HeatExchanger,122.72,7.13,294.52
Equipment_7815,Pump,142.98,18.36,118.32
Equipment_7816,Condenser,278.98,15.4,336.92
Equipment_7817,Compressor,105.88,8.62,312.42
Equipment_7818,Valve,472.15,7.3,397.21
Equipment_7819,Compressor,484.81,19.53,96.55
Equipment_7820,Separator,488.21,14.54,300.35
Equipment_7821,Valve,67.61,8.2,392.68
Equipment_7822,HeatExchanger,475.79,13.2,211.91
Equipment_7823,Condenser,498.84,11.86,306.69
Equipment_7824,HeatExchanger,474.09,10.97,391.38
Equipment_7825,Separator,351.92,13.25,241.62
Equipment_7826,Reactor,365.55,11.21,294.66
Equipment_7827,HeatExchanger,105.01,13.44,57.03
Equipment_7828,HeatExchanger,443.43,18.24,231.88
Equipment_7829,Reactor,76.84,19.87,139.53
Equipment_7830,Valve,192.98,14.48,95.94
Equipment_7831,Reactor,496.02,18.63,298.01
Equipment_7832,Condenser,240.05,17.31,63.68
Equipment_7833,HeatExchanger,109.02,6.61,366.7
Equipment_7834,Reactor,486.18,18.73,231.22
Equipment_7835,Separator,492.86,2.35,276.88
Equipment_7836,Separator,134.17,7.27,138.7
Equipment_7837,HeatExchanger,439.16,13.16,113.77
Equipment_7838,Condenser,225.69,11.01,135.31
Equipment_7839,Compressor,221.62,11.31,131.3
Equipment_7840,Condenser,168.21,16.1,352.58
Equipment_7841,Pump,70.12,4.7,325.57
Equipment_7842,Pump,170.6,19.66,348.46
Equipment_7843,Pump,74.2,9.31,307.21
Equipment_7844,HeatExchanger,465.97,19.05,275.24
Equipment_7845,Separator,347.77,8.28,234.76
Equipment_7846,Valve,448.98,12.43,142.92
Equipment_7847,Separator,372.78,9.56,296.88
Equipment_7848,Valve,109.08,13.84,97.8
Equipment_7849,Valve,473.26,4.49,228.87
Equipment_7850,Separator,454.95,8.61,118.35
Equipment_7851,HeatExchanger,206.63,2.3,226.67
Equipment_7852,Condenser,100.19,12.36,152.87
Equipment_7853,Valve,366.87,19.29,68.72
Equipment_7854,Compressor,377.76,1.87,226.3
Equipment_7855,Separator,453.57,13.53,113.64
Equipment_7856,Separator,73.7,15.73,106.4
Equipment_7857,Pump,113.77,5.05,184.53
Equipment_7858,Condenser,319.21,6.19,176.63
Equipment_7859,Pump,328.61,4.83,353.44
Equipment_7860,Separator,65.12,6.65,247.62
Equipment_7861,Separator,228.62,3.09,349.1
Equipment_7862,Valve,312.87,8.04,101.39
Equipment_7863,Condenser,382.06,8.01,175.06
Equipment_7864,Reactor,192.27,16.34,244.37
Equipment_7865,Compressor,267.76,16.22,103.59
Equipment_7866,Valve,416.32,16.14,94.82
Equipment_7867,Separator,479.25,11.77,281.49
Equipment_7868,Valve,153.64,7.19,278.84
Equipment_7869,Compressor,163.87,8.81,131.96
Equipment_7870,Separator,472.92,7.04,129.49
Equipment_7871,Compressor,228.16,12.06,310.91
Equipment_7872,Reactor,373.26,18.82,90.95
Equipment_7873,Valve,325.52,6.41,373.14
Equipment_7874,HeatExchanger,178.51,9.72,380.31
Equipment_7875,Valve,344.1,13.45,354.85
Equipment_7876,Pump,345.0,17.05,123.74
Equipment_7877,Condenser,316.6,5.81,55.88
Equipment_7878,Condenser,94.85,6.33,377.84
Equipment_7879,Pump,497.83,17.82,170.39
Equipment_7880,Separator,230.19,2.52,158.64
Equipment_7881,Condenser,337.21,12.5,141.59
Equipment_7882,Compressor,448.59,17.35,135.59
Equipment_7883,Condenser,240.48,18.51,307.09
Equipment_7884,Condenser,398.27,1.24,367.76
Equipment_7885,Pump,487.32,8.02,325.12
Equipment_7886,Separator,211.52,5.89,285.94
Equipment_7887,Reactor,232.37,11.79,150.72
Equipment_7888,Condenser,457.51,13.02,241.44
Equipment_7889,HeatExchanger,121.84,20.0,132.94
Equipment_7890,Condenser,62.87,10.74,89.03
Equipment_7891,Reactor,459.0,11.48,92.1
Equipment_7892,Pump,419.72,8.87,261.32
Equipment_7893,Reactor,487.66,3.81,63.47
Equipment_7894,Pump,76.21,6.76,390.64
Equipment_7895,Compressor,120.28,5.69,398.41
Equipment_7896,Pump,97.39,16.22,102.3
Equipment_7897,Compressor,357.54,11.37,199.56
Equipment_7898,Compressor,322.7,6.63,318.83
Equipment_7899,Pump,211.7,10.29,384.27
Equipment_7900,HeatExchanger,75.84,5.16,361.96
Equipment_7901,Valve,337.85,4.52,139.16
Equipment_7902,Pump,306.55,17.34,79.82
Equipment_7903,Condenser,100.81,18.95,151.06
Equipment_7904,HeatExchanger,459.01,2.52,203.03
Equipment_7905,HeatExchanger,139.53,15.53,175.98
Equipment_7906,Condenser,384.58,9.61,320.85
Equipment_7907,Valve,448.28,8.39,140.23
Equipment_7908,HeatExchanger,310.76,14.1,350.52
Equipment_7909,Compressor,161.08,6.06,128.97
Equipment_7910,Valve,189.16,1.39,176.47
Equipment_7911,Separator,448.59,5.07,206.73
Equipment_7912,Condenser,184.22,4.51,151.93
Equipment_7913,Valve,385.79,1.65,318.23
Equipment_7914,Pump,495.57,7.1,193.34
Equipment_7915,Valve,499.92,10.02,360.46
Equipment_7916,Compressor,290.07,14.98,387.26
Equipment_7917,Pump,421.95,7.19,350.93
Equipment_7918,Reactor,495.61,4.7,232.92
Equipment_7919,Condenser,218.6,5.38,228.43
Equipment_7920,Condenser,163.58,17.93,125.56
Equipment_7921,Valve,101.41,4.89,257.3
Equipment_7922,HeatExchanger,113.4,17.71,383.45
Equipment_7923,Pump,434.1,9.49,78.21
Equipment_7924,Reactor,314.93,18.75,313.36
Equipment_7925,Pump,443.17,8.75,354.34
Equipment_7926,Condenser,405.25,4.38,395.35
Equipment_7927,Pump,353.19,11.43,167.17
Equipment_7928,Reactor,324.19,12.17,174.45
Equipment_7929,HeatExchanger,71.75,13.07,130.42
Equipment_7930,Valve,442.52,8.82,326.17
Equipment_7931,Compressor,238.03,1.92,99.01
Equipment_7932,Pump,301.9,12.91,143.72
Equipment_7933,Compressor,59.88,18.73,153.34
Equipment_7934,Condenser,471.23,19.19,181.23
Equipment_7935,Valve,456.23,12.34,197.58
Equipment_7936,Separator,294.48,1.38,245.66
Equipment_7937,Valve,309.79,3.01,381.93
Equipment_7938,Pump,367.26,16.85,136.55
Equipment_7939,HeatExchanger,169.11,16.77,322.73
Equipment_7940,Valve,149.86,18.97,286.74
Equipment_7941,Pump,353.31,11.71,90.62
Equipment_7942,Pump,96.99,17.41,333.63
Equipment_7943,Compressor,254.33,16.67,81.71
Equipment_7944,Valve,271.74,12.2,308.62
Equipment_7945,Pump,221.6,15.89,300.53
Equipment_7946,Compressor,133.37,3.39,291.29
Equipment_7947,Reactor,209.89,13.14,146.84
Equipment_7948,Separator,201.9,19.12,250.68
Equipment_7949,Compressor,274.67,4.08,316.55
Equipment_7950,Compressor,353.61,15.14,273.16
Equipment_7951,Pump,485.71,7.09,331.51
Equipment_7952,Condenser,114.87,16.52,290.76
Equipment_7953,Condenser,442.86,14.25,146.06
Equipment_7954,HeatExchanger,177.88,18.6,103.57
Equipment_7955,Condenser,316.12,14.53,271.19
Equipment_7956,Compressor,296.03,8.8,315.92
Equipment_7957,HeatExchanger,300.63,1.21,99.81
Equipment_7958,Pump,375.51,16.07,111.19
Equipment_7959,Valve,221.76,8.76,54.22
Equipment_7960,Separator,193.59,13.74,236.11
Equipment_7961,Separator,433.78,3.0,239.8
Equipment_7962,Compressor,149.04,17.93,225.03
Equipment_7963,Compressor,131.11,9.28,160.6
Equipment_7964,HeatExchanger,57.02,18.47,199.73
Equipment_7965,Pump,144.76,14.43,318.18
Equipment_7966,Reactor,283.34,3.31,113.63
Equipment_7967,Compressor,292.33,12.0,120.54
Equipment_7968,Reactor,164.49,18.29,283.44
Equipment_7969,Reactor,82.52,16.2,353.42
Equipment_7970,Condenser,385.09,8.94,169.14
Equipment_7971,Pump,391.09,19.15,376.46
Equipment_7972,Separator,499.03,6.1,70.19
Equipment_7973,Separator,455.01,8.13,91.48
Equipment_7974,Reactor,466.73,15.24,210.99
Equipment_7975,Separator,409.19,5.43,303.22
Equipment_7976,Pump,326.98,10.79,179.79
Equipment_7977,Condenser,107.85,14.85,244.16
Equipment_7978,Pump,330.04,13.24,60.0
Equipment_7979,Compressor,75.18,3.95,211.64
Equipment_7980,Reactor,448.38,12.96,134.9
Equipment_7981,Pump,266.82,11.88,230.73
Equipment_7982,Separator,363.86,11.6,234.04
Equipment_7983,Valve,73.51,16.69,313.61
Equipment_7984,Pump,290.41,4.49,238.94
Equipment_7985,Reactor,185.57,15.28,264.99
Equipment_7986,Condenser,178.24,15.46,235.38
Equipment_7987,Separator,225.35,14.73,396.63
Equipment_7988,Condenser,50.29,10.61,327.07
Equipment_7989,Reactor,260.0,8.52,314.48
Equipment_7990,Separator,268.96,8.5,269.54
Equipment_7991,Compressor,438.41,14.94,234.93
Equipment_7992,Separator,251.84,10.46,170.66
Equipment_7993,Compressor,213.6,7.43,324.39
Equipment_7994,Condenser,497.64,12.88,116.36
Equipment_7995,Condenser,307.05,16.9,62.79
Equipment_7996,Reactor,262.68,2.17,294.36
Equipment_7997,Compressor,273.17,19.47,100.7
Equipment_7998,Condenser,414.13,2.84,366.34
Equipment_7999,Compressor,203.3,10.72,319.74
Equipment_8000,Condenser,225.12,11.64,260.79
Equipment_8001,Separator,390.14,3.63,159.87
Equipment_8002,Pump,82.84,18.4,273.28
Equipment_8003,Valve,439.33,9.96,216.9
Equipment_8004,Separator,243.59,3.72,151.9
Equipment_8005,HeatExchanger,311.58,14.52,380.78
Equipment_8006,Pump,390.86,13.6,106.66
Equipment_8007,HeatExchanger,169.72,19.29,313.68
Equipment_8008,Condenser,450.64,9.39,330.01
Equipment_8009,Valve,490.65,6.09,383.13
Equipment_8010,Valve,272.42,2.14,242.3
Equipment_8011,Condenser,471.62,14.93,237.21
Equipment_8012,Condenser,50.51,12.73,372.1
Equipment_8013,Compressor,452.41,19.48,330.38
Equipment_8014,Condenser,189.97,14.53,317.27
Equipment_8015,Reactor,190.17,18.73,326.2
Equipment_8016,Condenser,152.64,19.84,222.61
Equipment_8017,Reactor,192.66,9.14,64.5
Equipment_8018,Condenser,146.07,3.86,119.39
Equipment_8019,Compressor,457.64,4.72,275.05
Equipment_8020,Reactor,454.56,7.05,188.66
Equipment_8021,Pump,96.0,10.67,262.37
Equipment_8022,Reactor,114.29,3.33,243.09
Equipment_8023,Separator,437.91,6.73,203.53
Equipment_8024,Compressor,229.52,6.85,132.15
Equipment_8025,HeatExchanger,126.17,1.08,301.64
Equipment_8026,Reactor,279.8,7.73,368.17
Equipment_8027,Separator,237.5,3.21,319.49
Equipment_8028,Separator,148.62,9.16,92.01
Equipment_8029,Separator,374.34,4.73,238.28
Equipment_8030,Condenser,334.08,16.62,342.38
Equipment_8031,Separator,94.85,2.53,256.84
Equipment_8032,Condenser,466.42,17.45,203.85
Equipment_8033,HeatExchanger,301.31,12.03,149.59
Equipment_8034,Compressor,162.59,9.71,165.64
Equipment_8035,Valve,142.83,11.45,134.75
Equipment_8036,Condenser,111.18,8.15,118.5
Equipment_8037,Separator,241.09,3.42,256.1
Equipment_8038,Separator,110.99,15.55,228.28
Equipment_8039,Pump,237.12,18.63,307.19
Equipment_8040,Separator,116.95,19.05,157.78
Equipment_8041,Compressor,345.56,13.74,211.29
Equipment_8042,Reactor,403.36,8.8,288.13
Equipment_8043,Reactor,297.29,10.09,387.13
Equipment_8044,Separator,356.03,13.48,172.1
Equipment_8045,Pump,472.27,16.64,154.37
Equipment_8046,Condenser,337.27,8.12,207.25
Equipment_8047,Compressor,213.87,18.42,303.36
Equipment_8048,Pump,252.27,7.16,386.54
Equipment_8049,Condenser,437.24,11.09,237.79
Equipment_8050,Compressor,108.82,19.27,334.35
Equipment_8051,Separator,196.58,18.83,212.54
Equipment_8052,Reactor,309.78,14.22,63.95
Equipment_8053,Compressor,354.38,7.17,362.97
Equipment_8054,Separator,393.57,5.16,151.46
Equipment_8055,HeatExchanger,193.19,2.52,98.53
Equipment_8056,Valve,115.64,14.46,398.66
Equipment_8057,Compressor,479.68,10.57,171.59
Equipment_8058,Valve,84.38,11.87,97.79
Equipment_8059,Compressor,93.11,9.98,159.04
Equipment_8060,Valve,272.72,10.18,229.84
Equipment_8061,HeatExchanger,418.67,11.85,80.78
Equipment_8062,Reactor,398.53,18.37,173.42
Equipment_8063,Condenser,471.96,1.56,284.1
Equipment_8064,Valve,113.72,16.23,370.58
Equipment_8065,HeatExchanger,219.08,8.42,189.1
Equipment_8066,Valve,176.96,15.15,247.6
Equipment_8067,Reactor,437.39,19.02,272.62
Equipment_8068,Valve,269.76,6.82,74.76
Equipment_8069,HeatExchanger,62.08,2.7,169.78
Equipment_8070,Separator,368.58,5.41,289.49
Equipment_8071,HeatExchanger,224.91,5.22,307.48
Equipment_8072,Pump,289.02,15.1,174.58
Equipment_8073,Reactor,452.2,2.18,52.36
Equipment_8074,Separator,165.53,1.97,52.4
Equipment_8075,Pump,158.12,14.18,238.34
Equipment_8076,Reactor,168.44,11.58,243.02
Equipment_8077,Separator,202.15,8.94,244.5
Equipment_8078,Valve,98.31,11.93,302.61
Equipment_8079,Separator,363.75,14.97,372.44
Equipment_8080,HeatExchanger,143.33,2.97,396.56
Equipment_8081,Pump,466.77,11.51,295.37
Equipment_8082,Valve,147.06,16.66,229.9
Equipment_8083,HeatExchanger,165.04,7.89,99.35
Equipment_8084,Reactor,183.66,15.5,184.46
Equipment_8085,Separator,395.84,17.06,250.36
Equipment_8086,HeatExchanger,242.42,16.6,399.93
Equipment_8087,Valve,418.7,13.36,94.44
Equipment_8088,Pump,403.18,14.63,327.58
Equipment_8089,Pump,468.27,15.97,399.63
Equipment_8090,Separator,390.47,14.94,331.85
Equipment_8091,HeatExchanger,73.36,9.58,318.5
Equipment_8092,Valve,426.78,4.02,140.54
Equipment_8093,Compressor,472.13,6.88,51.18
Equipment_8094,Reactor,497.16,4.94,129.1
Equipment_8095,Reactor,106.37,7.87,326.43
Equipment_8096,Valve,325.97,10.3,87.55
Equipment_8097,Compressor,139.76,19.22,153.64
Equipment_8098,Pump,168.13,19.23,246.88
Equipment_8099,Separator,385.51,15.62,252.93
Equipment_8100,Condenser,489.95,19.62,240.05
Equipment_8101,Condenser,317.68,19.96,393.31
Equipment_8102,Separator,432.76,17.82,54.3
Equipment_8103,Valve,54.0,2.51,220.66
Equipment_8104,Compressor,66.48,9.09,226.55
Equipment_8105,Compressor,318.53,11.15,152.66
Equipment_8106,Reactor,225.04,3.36,233.77
Equipment_8107,Pump,450.39,16.36,285.65
Equipment_8108,HeatExchanger,185.89,3.82,285.46
Equipment_8109,Compressor,244.42,8.28,80.75
Equipment_8110,Separator,287.56,2.31,330.86
Equipment_8111,HeatExchanger,172.87,10.97,375.75
Equipment_8112,Condenser,458.82,12.34,93.26
Equipment_8113,HeatExchanger,259.04,14.97,195.82
Equipment_8114,Pump,240.87,7.45,229.11
Equipment_8115,Separator,432.39,12.22,97.19
Equipment_8116,Pump,190.39,14.95,226.18
Equipment_8117,HeatExchanger,417.86,15.48,122.4
Equipment_8118,Valve,105.02,6.73,377.38
Equipment_8119,Compressor,132.25,2.29,206.96
Equipment_8120,Separator,477.88,1.71,398.22
Equipment_8121,Valve,429.1,15.59,66.28
Equipment_8122,HeatExchanger,224.55,8.32,94.65
Equipment_8123,Compressor,337.31,3.54,205.12
Equipment_8124,Reactor,474.34,4.51,356.03
Equipment_8125,Valve,145.34,15.56,244.33
Equipment_8126,Valve,76.55,12.38,306.32
Equipment_8127,HeatExchanger,291.86,10.53,198.25
Equipment_8128,Condenser,114.17,12.84,64.18
Equipment_8129,HeatExchanger,134.29,3.61,276.73
Equipment_8130,Valve,451.19,7.06,271.9
Equipment_8131,Compressor,53.33,8.11,75.0
Equipment_8132,Condenser,417.57,6.98,109.81
Equipment_8133,HeatExchanger,282.63,17.42,216.65
Equipment_8134,Separator,301.68,12.05,206.32
Equipment_8135,HeatExchanger,352.3,14.86,313.35
Equipment_8136,Valve,244.15,5.5,185.59
Equipment_8137,Valve,102.03,6.02,282.16
Equipment_8138,Reactor,96.27,5.28,296.55
Equipment_8139,HeatExchanger,389.46,14.07,275.75
Equipment_8140,Valve,149.47,7.63,258.64
Equipment_8141,Separator,62.65,8.7,331.99
Equipment_8142,Pump,490.83,14.47,279.99
Equipment_8143,Condenser,491.18,19.46,341.96
Equipment_8144,Pump,220.16,4.08,272.84
Equipment_8145,Condenser,61.49,2.19,105.64
Equipment_8146,Separator,377.27,4.7,158.31
Equipment_8147,HeatExchanger,423.96,14.96,165.62
Equipment_8148,Reactor,106.26,4.7,82.87
Equipment_8149,Valve,110.96,12.1,292.31
Equipment_8150,Valve,420.0,12.22,258.29
Equipment_8151,Valve,464.86,6.59,256.41
Equipment_8152,HeatExchanger,405.84,2.31,217.48
Equipment_8153,Condenser,140.34,8.58,240.09
Equipment_8154,Separator,235.18,4.55,52.83
Equipment_8155,Valve,320.38,4.5,83.69
Equipment_8156,Pump,122.13,10.93,289.17
Equipment_8157,Valve,144.77,13.79,141.51
Equipment_8158,HeatExchanger,177.3,2.43,87.77
Equipment_8159,Separator,279.28,11.99,165.03
Equipment_8160,Reactor,279.86,5.68,139.07
Equipment_8161,Separator,416.43,13.79,60.28
Equipment_8162,Pump,388.85,16.39,193.7
Equipment_8163,Valve,461.18,16.33,59.46
Equipment_8164,Valve,424.81,8.03,50.14
Equipment_8165,Compressor,164.24,11.78,327.37
Equipment_8166,Condenser,199.08,16.08,160.24
Equipment_8167,Pump,275.19,2.16,248.66
Equipment_8168,Compressor,56.42,12.51,154.21
Equipment_8169,Separator,456.76,16.89,375.51
Equipment_8170,Reactor,69.95,8.07,305.21
Equipment_8171,Condenser,195.1,9.65,179.21
Equipment_8172,Pump,306.13,14.28,123.72
Equipment_8173,Valve,283.03,2.29,98.23
Equipment_8174,Separator,344.51,8.33,316.85
Equipment_8175,Pump,287.38,6.62,208.56
Equipment_8176,Valve,153.05,1.32,131.19
Equipment_8177,Condenser,140.49,4.72,371.87
Equipment_8178,Valve,458.26,8.52,186.53
Equipment_8179,Reactor,168.79,4.75,240.22
Equipment_8180,Separator,176.44,12.45,350.23
Equipment_8181,HeatExchanger,235.83,9.52,341.68
Equipment_8182,Valve,112.75,1.75,273.28
Equipment_8183,Reactor,278.27,6.23,361.02
Equipment_8184,HeatExchanger,349.26,1.37,383.23
Equipment_8185,Separator,403.7,7.8,377.29
Equipment_8186,Condenser,370.15,5.92,172.15
Equipment_8187,Condenser,116.44,14.08,189.01
Equipment_8188,Separator,255.23,6.84,134.18
Equipment_8189,Separator,67.36,8.13,342.89
Equipment_8190,Pump,58.01,14.78,92.64
Equipment_8191,Reactor,248.06,10.14,174.28
Equipment_8192,Reactor,163.83,11.57,53.41
Equipment_8193,Separator,357.51,16.99,258.13
Equipment_8194,Compressor,375.91,4.93,280.43
Equipment_8195,Compressor,452.93,19.79,137.15
Equipment_8196,HeatExchanger,392.31,18.1,307.86
Equipment_8197,HeatExchanger,71.71,6.44,183.54
Equipment_8198,Compressor,217.23,17.97,159.1
Equipment_8199,Separator,172.86,15.33,384.66
Equipment_8200,Separator,223.76,18.68,256.04
Equipment_8201,HeatExchanger,122.03,14.13,138.31
Equipment_8202,Valve,93.97,13.82,394.13
Equipment_8203,Separator,284.44,1.07,185.64
Equipment_8204,Compressor,374.17,10.02,276.74
Equipment_8205,Reactor,365.86,4.81,303.35
Equipment_8206,Separator,252.92,7.16,197.8
Equipment_8207,Separator,285.03,19.6,237.57
Equipment_8208,Valve,282.35,2.62,133.92
Equipment_8209,HeatExchanger,361.21,14.73,213.04
Equipment_8210,Separator,71.57,4.29,158.78
Equipment_8211,Condenser,369.45,1.14,241.61
Equipment_8212,Pump,311.99,10.53,284.46
Equipment_8213,Compressor,139.15,4.06,264.9
Equipment_8214,Condenser,72.08,19.34,321.85
Equipment_8215,HeatExchanger,98.84,4.87,64.54
Equipment_8216,Reactor,286.11,4.65,77.51
Equipment_8217,Pump,391.28,1.61,121.86
Equipment_8218,Condenser,200.6,7.27,395.03
Equipment_8219,Pump,220.61,1.46,330.09
Equipment_8220,Compressor,470.37,10.48,373.44
Equipment_8221,HeatExchanger,145.86,10.61,145.23
Equipment_8222,Separator,96.69,2.01,250.85
Equipment_8223,Reactor,204.53,5.56,244.21
Equipment_8224,HeatExchanger,385.66,16.81,249.33
Equipment_8225,Pump,331.73,9.79,301.15
Equipment_8226,Condenser,237.11,9.26,187.89
Equipment_8227,Compressor,484.14,14.28,287.02
Equipment_8228,Compressor,380.75,14.58,325.95
Equipment_8229,HeatExchanger,77.84,15.48,151.18
Equipment_8230,Separator,385.08,16.78,381.01
Equipment_8231,Condenser,60.82,5.41,231.32
Equipment_8232,Separator,342.65,2.26,306.47
Equipment_8233,Separator,144.72,8.23,305.12
Equipment_8234,Condenser,363.4,17.25,247.84
Equipment_8235,Pump,189.4,2.48,162.94
Equipment_8236,HeatExchanger,442.85,11.94,283.43
Equipment_8237,HeatExchanger,201.61,14.32,80.55
Equipment_8238,Valve,328.86,10.15,393.5
Equipment_8239,HeatExchanger,178.67,5.85,114.4
Equipment_8240,Compressor,462.75,7.2,146.4
Equipment_8241,Pump,401.45,2.36,384.05
Equipment_8242,Condenser,159.49,6.56,115.29
Equipment_8243,HeatExchanger,476.96,1.84,109.53
Equipment_8244,Pump,210.72,14.8,331.59
Equipment_8245,HeatExchanger,343.34,18.06,137.95
Equipment_8246,Condenser,384.28,13.04,83.15
Equipment_8247,Reactor,60.31,13.48,129.33
Equipment_8248,Condenser,481.54,9.97,360.93
Equipment_8249,Condenser,205.0,3.96,148.11
Equipment_8250,Condenser,135.4,1.15,293.27
Equipment_8251,HeatExchanger,432.82,7.54,188.3
Equipment_8252,Valve,366.3,15.28,141.74
Equipment_8253,Condenser,89.03,19.25,100.42
Equipment_8254,Compressor,102.67,9.19,390.27
Equipment_8255,Compressor,371.84,7.94,232.39
Equipment_8256,Pump,83.65,9.47,90.16
Equipment_8257,Valve,462.73,9.13,119.58
Equipment_8258,Pump,383.69,12.89,192.55
Equipment_8259,Compressor,200.97,14.95,240.46
Equipment_8260,Separator,213.32,15.91,113.63
Equipment_8261,Compressor,277.92,13.34,147.2
Equipment_8262,Reactor,212.44,9.32,324.3
Equipment_8263,Condenser,402.56,19.05,196.12
Equipment_8264,Separator,488.63,14.51,50.49
Equipment_8265,Compressor,313.03,9.11,68.88
Equipment_8266,HeatExchanger,250.72,9.49,203.76
Equipment_8267,HeatExchanger,150.25,16.54,71.04
Equipment_8268,Pump,344.05,9.37,110.87
Equipment_8269,Separator,358.51,10.81,304.76
Equipment_8270,Pump,358.34,6.54,218.13
Equipment_8271,Condenser,62.14,16.94,218.86
Equipment_8272,Condenser,454.6,10.92,259.38
Equipment_8273,Reactor,202.15,11.5,325.98
Equipment_8274,Valve,384.87,17.73,105.51
Equipment_8275,Pump,391.91,18.49,110.57
Equipment_8276,Condenser,342.75,16.66,92.49
Equipment_8277,Pump,227.69,2.24,377.89
Equipment_8278,Condenser,323.77,9.43,252.05
Equipment_8279,Compressor,68.09,7.52,82.42
Equipment_8280,Pump,392.85,5.06,127.23
Equipment_8281,Compressor,94.81,18.27,303.96
Equipment_8282,Pump,228.54,17.91,60.15
Equipment_8283,Valve,96.63,9.84,303.98
Equipment_8284,Reactor,426.68,3.56,369.01
Equipment_8285,HeatExchanger,297.64,1.25,69.73
Equipment_8286,HeatExchanger,360.93,9.33,115.25
Equipment_8287,HeatExchanger,357.16,1.76,50.83
Equipment_8288,Compressor,428.72,12.58,88.16
Equipment_8289,Separator,109.66,12.56,265.95
Equipment_8290,Condenser,346.88,18.08,65.69
Equipment_8291,HeatExchanger,308.81,4.61,199.04
Equipment_8292,Valve,63.9,8.06,226.19
Equipment_8293,HeatExchanger,140.64,17.33,367.32
Equipment_8294,Pump,170.41,10.01,216.0
Equipment_8295,Compressor,82.65,2.13,99.89
Equipment_8296,Separator,209.62,3.1,151.25
Equipment_8297,Pump,62.24,16.46,285.27
Equipment_8298,Separator,298.93,15.13,89.24
Equipment_8299,Pump,145.18,17.64,131.11
Equipment_8300,Pump,179.15,3.26,398.52
Equipment_8301,Reactor,459.71,15.45,51.94
Equipment_8302,Reactor,276.27,13.45,103.26
Equipment_8303,Condenser,171.06,5.41,345.29
Equipment_8304,Compressor,319.31,19.5,85.48
Equipment_8305,Valve,140.75,11.84,61.77
Equipment_8306,Valve,83.48,18.23,92.46
Equipment_8307,Valve,59.41,17.32,292.76
Equipment_8308,Pump,478.19,7.33,397.59
Equipment_8309,Reactor,376.07,11.18,256.72
Equipment_8310,Compressor,409.98,9.2,93.51
Equipment_8311,Pump,491.41,14.47,114.32
Equipment_8312,Separator,469.23,12.17,238.19
Equipment_8313,Reactor,381.61,15.91,300.48
Equipment_8314,Reactor,362.29,1.22,282.02
Equipment_8315,HeatExchanger,201.58,14.07,251.15
Equipment_8316,HeatExchanger,96.81,7.06,395.19
Equipment_8317,Compressor,308.18,5.26,119.31
Equipment_8318,Separator,309.31,16.22,110.52
Equipment_8319,Compressor,478.51,2.7,350.67
Equipment_8320,Compressor,249.16,5.34,151.79
Equipment_8321,Pump,360.86,4.87,166.38
Equipment_8322,Condenser,308.74,8.98,242.03
Equipment_8323,Compressor,129.54,7.12,183.45
Equipment_8324,HeatExchanger,316.43,14.69,150.67
Equipment_8325,Condenser,293.05,14.29,371.01
Equipment_8326,Pump,272.26,7.18,95.25
Equipment_8327,Condenser,281.04,9.3,191.5
Equipment_8328,Valve,123.79,4.95,51.04
Equipment_8329,Separator,258.56,13.75,332.61
Equipment_8330,Condenser,322.54,8.53,108.95
Equipment_8331,Compressor,270.25,3.52,320.55
Equipment_8332,Pump,269.91,3.42,102.01
Equipment_8333,Separator,84.88,7.12,195.86
Equipment_8334,Compressor,135.85,15.2,304.86
Equipment_8335,Separator,194.44,1.48,144.78
Equipment_8336,HeatExchanger,238.71,5.9,159.87
Equipment_8337,Valve,317.27,4.09,283.56
Equipment_8338,HeatExchanger,438.51,19.17,115.7
Equipment_8339,Compressor,121.62,14.4,383.12
Equipment_8340,Compressor,56.79,5.43,116.08
Equipment_8341,Compressor,252.16,4.94,312.5
Equipment_8342,Reactor,244.45,17.3,330.91
Equipment_8343,Valve,298.36,4.61,181.03
Equipment_8344,Separator,424.95,19.94,104.68
Equipment_8345,Compressor,411.06,6.36,108.07
Equipment_8346,Compressor,95.02,2.6,394.91
Equipment_8347,Separator,470.3,14.13,303.89
Equipment_8348,HeatExchanger,99.69,12.58,207.52
Equipment_8349,HeatExchanger,335.56,20.0,140.07
Equipment_8350,Compressor,352.58,16.24,56.62
Equipment_8351,Pump,355.94,9.15,284.66
Equipment_8352,Reactor,169.41,13.86,384.92
Equipment_8353,HeatExchanger,198.66,16.54,87.4
Equipment_8354,Pump,296.9,10.76,314.07
Equipment_8355,Reactor,139.81,6.18,103.63
Equipment_8356,Compressor,59.14,4.99,327.24
Equipment_8357,Valve,302.97,6.61,179.7
Equipment_8358,Condenser,259.38,17.11,299.22
Equipment_8359,Condenser,345.53,8.23,374.2
Equipment_8360,Compressor,116.02,6.45,267.05
Equipment_8361,HeatExchanger,428.42,16.31,372.24
Equipment_8362,Pump,115.8,1.61,132.26
Equipment_8363,Valve,451.1,12.29,392.35
Equipment_8364,Separator,252.28,17.6,355.5
Equipment_8365,Reactor,297.41,8.79,87.65
Equipment_8366,Compressor,453.46,6.12,194.74
Equipment_8367,Valve,184.96,10.34,374.46
Equipment_8368,Valve,131.82,14.63,77.34
Equipment_8369,HeatExchanger,250.59,10.82,208.82
Equipment_8370,Reactor,159.97,1.15,303.26
Equipment_8371,Valve,287.53,2.49,61.71
Equipment_8372,HeatExchanger,173.87,14.71,313.49
Equipment_8373,Pump,439.02,8.6,176.42
Equipment_8374,HeatExchanger,323.3,15.91,137.28
Equipment_8375,Pump,50.11,13.34,251.59
Equipment_8376,Pump,412.46,12.05,240.52
Equipment_8377,Separator,198.6,18.13,355.88
Equipment_8378,Separator,194.09,1.41,286.6
Equipment_8379,Valve,222.38,3.95,197.65
Equipment_8380,HeatExchanger,333.62,12.86,277.55
Equipment_8381,Separator,248.93,2.25,312.55
Equipment_8382,Pump,332.89,13.25,378.07
Equipment_8383,Separator,116.05,19.7,296.49
Equipment_8384,Reactor,486.57,17.7,240.36
Equipment_8385,Valve,378.32,12.23,180.54
Equipment_8386,HeatExchanger,162.59,17.99,362.02
Equipment_8387,HeatExchanger,375.88,3.21,327.38
Equipment_8388,Condenser,308.76,9.64,77.01
Equipment_8389,HeatExchanger,99.14,9.14,294.84
Equipment_8390,Valve,130.19,7.39,238.56
Equipment_8391,Reactor,68.59,1.0,86.28
Equipment_8392,HeatExchanger,414.16,17.93,247.74
Equipment_8393,Condenser,298.27,15.78,117.38
Equipment_8394,Valve,192.54,13.4,297.85
Equipment_8395,Pump,106.86,3.45,147.46
Equipment_8396,Compressor,267.82,8.19,102.62
Equipment_8397,Compressor,286.37,18.56,78.69
Equipment_8398,Pump,365.88,12.72,221.78
Equipment_8399,Separator,486.47,12.46,119.87
Equipment_8400,HeatExchanger,245.73,18.35,349.29
Equipment_8401,Compressor,232.72,11.64,51.05
Equipment_8402,Separator,216.47,12.35,345.27
Equipment_8403,Compressor,422.12,7.57,232.38
Equipment_8404,Pump,120.34,8.06,372.75
Equipment_8405,HeatExchanger,204.72,14.03,121.61
Equipment_8406,HeatExchanger,376.24,7.09,85.8
Equipment_8407,Separator,57.06,11.62,268.74
Equipment_8408,Pump,180.22,6.3,297.35
Equipment_8409,Separator,338.65,4.16,180.4
Equipment_8410,HeatExchanger,133.68,9.63,54.79
Equipment_8411,HeatExchanger,186.22,5.13,192.44
Equipment_8412,Valve,268.72,18.07,131.83
Equipment_8413,Separator,239.91,6.77,171.61
Equipment_8414,Valve,97.71,12.35,227.36
Equipment_8415,Pump,472.21,6.01,295.82
Equipment_8416,Reactor,69.93,5.9,387.13
Equipment_8417,Compressor,387.38,7.66,100.4
Equipment_8418,Valve,82.14,18.4,287.96
Equipment_8419,Compressor,260.28,8.44,131.62
Equipment_8420,Condenser,128.94,16.6,127.25
Equipment_8421,Pump,113.49,4.75,271.74
Equipment_8422,Reactor,106.65,1.92,321.6
Equipment_8423,Condenser,253.75,15.85,392.23
Equipment_8424,Condenser,281.97,11.3,319.09
Equipment_8425,HeatExchanger,110.02,10.57,105.06
Equipment_8426,Condenser,490.73,6.17,128.89
Equipment_8427,Pump,165.99,2.37,316.49
Equipment_8428,Valve,256.48,10.17,234.45
Equipment_8429,Pump,147.32,17.48,153.39
Equipment_8430,Valve,272.27,3.28,215.12
Equipment_8431,Condenser,390.21,18.65,370.21
Equipment_8432,Condenser,284.5,6.22,314.46
Equipment_8433,Reactor,178.54,11.11,207.74
Equipment_8434,Valve,161.78,2.26,393.19
Equipment_8435,Condenser,391.52,9.08,328.21
Equipment_8436,HeatExchanger,103.21,3.39,52.05
Equipment_8437,Compressor,216.48,1.91,89.33
Equipment_8438,Reactor,118.17,19.36,243.89
Equipment_8439,Pump,166.09,14.87,172.48
Equipment_8440,Reactor,118.71,14.66,334.4
Equipment_8441,Compressor,449.05,2.72,363.49
Equipment_8442,Valve,379.36,18.66,134.23
Equipment_8443,Pump,302.42,9.92,317.15
Equipment_8444,Pump,150.99,17.19,237.39
Equipment_8445,Valve,279.6,1.24,187.19
Equipment_8446,Separator,284.37,6.67,325.37
Equipment_8447,Separator,315.68,19.92,247.72
Equipment_8448,Reactor,77.04,9.13,272.35
Equipment_8449,Condenser,487.81,17.88,71.79
Equipment_8450,Separator,259.45,7.23,255.06
Equipment_8451,Reactor,466.94,10.98,155.25
Equipment_8452,Separator,54.41,17.23,222.65
Equipment_8453,Compressor,161.4,12.51,127.7
Equipment_8454,HeatExchanger,96.8,14.78,265.07
Equipment_8455,Condenser,396.33,5.35,101.61
Equipment_8456,Reactor,194.06,3.96,93.02
Equipment_8457,HeatExchanger,428.22,5.38,115.94
Equipment_8458,HeatExchanger,424.57,10.37,336.11
Equipment_8459,Separator,350.51,16.22,61.74
Equipment_8460,Valve,349.6,7.73,305.35
Equipment_8461,Compressor,365.07,11.73,69.78
Equipment_8462,Compressor,353.19,16.29,257.15
Equipment_8463,Compressor,224.11,5.54,320.75
Equipment_8464,Condenser,357.27,17.78,130.88
Equipment_8465,Pump,453.83,19.11,118.58
Equipment_8466,Condenser,199.66,1.74,151.21
Equipment_8467,Reactor,475.2,2.12,294.86
Equipment_8468,HeatExchanger,56.11,2.73,139.19
Equipment_8469,HeatExchanger,207.09,15.76,225.62
Equipment_8470,Pump,109.44,4.6,97.06
Equipment_8471,Reactor,106.98,14.79,211.42
Equipment_8472,Pump,416.94,9.38,268.65
Equipment_8473,HeatExchanger,463.27,16.89,75.14
Equipment_8474,Separator,399.99,16.36,335.4
Equipment_8475,Condenser,489.48,19.23,378.1
Equipment_8476,Compressor,147.35,5.77,117.74
Equipment_8477,HeatExchanger,113.36,5.36,315.8
Equipment_8478,Valve,284.32,1.6,159.71
Equipment_8479,Compressor,423.07,8.8,286.85
Equipment_8480,HeatExchanger,67.93,9.72,157.34
Equipment_8481,Condenser,498.0,19.33,351.82
Equipment_8482,Pump,321.01,16.78,171.49
Equipment_8483,Separator,490.52,4.17,347.09
Equipment_8484,Separator,214.29,16.17,318.15
Equipment_8485,Compressor,256.11,4.39,118.71
Equipment_8486,Condenser,388.56,2.48,104.93
Equipment_8487,Separator,406.72,16.9,322.88
Equipment_8488,Separator,154.86,19.54,186.61
Equipment_8489,Reactor,468.41,2.67,382.29
Equipment_8490,Valve,440.34,16.46,380.03
Equipment_8491,Compressor,58.19,17.33,292.72
Equipment_8492,Pump,107.86,3.26,225.2
Equipment_8493,Separator,273.24,6.38,118.24
Equipment_8494,Reactor,257.43,14.94,358.84
Equipment_8495,Condenser,368.78,16.35,78.7
Equipment_8496,Separator,90.37,7.73,179.62
Equipment_8497,Valve,340.18,4.04,161.73
Equipment_8498,Pump,327.37,13.32,385.45
Equipment_8499,Condenser,155.13,14.34,91.34
Equipment_8500,Condenser,294.08,10.57,361.55
Equipment_8501,Compressor,149.99,3.75,209.75
Equipment_8502,Separator,116.12,17.05,66.62
Equipment_8503,Compressor,307.91,13.26,305.1
Equipment_8504,Pump,489.86,17.51,85.31
Equipment_8505,Separator,156.62,18.73,132.95
Equipment_8506,HeatExchanger,209.9,16.31,329.91
Equipment_8507,Separator,165.46,19.21,104.16
Equipment_8508,HeatExchanger,169.91,19.13,163.91
Equipment_8509,Condenser,231.89,12.77,176.35
Equipment_8510,Compressor,365.83,14.84,256.08
Equipment_8511,Valve,67.46,14.29,326.48
Equipment_8512,Separator,480.71,12.8,130.78
Equipment_8513,Valve,70.83,1.37,122.02
Equipment_8514,Separator,446.56,7.76,127.67
Equipment_8515,Condenser,452.47,2.9,183.56
Equipment_8516,Compressor,286.02,6.7,237.29
Equipment_8517,Pump,111.65,2.3,54.71
Equipment_8518,Pump,304.32,18.48,323.1
Equipment_8519,Pump,332.88,9.58,374.35
Equipment_8520,Separator,435.99,4.6,345.23
Equipment_8521,Separator,297.9,12.11,63.01
Equipment_8522,Valve,234.82,4.73,233.58
Equipment_8523,Compressor,427.23,16.28,334.91
Equipment_8524,Separator,491.43,6.81,170.44
Equipment_8525,Compressor,340.3,6.98,363.96
Equipment_8526,Valve,443.47,17.53,360.41
Equipment_8527,Separator,319.43,11.62,99.6
Equipment_8528,Pump,360.4,17.86,222.77
Equipment_8529,Pump,359.68,8.84,58.98
Equipment_8530,Condenser,367.15,7.53,148.65
Equipment_8531,HeatExchanger,194.46,10.62,334.16
Equipment_8532,Reactor,309.05,2.17,391.3
Equipment_8533,HeatExchanger,317.36,3.93,369.66
Equipment_8534,Separator,191.78,5.17,64.9
Equipment_8535,Compressor,207.43,16.52,374.36
Equipment_8536,Separator,393.01,14.94,337.93
Equipment_8537,Compressor,312.23,4.67,353.7
Equipment_8538,Compressor,117.15,6.26,370.19
Equipment_8539,HeatExchanger,426.94,18.94,220.86
Equipment_8540,Reactor,447.4,2.63,123.93
Equipment_8541,Condenser,259.76,11.4,57.36
Equipment_8542,HeatExchanger,144.01,10.92,58.24
Equipment_8543,Reactor,476.42,14.79,274.88
Equipment_8544,Pump,447.02,5.97,168.05
Equipment_8545,Pump,159.97,18.76,223.56
Equipment_8546,Compressor,93.02,8.8,95.97
Equipment_8547,Valve,248.29,6.43,391.43
Equipment_8548,Separator,354.38,7.4,95.48
Equipment_8549,Separator,128.92,7.63,205.68
Equipment_8550,Compressor,280.95,4.78,205.17
Equipment_8551,Valve,241.44,18.63,53.02
Equipment_8552,Reactor,450.75,4.32,283.73
Equipment_8553,Pump,243.3,17.77,238.37
Equipment_8554,Separator,290.2,8.69,224.12
Equipment_8555,HeatExchanger,479.88,6.12,336.33
Equipment_8556,Valve,184.86,4.77,134.4
Equipment_8557,Reactor,180.05,10.58,351.38
Equipment_8558,Pump,409.82,13.72,352.67
Equipment_8559,HeatExchanger,174.89,18.07,339.4
Equipment_8560,Valve,424.34,13.4,169.49
Equipment_8561,Compressor,92.99,10.19,106.9
Equipment_8562,Compressor,100.07,1.64,216.31
Equipment_8563,Compressor,455.6,18.39,140.94
Equipment_8564,Separator,293.37,18.15,68.26
Equipment_8565,Reactor,373.47,8.2,147.81
Equipment_8566,Compressor,151.38,1.55,214.19
Equipment_8567,Separator,124.82,14.93,89.46
Equipment_8568,Condenser,425.73,16.04,380.52
Equipment_8569,Separator,211.38,11.31,279.64
Equipment_8570,Pump,254.76,8.65,97.72
Equipment_8571,Separator,62.59,17.17,334.22
Equipment_8572,Reactor,223.65,4.66,374.83
Equipment_8573,HeatExchanger,396.7,9.35,141.97
Equipment_8574,Separator,419.57,1.47,100.14
Equipment_8575,Compressor,364.44,4.12,162.87
Equipment_8576,Pump,361.48,18.88,341.29
Equipment_8577,Valve,277.81,11.98,111.28
Equipment_8578,Compressor,292.25,16.31,322.77
Equipment_8579,Pump,384.18,10.24,300.69
Equipment_8580,Condenser,161.29,16.86,277.98
Equipment_8581,Valve,154.18,11.24,201.66
Equipment_8582,Condenser,477.47,1.09,178.37
Equipment_8583,HeatExchanger,62.46,18.09,79.84
Equipment_8584,Pump,112.76,3.82,175.07
Equipment_8585,Condenser,306.65,9.56,260.64
Equipment_8586,HeatExchanger,382.03,10.06,364.37
Equipment_8587,Pump,292.05,1.9,341.59
Equipment_8588,Pump,209.78,2.01,61.28
Equipment_8589,Condenser,490.09,15.49,98.6
Equipment_8590,Pump,366.73,6.71,346.97
Equipment_8591,Compressor,424.13,8.78,378.76
Equipment_8592,Pump,68.11,11.72,69.53
Equipment_8593,Reactor,156.16,8.09,295.44
Equipment_8594,HeatExchanger,218.38,15.73,178.01
Equipment_8595,Pump,132.17,17.8,177.5
Equipment_8596,Reactor,82.8,2.13,274.93
Equipment_8597,Pump,151.29,13.07,333.58
Equipment_8598,Pump,290.14,7.04,146.19
Equipment_8599,Condenser,363.09,12.08,296.87
Equipment_8600,Compressor,398.31,10.19,272.56
Equipment_8601,HeatExchanger,69.32,7.34,231.06
Equipment_8602,Compressor,242.59,2.8,260.85
Equipment_8603,Valve,105.0,11.63,56.32
Equipment_8604,Condenser,244.04,3.14,51.42
Equipment_8605,Condenser,245.29,3.97,242.65
Equipment_8606,Compressor,274.2,19.66,233.44
Equipment_8607,Separator,451.77,7.02,74.97
Equipment_8608,Condenser,412.29,12.1,222.21
Equipment_8609,Compressor,336.52,6.17,315.14
Equipment_8610,Condenser,448.43,17.44,239.42
Equipment_8611,Pump,355.31,6.38,231.17
Equipment_8612,Compressor,418.48,7.97,301.27
Equipment_8613,Compressor,303.7,12.56,110.15
Equipment_8614,Reactor,286.35,17.53,210.12
Equipment_8615,Condenser,375.84,16.51,101.82
Equipment_8616,Condenser,58.86,6.01,233.34
Equipment_8617,Compressor,360.67,16.76,257.18
Equipment_8618,Pump,470.53,14.32,92.59
Equipment_8619,Pump,371.27,19.81,76.43
Equipment_8620,HeatExchanger,66.56,18.77,108.36
Equipment_8621,Pump,220.05,11.13,255.22
Equipment_8622,Condenser,414.31,15.25,116.37
Equipment_8623,Separator,481.37,11.83,146.34
Equipment_8624,Reactor,216.57,12.3,295.89
Equipment_8625,Compressor,428.54,2.93,136.92
Equipment_8626,Valve,438.71,1.04,189.13
Equipment_8627,Reactor,105.48,1.92,375.1
Equipment_8628,Separator,430.6,19.37,338.75
Equipment_8629,Valve,195.91,3.4,139.42
Equipment_8630,Reactor,316.96,1.84,259.15
Equipment_8631,Pump,292.53,6.88,283.03
Equipment_8632,Condenser,348.37,12.18,365.08
Equipment_8633,Separator,383.21,19.02,241.61
Equipment_8634,Valve,248.4,14.3,246.45
Equipment_8635,Separator,449.74,6.25,360.96
Equipment_8636,Reactor,414.27,18.84,69.03
Equipment_8637,Condenser,403.44,1.68,269.85
Equipment_8638,Separator,256.21,19.6,195.83
Equipment_8639,Valve,66.91,2.11,368.42
Equipment_8640,Compressor,271.52,15.32,386.19
Equipment_8641,Reactor,454.3,1.86,109.59
Equipment_8642,Compressor,135.7,18.7,148.51
Equipment_8643,Pump,492.17,3.06,145.71
Equipment_8644,Compressor,413.46,1.96,85.22
Equipment_8645,Compressor,369.42,17.9,219.03
Equipment_8646,HeatExchanger,354.72,2.82,229.58
Equipment_8647,Reactor,314.16,16.16,250.54
Equipment_8648,Pump,374.3,15.19,282.04
Equipment_8649,Compressor,239.86,12.38,72.02
Equipment_8650,Condenser,430.38,8.18,267.87
Equipment_8651,Valve,363.36,18.4,369.83
Equipment_8652,Compressor,397.06,17.55,209.25
Equipment_8653,Pump,406.62,9.1,87.35
Equipment_8654,Compressor,91.43,5.4,80.08
Equipment_8655,Valve,75.04,6.18,148.61
Equipment_8656,Pump,410.44,5.19,313.38
Equipment_8657,Reactor,166.72,11.28,141.35
Equipment_8658,Pump,311.89,17.5,335.02
Equipment_8659,Reactor,249.67,15.7,336.88
Equipment_8660,Pump,59.92,16.11,209.99
Equipment_8661,Separator,68.13,9.52,155.28
Equipment_8662,Valve,422.21,7.13,259.18
Equipment_8663,Valve,323.45,15.39,333.69
Equipment_8664,Pump,285.73,16.07,72.6
Equipment_8665,Separator,474.96,14.21,383.7
Equipment_8666,Compressor,127.9,1.61,276.07
Equipment_8667,Valve,166.09,12.2,189.35
Equipment_8668,Reactor,390.53,7.59,227.11
Equipment_8669,Reactor,398.86,4.73,184.96
Equipment_8670,Condenser,232.2,14.19,194.41
Equipment_8671,HeatExchanger,477.94,6.1,258.47
Equipment_8672,Separator,472.21,18.34,71.08
Equipment_8673,HeatExchanger,55.58,6.66,111.38
Equipment_8674,HeatExchanger,127.55,11.55,129.46
Equipment_8675,Reactor,419.1,16.73,192.63
Equipment_8676,Condenser,200.85,8.64,179.87
Equipment_8677,HeatExchanger,92.96,16.74,302.77
Equipment_8678,HeatExchanger,403.25,14.75,140.71
Equipment_8679,Pump,254.56,18.5,69.98
Equipment_8680,Pump,271.58,7.19,69.4
Equipment_8681,Pump,133.87,3.0,53.96
Equipment_8682,Compressor,347.4,9.18,63.31
Equipment_8683,HeatExchanger,298.06,15.93,350.53
Equipment_8684,Compressor,143.0,9.56,294.04
Equipment_8685,Condenser,203.15,5.98,398.58
Equipment_8686,Separator,318.6,1.52,57.11
Equipment_8687,Reactor,466.19,6.95,347.15
Equipment_8688,HeatExchanger,464.17,14.55,293.62
Equipment_8689,Reactor,179.56,3.8,274.12
Equipment_8690,Separator,381.03,7.48,174.79
Equipment_8691,Pump,398.98,1.38,181.85
Equipment_8692,HeatExchanger,413.97,14.71,345.95
Equipment_8693,Valve,306.84,17.73,299.72
Equipment_8694,Compressor,54.73,11.8,284.61
Equipment_8695,Compressor,392.75,1.49,60.73
Equipment_8696,HeatExchanger,97.97,5.13,114.51
Equipment_8697,Separator,102.59,9.33,386.92
Equipment_8698,Pump,322.53,12.16,209.03
Equipment_8699,Compressor,492.58,10.43,323.49
Equipment_8700,Pump,159.14,18.4,186.26
Equipment_8701,Condenser,340.61,18.83,317.51
Equipment_8702,Reactor,186.64,3.04,91.72
Equipment_8703,Separator,454.43,3.63,64.74
Equipment_8704,Valve,317.08,7.8,213.16
Equipment_8705,Reactor,143.36,9.0,257.08
Equipment_8706,Reactor,167.96,12.14,163.3
Equipment_8707,Condenser,244.62,15.69,300.6
Equipment_8708,Compressor,104.92,3.58,223.54
Equipment_8709,Valve,85.43,16.25,374.91
Equipment_8710,Compressor,356.03,12.59,79.75
Equipment_8711,HeatExchanger,233.22,19.64,73.3
Equipment_8712,Reactor,376.8,13.37,366.79
Equipment_8713,HeatExchanger,99.53,14.61,284.19
Equipment_8714,Pump,324.44,4.71,284.89
Equipment_8715,Reactor,249.49,15.61,59.64
Equipment_8716,Compressor,76.1,2.51,378.19
Equipment_8717,Reactor,295.16,13.47,320.14
Equipment_8718,Pump,87.26,2.06,317.51
Equipment_8719,Condenser,422.47,3.19,369.18
Equipment_8720,HeatExchanger,334.38,3.05,252.35
Equipment_8721,HeatExchanger,300.64,2.0,188.13
Equipment_8722,Compressor,110.06,7.1,218.24
Equipment_8723,Reactor,179.36,19.89,322.03
Equipment_8724,Compressor,271.79,7.62,319.06
Equipment_8725,Condenser,334.98,15.45,263.36
Equipment_8726,Reactor,132.45,3.51,126.33
Equipment_8727,Reactor,53.99,9.64,336.61
Equipment_8728,Compressor,205.14,4.52,276.53
Equipment_8729,Compressor,267.29,4.65,127.44
Equipment_8730,Pump,133.0,2.89,218.23
Equipment_8731,Separator,271.47,9.21,399.02
Equipment_8732,Separator,202.32,2.44,164.93
Equipment_8733,Condenser,254.79,18.29,90.8
Equipment_8734,Separator,206.36,9.51,57.58
Equipment_8735,Pump,332.81,16.93,114.62
Equipment_8736,HeatExchanger,69.3,19.61,115.44
Equipment_8737,Reactor,126.91,13.88,350.32
Equipment_8738,Compressor,244.74,18.13,104.65
Equipment_8739,Reactor,210.33,3.57,351.93
Equipment_8740,Reactor,226.23,16.77,80.35
Equipment_8741,Valve,411.69,6.15,367.33
Equipment_8742,HeatExchanger,448.85,9.98,139.72
Equipment_8743,Valve,161.9,13.29,264.02
Equipment_8744,Separator,426.38,18.17,105.9
Equipment_8745,Reactor,256.46,18.31,186.52
Equipment_8746,Compressor,173.22,2.75,80.02
Equipment_8747,Reactor,493.46,7.93,252.83
Equipment_8748,HeatExchanger,421.16,16.07,171.06
Equipment_8749,Valve,497.41,14.36,348.25
Equipment_8750,Compressor,125.69,1.5,113.64
Equipment_8751,Reactor,114.73,9.55,148.0
Equipment_8752,Condenser,276.52,16.76,112.04
Equipment_8753,HeatExchanger,337.39,15.02,247.34
Equipment_8754,HeatExchanger,126.98,8.83,89.11
Equipment_8755,Condenser,437.19,14.97,116.27
Equipment_8756,Reactor,289.41,11.47,287.47
Equipment_8757,HeatExchanger,234.92,18.34,76.05
Equipment_8758,Compressor,320.92,12.16,310.11
Equipment_8759,Reactor,335.73,8.61,86.52
Equipment_8760,Reactor,69.25,17.4,254.92
Equipment_8761,Valve,499.95,1.95,399.23
Equipment_8762,HeatExchanger,213.76,18.11,110.86
Equipment_8763,HeatExchanger,77.69,14.23,141.38
Equipment_8764,Condenser,433.55,18.87,364.45
Equipment_8765,Valve,496.86,5.76,269.2
Equipment_8766,Separator,417.36,14.2,222.39
Equipment_8767,Valve,433.35,16.38,246.95
Equipment_8768,HeatExchanger,331.67,14.34,153.42
Equipment_8769,Reactor,465.05,5.0,349.36
Equipment_8770,Valve,66.08,6.24,310.84
Equipment_8771,Condenser,395.03,11.77,274.86
Equipment_8772,Valve,351.82,9.49,376.11
Equipment_8773,Condenser,72.31,14.97,252.34
Equipment_8774,Separator,294.79,8.19,229.16
Equipment_8775,Valve,281.78,17.33,391.49
Equipment_8776,Condenser,361.19,9.21,122.1
Equipment_8777,Valve,84.89,1.76,99.69
Equipment_8778,Separator,412.38,1.33,106.8
Equipment_8779,Valve,112.73,13.29,396.3
Equipment_8780,Compressor,238.4,11.27,278.29
Equipment_8781,Condenser,446.58,11.31,157.07
Equipment_8782,Separator,302.24,16.01,137.14
Equipment_8783,Condenser,220.82,8.14,69.82
Equipment_8784,Condenser,71.69,19.91,96.18
Equipment_8785,Pump,352.52,18.97,367.86
Equipment_8786,Separator,493.95,1.25,311.57
Equipment_8787,Valve,460.31,18.02,379.55
Equipment_8788,Condenser,372.78,13.93,198.31
Equipment_8789,HeatExchanger,97.38,10.54,260.43
Equipment_8790,Pump,157.75,12.07,219.28
Equipment_8791,Compressor,134.08,17.0,358.48
Equipment_8792,Condenser,209.96,19.07,396.98
Equipment_8793,Condenser,155.98,11.65,376.47
Equipment_8794,Pump,160.0,4.44,259.32
Equipment_8795,Valve,327.53,13.16,71.63
Equipment_8796,HeatExchanger,193.42,2.45,266.13
Equipment_8797,Compressor,354.72,13.07,83.97
Equipment_8798,Condenser,476.55,16.36,98.59
Equipment_8799,Valve,337.32,7.71,116.97
Equipment_8800,Separator,388.25,2.35,177.22
Equipment_8801,HeatExchanger,388.21,14.15,257.13
Equipment_8802,Separator,198.82,7.45,166.74
Equipment_8803,HeatExchanger,56.73,5.73,208.29
Equipment_8804,Compressor,74.77,14.09,66.55
Equipment_8805,Reactor,176.93,19.42,266.92
Equipment_8806,HeatExchanger,360.29,15.16,279.96
Equipment_8807,Reactor,458.01,10.34,84.79
Equipment_8808,Separator,481.46,12.41,324.79
Equipment_8809,HeatExchanger,61.63,3.7,276.61
Equipment_8810,Compressor,495.54,16.45,221.41
Equipment_8811,Pump,195.12,12.48,243.5
Equipment_8812,Compressor,429.33,19.35,226.07
Equipment_8813,Compressor,131.13,19.61,68.83
Equipment_8814,Pump,78.3,7.74,307.3
Equipment_8815,Pump,220.26,19.78,229.13
Equipment_8816,Valve,436.52,19.18,110.49
Equipment_8817,HeatExchanger,149.37,13.16,288.26
Equipment_8818,Separator,119.28,7.34,293.27
Equipment_8819,Valve,459.41,15.31,124.72
Equipment_8820,Pump,472.25,6.15,328.77
Equipment_8821,Reactor,55.65,12.97,209.78
Equipment_8822,Separator,377.35,1.47,113.21
Equipment_8823,Reactor,189.14,12.94,280.17
Equipment_8824,Compressor,218.62,19.08,258.85
Equipment_8825,Condenser,261.1,5.47,109.64
Equipment_8826,Compressor,242.06,15.79,355.32
Equipment_8827,Compressor,281.74,6.58,349.09
Equipment_8828,Condenser,312.06,14.45,342.69
Equipment_8829,HeatExchanger,259.52,14.3,189.73
Equipment_8830,Pump,365.7,4.51,338.62
Equipment_8831,Reactor,373.37,12.35,345.68
Equipment_8832,Compressor,248.16,17.32,398.79
Equipment_8833,Condenser,114.11,8.27,385.16
Equipment_8834,Valve,338.29,14.5,184.0
Equipment_8835,Compressor,397.83,13.81,119.37
Equipment_8836,Reactor,337.15,5.89,152.36
Equipment_8837,Pump,314.62,18.45,223.17
Equipment_8838,Compressor,153.24,11.71,331.91
Equipment_8839,Compressor,340.31,7.75,303.04
Equipment_8840,HeatExchanger,200.69,4.12,325.7
Equipment_8841,Condenser,463.8,10.0,182.97
Equipment_8842,Valve,344.17,14.87,136.42
Equipment_8843,Valve,175.18,12.85,58.45
Equipment_8844,Separator,262.82,14.81,269.16
Equipment_8845,Pump,430.96,16.04,328.26
Equipment_8846,Separator,200.96,9.38,361.2
Equipment_8847,Reactor,286.45,10.88,216.68
Equipment_8848,Pump,355.85,19.74,374.68
Equipment_8849,Compressor,389.54,19.39,120.84
Equipment_8850,Compressor,128.25,8.88,230.03
Equipment_8851,Valve,304.32,14.02,124.82
Equipment_8852,Reactor,460.49,6.08,115.83
Equipment_8853,Condenser,485.76,3.9,383.69
Equipment_8854,Reactor,345.27,15.6,336.21
Equipment_8855,Compressor,492.65,9.29,54.13
Equipment_8856,Condenser,306.83,4.36,143.98
Equipment_8857,Reactor,249.17,15.42,121.8
Equipment_8858,Reactor,298.21,18.39,101.5
Equipment_8859,Condenser,102.07,18.73,294.09
Equipment_8860,Compressor,230.77,12.33,248.39
Equipment_8861,Reactor,256.28,10.11,208.88
Equipment_8862,Condenser,431.88,3.7,116.32
Equipment_8863,HeatExchanger,391.39,16.06,147.17
Equipment_8864,HeatExchanger,320.64,18.96,174.64
Equipment_8865,Compressor,206.27,17.9,324.92
Equipment_8866,Condenser,134.17,15.28,396.22
Equipment_8867,HeatExchanger,206.49,1.09,114.39
Equipment_8868,Condenser,355.91,8.75,169.53
Equipment_8869,Reactor,168.37,8.8,148.07
Equipment_8870,Compressor,242.1,17.99,65.42
Equipment_8871,HeatExchanger,224.05,2.25,126.73
Equipment_8872,Separator,394.52,11.09,365.56
Equipment_8873,Reactor,447.7,3.59,345.0
Equipment_8874,Separator,364.72,13.58,108.66
Equipment_8875,Separator,203.72,16.05,178.16
Equipment_8876,Pump,244.93,13.2,158.78
Equipment_8877,Pump,114.51,16.1,101.71
Equipment_8878,Compressor,125.64,12.54,267.77
Equipment_8879,HeatExchanger,123.93,4.61,245.05
Equipment_8880,HeatExchanger,108.76,8.27,199.45
Equipment_8881,HeatExchanger,130.81,19.18,349.42
Equipment_8882,Condenser,141.21,6.48,266.9
Equipment_8883,Reactor,100.33,2.19,140.75
Equipment_8884,HeatExchanger,338.12,8.31,180.8
Equipment_8885,Reactor,495.68,7.96,102.55
Equipment_8886,Compressor,445.63,9.94,256.98
Equipment_8887,Separator,70.52,11.65,255.32
Equipment_8888,HeatExchanger,240.38,19.86,354.56
Equipment_8889,Compressor,436.69,15.37,349.54
Equipment_8890,HeatExchanger,110.6,1.68,342.93
Equipment_8891,Pump,431.44,14.54,242.13
Equipment_8892,Valve,316.72,16.66,278.21
Equipment_8893,Compressor,469.08,18.02,321.44
Equipment_8894,HeatExchanger,444.22,9.06,82.09
Equipment_8895,Valve,354.67,6.96,155.21
Equipment_8896,Compressor,346.02,16.95,109.18
Equipment_8897,Condenser,145.92,15.77,229.01
Equipment_8898,HeatExchanger,102.54,11.18,343.18
Equipment_8899,Condenser,236.93,3.24,130.75
Equipment_8900,Pump,133.96,13.38,305.82
Equipment_8901,HeatExchanger,96.09,2.25,192.04
Equipment_8902,Separator,186.05,2.91,366.08
Equipment_8903,Pump,437.22,7.29,269.38
Equipment_8904,Valve,57.72,8.05,391.79
Equipment_8905,Compressor,181.69,9.78,135.98
Equipment_8906,Reactor,240.82,7.44,373.39
Equipment_8907,Pump,279.76,1.64,174.97
Equipment_8908,Reactor,131.71,3.99,267.69
Equipment_8909,Reactor,483.9,3.19,111.08
Equipment_8910,Compressor,310.49,9.19,315.92
Equipment_8911,Valve,284.95,5.03,392.39
Equipment_8912,Compressor,53.97,6.58,325.6
Equipment_8913,HeatExchanger,268.57,9.96,265.53
Equipment_8914,Pump,426.95,5.48,206.87
Equipment_8915,Reactor,148.84,5.67,170.83
Equipment_8916,Compressor,208.04,16.83,196.65
Equipment_8917,Compressor,59.26,11.41,164.9
Equipment_8918,Compressor,489.62,17.28,341.45
Equipment_8919,Pump,79.99,10.78,362.59
Equipment_8920,Valve,454.2,18.28,382.38
Equipment_8921,Separator,190.84,5.84,196.43
Equipment_8922,Compressor,314.4,12.72,241.18
Equipment_8923,Pump,355.69,10.56,251.91
Equipment_8924,Reactor,113.37,18.46,277.88
Equipment_8925,HeatExchanger,249.69,8.95,50.86
Equipment_8926,Separator,196.46,17.24,344.94
Equipment_8927,Condenser,75.47,11.71,143.85
Equipment_8928,Separator,424.94,14.46,215.26
Equipment_8929,Separator,70.33,17.85,344.55
Equipment_8930,Pump,343.97,19.94,398.9
Equipment_8931,Condenser,191.33,14.89,328.21
Equipment_8932,Compressor,136.46,6.98,58.69
Equipment_8933,Compressor,350.19,6.68,179.06
Equipment_8934,Separator,308.54,6.87,136.52
Equipment_8935,Pump,191.87,2.86,387.45
Equipment_8936,Condenser,280.83,2.02,142.48
Equipment_8937,Compressor,160.81,12.04,380.17
Equipment_8938,Reactor,438.66,16.4,378.13
Equipment_8939,Valve,191.22,1.69,343.79
Equipment_8940,Valve,160.32,11.77,84.33
Equipment_8941,Compressor,388.33,8.06,50.7
Equipment_8942,Condenser,57.92,17.96,327.86
Equipment_8943,HeatExchanger,170.61,3.76,345.15
Equipment_8944,Compressor,218.93,11.71,386.76
Equipment_8945,HeatExchanger,447.01,19.45,126.43
Equipment_8946,HeatExchanger,477.7,7.56,306.6
Equipment_8947,Condenser,372.42,15.09,231.67
Equipment_8948,HeatExchanger,271.64,17.77,164.97
Equipment_8949,Reactor,338.28,4.54,262.2
Equipment_8950,Condenser,236.3,19.86,241.87
Equipment_8951,Compressor,184.47,16.38,152.3
Equipment_8952,Separator,477.81,3.61,143.96
Equipment_8953,Reactor,101.93,6.91,220.3
Equipment_8954,Pump,205.88,12.87,215.91
Equipment_8955,Valve,454.59,17.81,155.72
Equipment_8956,Compressor,375.41,4.7,142.31
Equipment_8957,Compressor,63.1,14.89,384.01
Equipment_8958,Compressor,60.39,6.14,351.83
Equipment_8959,Reactor,282.43,16.3,335.87
Equipment_8960,Pump,267.91,13.99,125.0
Equipment_8961,Separator,249.35,10.94,116.25
Equipment_8962,Condenser,186.05,13.35,333.27
Equipment_8963,Pump,493.99,17.65,114.64
Equipment_8964,Reactor,172.39,8.34,226.24
Equipment_8965,Compressor,270.52,15.62,127.5
Equipment_8966,Valve,232.2,4.02,182.32
Equipment_8967,Compressor,126.61,14.32,348.71
Equipment_8968,Condenser,141.18,15.26,362.0
Equipment_8969,HeatExchanger,463.24,9.42,398.84
Equipment_8970,Valve,436.23,16.08,380.37
Equipment_8971,Compressor,139.57,11.58,284.94
Equipment_8972,Separator,444.05,18.79,201.1
Equipment_8973,Valve,144.13,3.14,70.19
Equipment_8974,HeatExchanger,331.95,3.49,262.86
Equipment_8975,Pump,86.58,17.01,123.74
Equipment_8976,Reactor,446.17,17.0,347.55
Equipment_8977,Compressor,73.18,9.95,242.11
Equipment_8978,Condenser,299.72,19.32,306.73
Equipment_8979,Pump,400.87,13.91,285.72
Equipment_8980,Compressor,102.58,19.67,171.57
Equipment_8981,Pump,232.02,11.12,315.68
Equipment_8982,Condenser,68.88,4.83,345.18
Equipment_8983,Compressor,357.24,9.44,310.45
Equipment_8984,HeatExchanger,188.35,19.63,321.88
Equipment_8985,HeatExchanger,301.73,8.04,176.01
Equipment_8986,Condenser,469.73,19.18,380.29
Equipment_8987,Valve,187.64,16.14,198.6
Equipment_8988,Condenser,71.88,9.4,363.97
Equipment_8989,Valve,354.03,11.3,350.23
Equipment_8990,Compressor,404.08,12.54,93.52
Equipment_8991,Valve,481.04,13.65,388.19
Equipment_8992,Compressor,121.01,2.46,398.72
Equipment_8993,Compressor,226.46,18.74,262.15
Equipment_8994,Separator,429.86,12.34,324.09
Equipment_8995,Reactor,413.09,18.69,376.79
Equipment_8996,Compressor,331.16,13.01,57.01
Equipment_8997,Valve,171.22,9.19,375.5
Equipment_8998,Reactor,177.82,11.77,269.58
Equipment_8999,Reactor,105.8,16.76,339.96
Equipment_9000,Compressor,464.83,7.2,239.25
Equipment_9001,Condenser,127.82,19.17,235.69
Equipment_9002,Condenser,307.8,9.85,364.13
Equipment_9003,HeatExchanger,312.96,19.17,227.62
Equipment_9004,Reactor,216.32,17.73,215.13
Equipment_9005,Compressor,208.63,15.59,262.87
Equipment_9006,Separator,350.86,9.88,231.5
Equipment_9007,Condenser,224.73,12.15,206.2
Equipment_9008,Separator,164.8,16.92,113.18
Equipment_9009,Compressor,229.61,11.34,189.09
Equipment_9010,Compressor,413.45,15.03,148.72
Equipment_9011,Reactor,484.92,16.02,190.16
Equipment_9012,Separator,336.18,10.75,257.61
Equipment_9013,HeatExchanger,401.95,11.19,263.1
Equipment_9014,Reactor,289.77,4.76,133.53
Equipment_9015,Pump,331.17,5.65,79.57
Equipment_9016,Separator,494.64,18.19,310.55
Equipment_9017,Condenser,247.29,16.97,235.0
Equipment_9018,Condenser,79.81,1.19,204.74
Equipment_9019,Condenser,480.65,17.52,95.36
Equipment_9020,Valve,406.88,1.48,195.13
Equipment_9021,Compressor,229.24,9.71,336.36
Equipment_9022,Reactor,492.08,2.28,253.5
Equipment_9023,Condenser,205.49,19.41,81.84
Equipment_9024,Pump,217.45,19.47,166.3
Equipment_9025,Condenser,324.38,12.61,392.93
Equipment_9026,HeatExchanger,173.46,8.45,240.58
Equipment_9027,Compressor,364.36,10.73,150.24
Equipment_9028,Separator,118.78,15.48,369.71
Equipment_9029,Compressor,98.61,5.24,167.6
Equipment_9030,Separator,290.7,9.39,305.47
Equipment_9031,Separator,299.97,15.01,101.53
Equipment_9032,Reactor,97.99,8.51,104.77
Equipment_9033,Valve,483.88,1.61,246.46
Equipment_9034,Separator,307.98,10.64,133.94
Equipment_9035,Separator,117.97,15.01,67.27
Equipment_9036,Reactor,190.15,19.56,374.26
Equipment_9037,Condenser,410.11,1.7,69.6
Equipment_9038,HeatExchanger,285.45,11.26,301.1
Equipment_9039,Pump,134.67,9.55,166.55
Equipment_9040,Reactor,96.28,5.61,376.73
Equipment_9041,Valve,243.85,13.12,395.12
Equipment_9042,Reactor,201.84,4.11,167.4
Equipment_9043,Compressor,345.16,6.39,256.89
Equipment_9044,Condenser,466.36,15.85,320.54
Equipment_9045,Condenser,161.48,9.75,93.19
Equipment_9046,Separator,434.86,19.88,298.31
Equipment_9047,Condenser,464.21,8.34,367.17
Equipment_9048,Condenser,455.9,9.8,112.48
Equipment_9049,Condenser,478.43,6.7,343.55
Equipment_9050,Condenser,428.95,5.49,90.46
Equipment_9051,Pump,317.07,18.52,248.91
Equipment_9052,Valve,234.43,15.23,168.78
Equipment_9053,Separator,271.26,7.33,215.1
Equipment_9054,Condenser,442.68,14.3,155.22
Equipment_9055,Separator,185.63,19.35,141.19
Equipment_9056,Valve,121.67,2.41,310.1
Equipment_9057,HeatExchanger,113.37,6.03,128.09
Equipment_9058,Condenser,422.15,4.81,192.94
Equipment_9059,Separator,392.67,17.53,146.09
Equipment_9060,Reactor,273.94,4.4,133.52
Equipment_9061,Separator,173.69,6.85,269.48
Equipment_9062,Condenser,354.93,11.33,65.9
Equipment_9063,Compressor,67.29,12.8,326.11
Equipment_9064,Pump,305.7,16.36,241.18
Equipment_9065,Reactor,229.29,8.74,339.95
Equipment_9066,Reactor,490.04,11.15,124.56
Equipment_9067,Compressor,278.4,19.34,298.29
Equipment_9068,Condenser,298.52,6.65,197.2
Equipment_9069,Pump,370.56,5.71,76.88
Equipment_9070,Reactor,268.04,14.5,313.37
Equipment_9071,Pump,151.06,15.65,316.77
Equipment_9072,Reactor,291.78,8.88,144.82
Equipment_9073,Condenser,474.92,5.05,370.62
Equipment_9074,HeatExchanger,234.46,15.8,317.39
Equipment_9075,Reactor,355.84,13.74,157.37
Equipment_9076,HeatExchanger,490.12,17.65,133.69
Equipment_9077,Reactor,423.47,17.04,204.03
Equipment_9078,Valve,346.57,4.9,152.48
Equipment_9079,Condenser,381.2,16.81,125.96
Equipment_9080,Compressor,471.42,4.33,189.69
Equipment_9081,HeatExchanger,481.89,17.41,59.0
Equipment_9082,Compressor,486.04,15.64,190.49
Equipment_9083,Condenser,331.54,11.83,127.58
Equipment_9084,Separator,223.12,13.2,142.52
Equipment_9085,Compressor,109.92,2.98,78.89
Equipment_9086,Condenser,223.5,1.76,256.13
Equipment_9087,Compressor,474.33,7.28,215.2
Equipment_9088,HeatExchanger,450.41,16.61,312.72
Equipment_9089,Valve,285.65,9.85,395.48
Equipment_9090,Compressor,291.65,5.24,91.84
Equipment_9091,HeatExchanger,189.01,16.86,145.35
Equipment_9092,Reactor,254.53,5.34,288.86
Equipment_9093,Condenser,371.5,16.49,133.06
Equipment_9094,Pump,231.09,9.61,60.55
Equipment_9095,Separator,134.59,9.81,88.43
Equipment_9096,Pump,293.39,6.18,201.77
Equipment_9097,Condenser,151.4,18.1,200.77
Equipment_9098,Valve,488.43,2.69,390.31
Equipment_9099,Compressor,225.65,3.74,213.08
Equipment_9100,Valve,459.35,13.08,287.32
Equipment_9101,Pump,151.5,17.15,222.27
Equipment_9102,Separator,135.14,2.81,144.47
Equipment_9103,HeatExchanger,327.61,14.94,86.91
Equipment_9104,Separator,400.72,15.11,350.68
Equipment_9105,Condenser,305.04,12.05,103.43
Equipment_9106,Condenser,153.41,10.25,83.91
Equipment_9107,Valve,67.05,7.1,124.84
Equipment_9108,HeatExchanger,328.23,7.68,50.87
Equipment_9109,Valve,108.97,13.81,75.19
Equipment_9110,Compressor,204.43,2.24,272.32
Equipment_9111,Reactor,354.1,12.11,135.24
Equipment_9112,HeatExchanger,94.11,6.3,168.48
Equipment_9113,Reactor,107.26,9.87,342.35
Equipment_9114,Separator,77.75,11.62,320.51
Equipment_9115,Compressor,498.24,17.83,222.29
Equipment_9116,Reactor,224.18,12.0,264.54
Equipment_9117,Pump,457.61,5.32,80.03
Equipment_9118,Separator,182.11,2.51,316.56
Equipment_9119,Reactor,388.94,12.91,230.67
Equipment_9120,Compressor,148.58,11.36,249.83
Equipment_9121,Reactor,274.25,13.76,282.93
Equipment_9122,Condenser,421.08,9.73,225.06
Equipment_9123,Valve,417.35,16.68,232.59
Equipment_9124,Pump,407.43,18.48,224.87
Equipment_9125,Condenser,420.68,1.76,223.89
Equipment_9126,Condenser,145.16,15.14,312.57
Equipment_9127,Compressor,267.0,1.67,199.52
Equipment_9128,Valve,268.19,9.46,51.01
Equipment_9129,Valve,450.73,9.77,264.22
Equipment_9130,HeatExchanger,183.6,14.23,383.43
Equipment_9131,Separator,469.17,7.7,139.94
Equipment_9132,Pump,252.86,16.6,335.67
Equipment_9133,Separator,351.4,7.51,209.42
Equipment_9134,Compressor,171.0,7.51,275.04
Equipment_9135,Pump,234.63,5.23,361.81
Equipment_9136,HeatExchanger,369.41,13.99,319.85
Equipment_9137,Reactor,280.74,2.46,359.6
Equipment_9138,Condenser,468.82,7.9,53.33
Equipment_9139,Pump,381.71,6.07,115.56
Equipment_9140,Separator,303.98,5.36,198.22
Equipment_9141,Condenser,449.0,2.16,346.74
Equipment_9142,Compressor,349.5,4.62,343.44
Equipment_9143,Separator,341.29,9.48,114.8
Equipment_9144,Reactor,160.87,10.57,99.78
Equipment_9145,Compressor,227.69,6.12,342.15
Equipment_9146,Reactor,357.49,13.35,239.5
Equipment_9147,Reactor,451.31,7.38,269.37
Equipment_9148,Condenser,192.0,7.98,333.22
Equipment_9149,Compressor,146.97,15.87,124.11
Equipment_9150,Compressor,317.16,11.49,97.77
Equipment_9151,Pump,80.24,19.11,350.67
Equipment_9152,Separator,371.54,7.83,89.12
Equipment_9153,Compressor,366.41,16.73,80.86
Equipment_9154,Pump,209.73,15.03,146.98
Equipment_9155,Valve,451.7,17.91,160.9
Equipment_9156,Valve,275.98,19.18,134.4
Equipment_9157,Valve,340.59,1.15,309.57
Equipment_9158,HeatExchanger,144.31,2.68,390.67
Equipment_9159,Compressor,237.8,13.81,119.86
Equipment_9160,HeatExchanger,438.09,8.41,323.65
Equipment_9161,Separator,145.82,16.56,65.48
Equipment_9162,Compressor,225.76,1.23,91.62
Equipment_9163,Pump,193.13,16.33,230.29
Equipment_9164,HeatExchanger,118.0,3.57,399.86
Equipment_9165,HeatExchanger,180.37,6.51,382.28
Equipment_9166,Separator,154.75,19.41,89.18
Equipment_9167,HeatExchanger,465.62,1.98,133.89
Equipment_9168,Reactor,383.49,7.63,381.03
Equipment_9169,Pump,192.25,2.61,102.75
Equipment_9170,Valve,393.5,17.22,309.98
Equipment_9171,Pump,59.96,14.36,50.39
Equipment_9172,Reactor,286.94,16.21,271.1
Equipment_9173,Separator,162.65,11.02,223.11
Equipment_9174,Separator,101.44,7.8,214.86
Equipment_9175,Compressor,447.69,1.04,340.22
Equipment_9176,Pump,139.7,6.28,78.26
Equipment_9177,Separator,420.08,10.78,182.07
Equipment_9178,HeatExchanger,235.95,13.62,206.11
Equipment_9179,Separator,56.43,5.35,93.37
Equipment_9180,Separator,379.64,3.64,79.98
Equipment_9181,Separator,318.36,4.83,112.87
Equipment_9182,Separator,204.88,7.73,134.37
Equipment_9183,Valve,176.7,3.82,388.12
Equipment_9184,Valve,83.16,3.98,216.46
Equipment_9185,Compressor,473.64,1.83,228.6
Equipment_9186,Separator,272.29,17.28,297.45
Equipment_9187,Pump,88.49,5.18,289.49
Equipment_9188,Reactor,440.91,16.62,225.97
Equipment_9189,Compressor,175.47,9.33,168.94
Equipment_9190,Pump,141.62,13.02,165.87
Equipment_9191,Separator,176.42,2.44,70.2
Equipment_9192,Condenser,304.06,12.09,364.87
Equipment_9193,Separator,83.33,6.51,319.29
Equipment_9194,Valve,266.79,2.81,268.17
Equipment_9195,Reactor,453.08,18.26,188.63
Equipment_9196,HeatExchanger,134.68,12.47,253.86
Equipment_9197,Reactor,199.03,5.59,219.78
Equipment_9198,HeatExchanger,228.25,8.97,145.88
Equipment_9199,Reactor,313.8,7.78,154.5
Equipment_9200,Valve,463.66,14.31,356.07
Equipment_9201,HeatExchanger,227.54,12.54,272.22
Equipment_9202,Pump,81.12,1.38,50.5
Equipment_9203,HeatExchanger,206.58,4.76,164.41
Equipment_9204,Compressor,135.54,10.08,168.98
Equipment_9205,Pump,343.3,9.46,297.22
Equipment_9206,Compressor,63.17,10.82,295.16
Equipment_9207,Separator,181.37,14.58,212.45
Equipment_9208,Reactor,295.33,13.96,382.84
Equipment_9209,Pump,174.8,8.08,355.28
Equipment_9210,Reactor,297.95,17.67,353.17
Equipment_9211,Separator,101.62,2.2,171.89
Equipment_9212,Condenser,474.26,12.11,200.85
Equipment_9213,Reactor,180.91,19.04,196.64
Equipment_9214,Separator,465.35,11.43,204.09
Equipment_9215,Reactor,196.63,9.65,361.22
Equipment_9216,Separator,401.83,3.54,137.19
Equipment_9217,Compressor,160.78,16.39,330.77
Equipment_9218,Separator,351.4,8.1,229.91
Equipment_9219,HeatExchanger,195.67,14.32,137.18
Equipment_9220,Condenser,279.12,4.75,234.55
Equipment_9221,Reactor,353.22,1.8,118.4
Equipment_9222,Separator,315.0,6.8,87.86
Equipment_9223,Separator,309.33,6.35,343.36
Equipment_9224,Reactor,79.56,17.6,294.76
Equipment_9225,Condenser,162.08,17.43,121.74
Equipment_9226,Condenser,307.33,11.14,379.8
Equipment_9227,Separator,58.24,1.36,58.54
Equipment_9228,Pump,162.79,5.34,166.65
Equipment_9229,Compressor,153.13,13.14,57.58
Equipment_9230,Condenser,162.44,2.93,99.8
Equipment_9231,Condenser,291.02,14.31,113.03
Equipment_9232,Valve,311.88,1.23,333.62
Equipment_9233,HeatExchanger,459.05,13.97,397.56
Equipment_9234,Condenser,223.71,17.05,353.56
Equipment_9235,Compressor,466.96,9.92,272.3
Equipment_9236,HeatExchanger,343.38,16.75,303.02
Equipment_9237,HeatExchanger,460.7,15.85,232.99
Equipment_9238,Reactor,425.06,13.76,197.89
Equipment_9239,Reactor,359.41,9.46,292.26
Equipment_9240,Reactor,210.25,6.17,390.59
Equipment_9241,Reactor,158.5,17.36,60.11
Equipment_9242,Valve,150.08,13.32,159.93
Equipment_9243,Condenser,478.48,16.16,165.52
Equipment_9244,Reactor,481.36,11.49,194.99
Equipment_9245,Separator,376.17,4.27,269.41
Equipment_9246,Pump,447.71,19.61,229.81
Equipment_9247,Reactor,463.55,4.47,56.56
Equipment_9248,Condenser,280.2,18.31,194.06
Equipment_9249,Reactor,333.08,4.95,266.81
Equipment_9250,Valve,238.44,8.1,226.69
Equipment_9251,Compressor,238.32,9.36,355.22
Equipment_9252,Compressor,67.29,18.51,189.51
Equipment_9253,Condenser,245.22,17.88,54.4
Equipment_9254,Separator,353.07,16.64,149.71
Equipment_9255,Compressor,239.89,8.16,97.49
Equipment_9256,Compressor,442.58,1.09,137.58
Equipment_9257,Pump,199.65,13.95,176.73
Equipment_9258,Condenser,109.71,8.81,286.83
Equipment_9259,Separator,415.2,15.38,163.46
Equipment_9260,Condenser,353.28,16.1,359.44
Equipment_9261,Compressor,158.82,9.35,154.85
Equipment_9262,Compressor,291.4,15.21,97.93
Equipment_9263,Compressor,230.83,16.96,109.1
Equipment_9264,HeatExchanger,472.49,18.64,377.1
Equipment_9265,Valve,323.3,12.07,209.19
Equipment_9266,Reactor,121.28,15.79,191.09
Equipment_9267,Valve,275.97,10.4,74.12
Equipment_9268,Condenser,438.15,1.79,306.66
Equipment_9269,Pump,352.17,3.95,293.13
Equipment_9270,Reactor,429.1,3.44,181.51
Equipment_9271,Pump,162.68,4.26,292.12
Equipment_9272,Separator,449.76,1.19,178.61
Equipment_9273,HeatExchanger,390.03,17.32,75.61
Equipment_9274,Condenser,378.01,11.64,308.33
Equipment_9275,HeatExchanger,205.94,8.28,387.82
Equipment_9276,Condenser,449.45,8.79,276.9
Equipment_9277,Pump,337.09,9.8,146.76
Equipment_9278,Pump,433.33,2.4,144.47
Equipment_9279,Pump,212.44,6.22,375.14
Equipment_9280,Condenser,115.54,17.18,156.15
Equipment_9281,Compressor,199.55,15.13,318.87
Equipment_9282,Pump,254.87,11.7,275.02
Equipment_9283,HeatExchanger,290.03,10.13,257.41
Equipment_9284,Separator,279.86,5.92,113.38
Equipment_9285,Reactor,295.72,9.95,62.04
Equipment_9286,Condenser,428.77,12.36,221.04
Equipment_9287,HeatExchanger,126.55,14.54,395.86
Equipment_9288,Valve,192.22,4.17,118.52
Equipment_9289,Separator,449.87,16.45,237.91
Equipment_9290,Valve,302.21,7.57,284.84
Equipment_9291,Reactor,312.53,10.56,219.29
Equipment_9292,Compressor,265.13,12.55,227.43
Equipment_9293,Pump,297.04,10.27,281.43
Equipment_9294,Condenser,139.14,11.87,335.22
Equipment_9295,HeatExchanger,296.09,3.12,166.65
Equipment_9296,Pump,498.73,9.21,364.75
Equipment_9297,HeatExchanger,304.72,6.33,219.72
Equipment_9298,Condenser,69.98,2.63,281.66
Equipment_9299,Valve,408.4,4.64,87.28
Equipment_9300,Pump,228.41,12.45,222.37
Equipment_9301,Reactor,119.15,4.74,55.64
Equipment_9302,Compressor,438.13,4.44,186.86
Equipment_9303,Reactor,139.09,11.5,69.07
Equipment_9304,Compressor,464.35,18.19,363.94
Equipment_9305,Separator,248.81,15.99,285.48
Equipment_9306,HeatExchanger,384.26,18.2,327.16
Equipment_9307,Pump,296.15,12.08,213.69
Equipment_9308,Pump,165.48,8.79,348.16
Equipment_9309,Separator,351.99,14.86,355.56
Equipment_9310,Compressor,481.06,5.97,174.89
Equipment_9311,Valve,396.34,2.48,181.9
Equipment_9312,Condenser,321.81,7.55,227.88
Equipment_9313,Reactor,495.78,6.69,64.79
Equipment_9314,Separator,169.4,13.84,398.52
Equipment_9315,HeatExchanger,78.05,11.48,175.71
Equipment_9316,Separator,64.46,3.63,214.8
Equipment_9317,Reactor,369.81,18.26,314.16
Equipment_9318,Reactor,423.6,12.27,154.13
Equipment_9319,HeatExchanger,335.8,9.7,120.57
Equipment_9320,HeatExchanger,457.26,18.81,94.61
Equipment_9321,Pump,364.09,2.85,234.81
Equipment_9322,Reactor,216.93,16.0,51.92
Equipment_9323,Condenser,131.57,7.93,298.33
Equipment_9324,Condenser,466.09,14.21,211.49
Equipment_9325,Compressor,96.62,18.68,236.14
Equipment_9326,Separator,294.34,10.84,142.12
Equipment_9327,HeatExchanger,191.3,1.43,112.39
Equipment_9328,Pump,172.14,1.55,295.0
Equipment_9329,Condenser,340.63,7.28,123.6
Equipment_9330,Valve,154.06,15.85,323.03
Equipment_9331,Pump,462.36,6.48,121.29
Equipment_9332,Pump,232.72,7.35,264.44
Equipment_9333,Condenser,354.82,15.9,275.36
Equipment_9334,Valve,377.49,3.21,226.98
Equipment_9335,Compressor,357.32,17.09,398.88
Equipment_9336,Condenser,456.53,6.05,181.55
Equipment_9337,Valve,154.01,1.97,359.16
Equipment_9338,Pump,88.72,3.23,109.23
Equipment_9339,Valve,74.96,19.1,168.02
Equipment_9340,Pump,445.03,9.58,100.88
Equipment_9341,Separator,487.98,5.87,261.27
Equipment_9342,Condenser,186.14,10.9,273.39
Equipment_9343,HeatExchanger,362.08,13.96,208.73
Equipment_9344,Condenser,54.01,7.06,302.06
Equipment_9345,Separator,134.88,14.78,353.68
Equipment_9346,Reactor,360.17,5.79,321.8
Equipment_9347,Reactor,79.65,3.13,134.58
Equipment_9348,Reactor,260.83,11.44,162.14
Equipment_9349,Condenser,348.16,3.87,183.1
Equipment_9350,Compressor,394.68,18.87,121.32
Equipment_9351,Condenser,254.22,1.01,176.43
Equipment_9352,Separator,333.63,15.36,133.32
Equipment_9353,Separator,292.81,6.31,398.5
Equipment_9354,HeatExchanger,73.54,17.08,324.14
Equipment_9355,Valve,384.26,2.14,351.01
Equipment_9356,Condenser,127.56,19.11,372.75
Equipment_9357,Condenser,64.31,2.93,282.75
Equipment_9358,Pump,253.03,15.97,111.59
Equipment_9359,Separator,439.54,10.83,315.48
Equipment_9360,Pump,117.87,9.18,55.46
Equipment_9361,Pump,55.79,6.32,89.63
Equipment_9362,Condenser,99.49,16.99,60.35
Equipment_9363,Compressor,213.65,4.8,97.41
Equipment_9364,Valve,311.08,14.7,313.2
Equipment_9365,Valve,136.86,9.47,359.92
Equipment_9366,Separator,410.88,19.97,147.59
Equipment_9367,HeatExchanger,388.98,12.62,91.69
Equipment_9368,Separator,363.14,2.98,145.54
Equipment_9369,Compressor,269.36,8.97,276.49
Equipment_9370,Compressor,214.35,2.26,172.57
Equipment_9371,Valve,219.01,6.43,386.4
Equipment_9372,Reactor,276.38,7.52,95.84
Equipment_9373,Pump,84.79,17.21,396.62
Equipment_9374,Pump,357.04,16.92,54.36
Equipment_9375,Valve,208.18,1.22,208.09
Equipment_9376,Separator,151.14,11.11,138.13
Equipment_9377,Compressor,175.25,5.25,248.2
Equipment_9378,Separator,131.13,7.08,83.79
Equipment_9379,HeatExchanger,455.71,1.41,356.54
Equipment_9380,Reactor,126.07,15.25,97.78
Equipment_9381,Valve,447.32,19.06,255.59
Equipment_9382,Pump,307.51,5.17,61.67
Equipment_9383,Condenser,440.35,7.49,158.85
Equipment_9384,Separator,263.33,4.92,102.4
Equipment_9385,Compressor,467.44,18.67,392.25
Equipment_9386,Condenser,145.17,1.18,54.21
Equipment_9387,HeatExchanger,299.61,12.09,173.34
Equipment_9388,Valve,106.63,17.54,155.97
Equipment_9389,Separator,251.25,4.54,280.08
Equipment_9390,Pump,306.46,12.21,69.73
Equipment_9391,Separator,322.55,1.96,333.72
Equipment_9392,Reactor,214.49,16.48,213.28
Equipment_9393,Condenser,84.35,6.21,208.47
Equipment_9394,Reactor,344.9,19.79,129.38
Equipment_9395,HeatExchanger,269.79,18.52,221.52
Equipment_9396,Pump,111.6,14.92,177.36
Equipment_9397,Condenser,471.14,10.44,135.8
Equipment_9398,HeatExchanger,480.05,15.57,109.03
Equipment_9399,Reactor,435.47,3.48,304.92
Equipment_9400,Reactor,429.74,6.89,99.72
Equipment_9401,Condenser,94.4,1.51,108.79
Equipment_9402,Pump,497.04,13.26,251.97
Equipment_9403,Reactor,230.17,16.31,129.13
Equipment_9404,Valve,123.4,18.98,210.78
Equipment_9405,HeatExchanger,415.45,14.04,243.52
Equipment_9406,Condenser,151.58,14.91,146.05
Equipment_9407,Compressor,286.78,18.01,170.24
Equipment_9408,Compressor,107.61,18.79,123.57
Equipment_9409,Pump,263.59,10.33,211.15
Equipment_9410,Valve,301.16,3.09,397.34
Equipment_9411,Reactor,250.67,9.86,176.95
Equipment_9412,Compressor,81.27,11.57,278.67
Equipment_9413,Pump,268.22,13.0,272.56
Equipment_9414,HeatExchanger,261.02,19.8,325.27
Equipment_9415,Valve,167.73,18.43,299.17
Equipment_9416,Valve,464.72,8.53,54.12
Equipment_9417,Separator,238.01,3.16,158.23
Equipment_9418,Pump,438.85,5.08,354.58
Equipment_9419,Pump,99.35,4.3,238.84
Equipment_9420,Separator,193.49,7.76,86.48
Equipment_9421,Reactor,129.35,17.65,146.65
Equipment_9422,Pump,233.78,9.32,149.19
Equipment_9423,Separator,100.24,11.78,355.61
Equipment_9424,Reactor,248.47,4.4,243.69
Equipment_9425,Reactor,209.24,10.36,262.91
Equipment_9426,Condenser,150.49,17.6,178.47
Equipment_9427,Valve,338.98,15.7,71.11
Equipment_9428,HeatExchanger,477.91,2.54,76.34
Equipment_9429,Valve,143.2,17.38,197.13
Equipment_9430,Valve,370.31,6.2,112.12
Equipment_9431,Condenser,384.07,13.65,86.49
Equipment_9432,Reactor,274.15,3.78,141.79
Equipment_9433,Reactor,453.95,13.82,309.72
Equipment_9434,Pump,484.88,1.68,75.56
Equipment_9435,Condenser,213.01,12.41,206.88
Equipment_9436,Pump,342.96,13.27,339.13
Equipment_9437,Condenser,348.0,5.65,143.77
Equipment_9438,Pump,231.64,18.8,155.66
Equipment_9439,Compressor,192.56,1.87,359.47
Equipment_9440,Separator,470.18,17.94,277.5
Equipment_9441,Valve,405.49,8.26,329.2
Equipment_9442,Valve,101.51,14.56,151.22
Equipment_9443,HeatExchanger,103.95,13.38,398.87
Equipment_9444,Separator,465.14,4.2,99.31
Equipment_9445,Reactor,86.63,7.06,386.68
Equipment_9446,HeatExchanger,359.79,11.06,365.73
Equipment_9447,Compressor,152.04,17.08,243.16
Equipment_9448,HeatExchanger,65.83,19.14,254.85
Equipment_9449,Valve,76.84,1.39,321.27
Equipment_9450,Reactor,218.08,7.7,157.37
Equipment_9451,Compressor,84.91,13.69,234.61
Equipment_9452,Valve,318.49,11.03,365.83
Equipment_9453,Separator,341.26,18.92,73.89
Equipment_9454,Pump,218.06,1.32,366.94
Equipment_9455,Condenser,384.3,9.32,305.07
Equipment_9456,Compressor,270.52,13.71,319.45
Equipment_9457,Reactor,243.6,5.13,72.65
Equipment_9458,HeatExchanger,233.14,14.79,115.71
Equipment_9459,Separator,244.0,2.54,373.84
Equipment_9460,HeatExchanger,485.55,9.57,93.42
Equipment_9461,Compressor,356.63,13.85,270.91
Equipment_9462,Separator,191.84,6.07,323.94
Equipment_9463,Reactor,380.24,2.4,130.95
Equipment_9464,Compressor,198.62,19.18,294.58
Equipment_9465,Reactor,106.57,18.36,72.95
Equipment_9466,HeatExchanger,263.91,18.6,224.57
Equipment_9467,Valve,387.96,19.59,167.05
Equipment_9468,Separator,219.95,4.51,276.01
Equipment_9469,Pump,441.13,4.0,361.15
Equipment_9470,Valve,224.13,1.65,93.92
Equipment_9471,Pump,207.43,17.94,207.61
Equipment_9472,HeatExchanger,499.21,15.3,198.12
Equipment_9473,Separator,267.11,13.03,163.33
Equipment_9474,Valve,412.35,18.63,218.06
Equipment_9475,Valve,412.24,11.93,358.25
Equipment_9476,Compressor,466.87,3.46,390.78
Equipment_9477,Condenser,88.2,4.36,51.0
Equipment_9478,HeatExchanger,172.05,3.51,308.66
Equipment_9479,Reactor,395.49,6.85,265.28
Equipment_9480,HeatExchanger,303.17,8.21,398.08
Equipment_9481,Reactor,301.83,16.14,81.48
Equipment_9482,Separator,124.8,4.63,333.97
Equipment_9483,Reactor,176.52,14.78,376.87
Equipment_9484,Pump,284.6,10.33,369.24
Equipment_9485,Reactor,174.73,19.99,246.2
Equipment_9486,Reactor,144.63,15.76,164.64
Equipment_9487,Compressor,89.49,19.41,273.97
Equipment_9488,Valve,120.08,7.5,157.13
Equipment_9489,HeatExchanger,395.99,3.34,194.29
Equipment_9490,HeatExchanger,373.45,10.61,206.0
Equipment_9491,Separator,70.63,3.36,155.68
Equipment_9492,Separator,141.48,10.36,169.64
Equipment_9493,Reactor,302.2,6.13,52.56
Equipment_9494,Condenser,195.18,10.33,153.98
Equipment_9495,HeatExchanger,420.46,19.04,215.31
Equipment_9496,Separator,403.25,6.49,110.55
Equipment_9497,Reactor,451.21,19.88,331.95
Equipment_9498,Separator,303.32,5.36,238.17
Equipment_9499,Pump,208.43,4.95,327.86
Equipment_9500,Pump,322.73,11.35,94.84
Equipment_9501,Separator,90.11,17.0,337.18
Equipment_9502,Pump,54.31,15.24,385.39
Equipment_9503,Separator,57.69,14.75,173.36
Equipment_9504,Reactor,233.39,6.37,149.38
Equipment_9505,Compressor,152.63,1.43,276.39
Equipment_9506,Condenser,120.8,4.07,272.57
Equipment_9507,Reactor,326.9,7.64,89.36
Equipment_9508,Compressor,497.79,19.46,374.37
Equipment_9509,Compressor,129.99,18.48,217.67
Equipment_9510,HeatExchanger,295.89,4.81,317.55
Equipment_9511,Reactor,103.88,14.79,175.76
Equipment_9512,Reactor,470.41,12.0,141.54
Equipment_9513,Separator,181.29,1.95,88.95
Equipment_9514,Compressor,445.25,8.06,146.08
Equipment_9515,Compressor,177.38,10.24,397.7
Equipment_9516,Compressor,412.72,13.68,280.29
Equipment_9517,Separator,144.22,6.6,330.97
Equipment_9518,HeatExchanger,181.76,18.74,385.48
Equipment_9519,Reactor,136.61,9.59,77.65
Equipment_9520,Compressor,168.92,5.72,107.64
Equipment_9521,Pump,425.69,7.01,374.79
Equipment_9522,Reactor,337.56,15.29,247.59
Equipment_9523,Separator,232.65,13.17,272.2
Equipment_9524,HeatExchanger,487.18,15.1,199.67
Equipment_9525,Pump,259.19,6.55,335.05
Equipment_9526,Separator,486.39,7.21,231.04
Equipment_9527,Valve,138.46,8.54,339.15
Equipment_9528,Reactor,457.09,4.58,397.27
Equipment_9529,Valve,56.22,14.13,276.35
Equipment_9530,Separator,295.39,7.26,235.08
Equipment_9531,Separator,240.37,7.2,177.81
Equipment_9532,Separator,286.29,6.12,118.14
Equipment_9533,Compressor,299.05,9.6,279.83
Equipment_9534,HeatExchanger,225.06,15.67,71.92
Equipment_9535,Compressor,499.19,16.88,384.7
Equipment_9536,HeatExchanger,489.43,16.29,276.64
Equipment_9537,Condenser,482.79,12.8,385.78
Equipment_9538,Compressor,490.59,6.33,145.3
Equipment_9539,Valve,406.86,14.96,381.28
Equipment_9540,HeatExchanger,494.87,1.75,264.24
Equipment_9541,Compressor,451.56,16.16,333.59
Equipment_9542,Reactor,237.17,15.82,112.62
Equipment_9543,Separator,403.15,13.73,225.04
Equipment_9544,HeatExchanger,460.43,2.86,249.14
Equipment_9545,HeatExchanger,370.67,19.95,187.5
Equipment_9546,Compressor,240.25,15.37,138.63
Equipment_9547,Condenser,79.61,14.96,366.67
Equipment_9548,Compressor,414.36,2.22,79.77
Equipment_9549,Valve,478.73,8.58,103.9
Equipment_9550,Valve,213.11,2.64,162.18
Equipment_9551,HeatExchanger,118.36,7.86,371.92
Equipment_9552,HeatExchanger,196.93,11.84,247.47
Equipment_9553,Compressor,312.18,17.7,180.61
Equipment_9554,Valve,192.62,6.38,190.94
Equipment_9555,Valve,324.78,12.84,343.22
Equipment_9556,Condenser,485.08,4.13,59.37
Equipment_9557,Reactor,351.83,7.73,53.97
Equipment_9558,Condenser,213.2,19.0,66.13
Equipment_9559,Pump,471.09,15.21,214.22
Equipment_9560,Separator,304.54,11.37,253.44
Equipment_9561,Condenser,107.77,5.78,268.56
Equipment_9562,Compressor,274.54,8.21,305.9
Equipment_9563,Reactor,344.14,3.98,116.4
Equipment_9564,Compressor,427.21,7.72,141.8
Equipment_9565,Separator,471.41,3.86,135.23
Equipment_9566,Pump,192.84,16.11,102.21
Equipment_9567,Reactor,119.98,2.53,135.54
Equipment_9568,HeatExchanger,83.22,4.6,264.78
Equipment_9569,Valve,382.26,14.13,178.24
Equipment_9570,Condenser,407.82,18.15,318.77
Equipment_9571,Compressor,234.22,19.33,237.75
Equipment_9572,Pump,228.17,16.88,124.21
Equipment_9573,Valve,479.41,5.02,213.58
Equipment_9574,Condenser,462.51,6.43,257.68
Equipment_9575,Valve,154.97,17.54,353.17
Equipment_9576,Condenser,401.36,17.9,341.8
Equipment_9577,HeatExchanger,330.22,13.17,199.27
Equipment_9578,Reactor,119.4,6.96,276.69
Equipment_9579,Valve,210.55,5.26,154.23
Equipment_9580,Valve,129.86,17.19,271.55
Equipment_9581,Valve,182.82,4.9,369.48
Equipment_9582,Reactor,326.89,13.57,268.59
Equipment_9583,Pump,218.87,19.39,156.32
Equipment_9584,Condenser,227.33,14.4,275.39
Equipment_9585,HeatExchanger,292.84,5.9,365.96
Equipment_9586,Valve,89.25,6.37,97.97
Equipment_9587,Separator,382.46,2.77,218.86
Equipment_9588,Reactor,230.77,14.04,162.37
Equipment_9589,Pump,266.18,10.85,134.51
Equipment_9590,Condenser,488.43,4.92,188.67
Equipment_9591,Reactor,204.97,5.33,187.89
Equipment_9592,HeatExchanger,341.7,1.17,123.65
Equipment_9593,HeatExchanger,226.63,19.59,191.27
Equipment_9594,Condenser,452.43,16.73,271.81
Equipment_9595,Valve,431.04,8.49,59.01
Equipment_9596,HeatExchanger,158.73,18.98,396.23
Equipment_9597,Pump,361.29,13.87,153.58
Equipment_9598,Reactor,79.33,15.28,268.28
Equipment_9599,Pump,483.43,13.92,149.24
Equipment_9600,Valve,207.05,15.38,187.74
Equipment_9601,Pump,424.33,4.25,242.23
Equipment_9602,Pump,193.29,11.69,264.15
Equipment_9603,Compressor,334.75,17.14,319.66
Equipment_9604,Pump,492.62,1.37,327.09
Equipment_9605,Condenser,444.54,3.35,231.55
Equipment_9606,Reactor,122.16,5.67,76.5
Equipment_9607,Compressor,296.37,6.6,245.22
Equipment_9608,Reactor,206.84,4.47,217.15
Equipment_9609,Reactor,245.45,12.86,125.39
Equipment_9610,Valve,200.83,6.59,53.56
Equipment_9611,Valve,201.18,4.0,160.59
Equipment_9612,Compressor,294.15,18.21,140.82
Equipment_9613,HeatExchanger,136.38,14.21,219.02
Equipment_9614,Separator,291.83,5.68,316.56
Equipment_9615,Valve,175.53,7.86,203.66
Equipment_9616,Separator,180.04,15.07,383.05
Equipment_9617,Valve,382.44,16.03,127.46
Equipment_9618,Valve,63.32,4.35,127.33
Equipment_9619,Reactor,221.43,18.79,261.56
Equipment_9620,Compressor,233.39,15.92,363.69
Equipment_9621,Reactor,268.3,17.28,285.15
Equipment_9622,Condenser,351.05,3.73,285.79
Equipment_9623,Reactor,216.36,3.72,332.2
Equipment_9624,Separator,145.91,6.8,284.04
Equipment_9625,Separator,448.19,2.23,315.77
Equipment_9626,Condenser,491.47,2.73,353.14
Equipment_9627,Pump,59.01,3.72,52.77
Equipment_9628,Pump,295.91,14.54,359.97
Equipment_9629,Condenser,203.77,1.57,125.34
Equipment_9630,Condenser,174.65,2.58,369.24
Equipment_9631,Reactor,201.07,18.94,143.16
Equipment_9632,Condenser,337.49,2.59,209.33
Equipment_9633,Compressor,135.82,11.21,376.86
Equipment_9634,Pump,460.79,13.21,88.41
Equipment_9635,Pump,259.75,19.21,310.85
Equipment_9636,HeatExchanger,196.51,18.1,187.36
Equipment_9637,Condenser,394.49,9.37,58.44
Equipment_9638,Valve,57.36,18.9,378.7
Equipment_9639,Valve,244.33,9.21,91.24
Equipment_9640,Condenser,209.89,13.73,320.95
Equipment_9641,Compressor,202.19,5.93,184.49
Equipment_9642,Valve,201.68,13.1,333.7
Equipment_9643,HeatExchanger,64.07,11.23,312.6
Equipment_9644,Separator,118.45,12.53,271.63
Equipment_9645,Condenser,113.85,13.97,378.73
Equipment_9646,Compressor,494.87,4.3,84.62
Equipment_9647,Compressor,59.97,6.72,329.5
Equipment_9648,Reactor,125.18,14.99,284.77
Equipment_9649,Compressor,488.38,4.11,160.15
Equipment_9650,Valve,332.72,7.54,241.09
Equipment_9651,Separator,252.8,13.66,275.62
Equipment_9652,Valve,85.44,18.82,307.7
Equipment_9653,Condenser,351.35,2.43,115.47
Equipment_9654,Separator,112.01,10.81,85.74
Equipment_9655,Condenser,352.03,2.56,85.72
Equipment_9656,Compressor,490.63,8.2,152.85
Equipment_9657,HeatExchanger,289.39,4.33,103.96
Equipment_9658,Pump,146.34,13.34,237.47
Equipment_9659,Separator,331.38,15.4,202.96
Equipment_9660,Reactor,280.82,5.7,362.57
Equipment_9661,Pump,289.91,14.54,301.09
Equipment_9662,Compressor,265.15,9.49,122.03
Equipment_9663,Compressor,353.18,6.39,66.0
Equipment_9664,Pump,307.38,10.94,298.2
Equipment_9665,Reactor,494.15,8.21,346.04
Equipment_9666,Separator,421.64,5.37,295.35
Equipment_9667,Separator,169.11,15.38,275.33
Equipment_9668,Pump,376.59,16.15,137.26
Equipment_9669,Condenser,146.44,16.21,223.11
Equipment_9670,Valve,402.06,8.26,303.74
Equipment_9671,HeatExchanger,116.4,4.22,117.68
Equipment_9672,Condenser,263.1,16.97,216.79
Equipment_9673,Separator,405.77,7.26,90.96
Equipment_9674,Valve,176.05,15.21,235.75
Equipment_9675,HeatExchanger,426.7,16.53,250.74
Equipment_9676,HeatExchanger,339.87,15.59,237.38
Equipment_9677,HeatExchanger,228.89,8.41,214.31
Equipment_9678,Compressor,240.54,18.82,255.61
Equipment_9679,HeatExchanger,466.7,13.54,398.88
Equipment_9680,Reactor,148.01,11.94,267.89
Equipment_9681,Pump,362.01,14.26,313.4
Equipment_9682,Separator,368.28,1.85,117.24
Equipment_9683,Reactor,465.1,8.42,235.51
Equipment_9684,Pump,370.92,17.74,52.63
Equipment_9685,Condenser,313.01,4.06,61.01
Equipment_9686,Condenser,456.14,8.87,162.87
Equipment_9687,Pump,423.11,8.7,213.31
Equipment_9688,Reactor,372.55,7.76,251.47
Equipment_9689,Pump,64.66,11.68,360.8
Equipment_9690,HeatExchanger,218.08,19.93,320.11
Equipment_9691,Compressor,334.35,5.86,154.99
Equipment_9692,Separator,285.01,14.39,310.22
Equipment_9693,Condenser,193.69,15.4,242.29
Equipment_9694,Separator,114.99,12.11,322.71
Equipment_9695,Compressor,298.85,2.85,193.87
Equipment_9696,HeatExchanger,178.66,11.88,82.16
Equipment_9697,HeatExchanger,154.85,19.12,266.47
Equipment_9698,Condenser,229.53,7.5,244.96
Equipment_9699,Condenser,403.47,13.15,383.76
Equipment_9700,HeatExchanger,269.53,19.23,106.75
Equipment_9701,Valve,147.42,16.16,279.65
Equipment_9702,Separator,102.61,14.08,215.93
Equipment_9703,Compressor,274.54,19.45,182.62
Equipment_9704,Separator,407.46,4.24,328.1
Equipment_9705,Compressor,343.77,15.68,333.73
Equipment_9706,Valve,154.47,8.73,300.11
Equipment_9707,Reactor,246.52,7.85,79.26
Equipment_9708,Compressor,434.85,10.89,170.79
Equipment_9709,Separator,129.95,1.64,66.36
Equipment_9710,Pump,289.44,6.94,170.29
Equipment_9711,HeatExchanger,210.3,4.16,276.77
Equipment_9712,HeatExchanger,105.88,3.64,231.55
Equipment_9713,Valve,72.46,7.41,296.03
Equipment_9714,Compressor,300.14,16.24,243.01
Equipment_9715,Reactor,59.34,4.82,244.53
Equipment_9716,Compressor,96.55,11.1,228.84
Equipment_9717,HeatExchanger,206.4,15.22,177.51
Equipment_9718,Condenser,69.58,5.58,206.3
Equipment_9719,Pump,230.2,18.56,89.35
Equipment_9720,Valve,108.66,17.46,342.08
Equipment_9721,Condenser,207.44,5.77,361.22
Equipment_9722,Separator,406.02,19.8,318.19
Equipment_9723,Reactor,331.86,13.71,254.26
Equipment_9724,Condenser,250.43,6.44,249.21
Equipment_9725,Separator,91.32,13.94,214.61
Equipment_9726,Condenser,328.62,13.66,130.97
Equipment_9727,Reactor,123.67,12.52,184.33
Equipment_9728,Condenser,84.46,14.52,396.47
Equipment_9729,Valve,348.8,6.1,101.03
Equipment_9730,HeatExchanger,460.43,19.6,239.94
Equipment_9731,Compressor,257.27,17.3,353.28
Equipment_9732,Condenser,68.45,15.17,208.55
Equipment_9733,Valve,446.13,1.5,261.96
Equipment_9734,Compressor,80.14,12.22,339.73
Equipment_9735,Separator,440.38,14.42,241.65
Equipment_9736,Compressor,226.32,17.23,306.01
Equipment_9737,Separator,214.43,18.98,171.55
Equipment_9738,Condenser,294.26,18.4,306.56
Equipment_9739,Valve,480.69,8.71,64.36
Equipment_9740,HeatExchanger,454.43,18.03,103.51
Equipment_9741,Condenser,261.65,1.01,273.05
Equipment_9742,Separator,363.12,7.68,207.13
Equipment_9743,Reactor,311.19,3.16,339.92
Equipment_9744,Compressor,362.06,17.78,169.69
Equipment_9745,Condenser,423.2,18.63,318.52
Equipment_9746,Separator,65.52,5.86,98.69
Equipment_9747,Compressor,196.59,7.98,375.55
Equipment_9748,Separator,481.7,19.69,196.45
Equipment_9749,Valve,477.2,11.76,130.82
Equipment_9750,Pump,55.05,10.44,326.2
Equipment_9751,Condenser,140.65,10.51,381.76
Equipment_9752,HeatExchanger,497.2,14.23,371.33
Equipment_9753,Condenser,271.77,19.14,133.28
Equipment_9754,Compressor,307.79,7.97,285.2
Equipment_9755,Valve,124.89,4.28,241.4
Equipment_9756,Separator,452.45,4.52,303.79
Equipment_9757,Reactor,154.07,1.39,220.43
Equipment_9758,HeatExchanger,135.34,11.55,214.42
Equipment_9759,Valve,152.66,18.65,358.95
Equipment_9760,Condenser,463.83,14.55,354.94
Equipment_9761,Reactor,366.28,19.87,325.66
Equipment_9762,Valve,395.87,18.28,296.71
Equipment_9763,Pump,219.67,10.35,287.43
Equipment_9764,HeatExchanger,459.13,10.24,69.66
Equipment_9765,Compressor,405.23,12.94,312.34
Equipment_9766,Valve,387.77,3.11,273.34
Equipment_9767,Valve,486.92,12.55,155.84
Equipment_9768,Pump,214.79,9.82,337.04
Equipment_9769,Condenser,324.94,13.21,341.36
Equipment_9770,Separator,459.47,11.74,376.27
Equipment_9771,Separator,405.9,6.9,196.43
Equipment_9772,HeatExchanger,303.52,12.55,242.94
Equipment_9773,HeatExchanger,84.3,7.95,367.08
Equipment_9774,Compressor,343.73,4.7,160.88
Equipment_9775,Valve,286.95,13.83,328.82
Equipment_9776,Reactor,132.88,6.82,397.19
Equipment_9777,Valve,447.01,17.89,278.18
Equipment_9778,Separator,204.46,4.79,394.3
Equipment_9779,Compressor,224.37,12.4,230.53
Equipment_9780,Valve,352.58,11.86,103.57
Equipment_9781,Pump,269.96,4.76,111.46
Equipment_9782,Separator,90.18,9.36,305.98
Equipment_9783,Valve,224.35,13.84,50.32
Equipment_9784,Valve,92.51,7.05,281.66
Equipment_9785,Separator,135.84,3.16,102.95
Equipment_9786,Reactor,53.23,12.69,394.53
Equipment_9787,Separator,131.59,5.26,107.09
Equipment_9788,Pump,198.7,13.95,243.36
Equipment_9789,Pump,292.2,16.95,284.31
Equipment_9790,Valve,463.67,3.34,336.82
Equipment_9791,HeatExchanger,293.15,9.31,210.74
Equipment_9792,Reactor,367.52,9.45,376.83
Equipment_9793,Valve,210.95,13.02,218.09
Equipment_9794,Separator,388.23,7.35,138.22
Equipment_9795,Valve,329.21,8.95,257.56
Equipment_9796,Compressor,256.91,1.23,280.3
Equipment_9797,Compressor,137.2,3.33,227.59
Equipment_9798,HeatExchanger,186.59,11.83,306.61
Equipment_9799,Reactor,329.43,5.1,197.24
Equipment_9800,Condenser,241.73,3.75,51.52
Equipment_9801,Compressor,450.22,7.16,142.59
Equipment_9802,Condenser,155.68,4.11,381.07
Equipment_9803,Pump,82.88,2.13,317.13
Equipment_9804,Compressor,315.21,6.39,116.34
Equipment_9805,Compressor,448.72,4.12,73.33
Equipment_9806,Reactor,214.13,16.19,172.78
Equipment_9807,HeatExchanger,341.47,2.19,342.71
Equipment_9808,Condenser,154.14,15.2,87.09
Equipment_9809,Separator,301.31,8.27,240.17
Equipment_9810,Compressor,404.06,13.83,146.25
Equipment_9811,Compressor,440.16,2.0,304.19
Equipment_9812,Reactor,97.3,18.49,50.14
Equipment_9813,Reactor,210.37,15.58,147.01
Equipment_9814,HeatExchanger,337.84,3.66,287.74
Equipment_9815,Condenser,65.63,5.16,241.36
Equipment_9816,Pump,360.78,13.24,322.6
Equipment_9817,Separator,287.62,18.51,105.19
Equipment_9818,HeatExchanger,179.85,9.47,235.84
Equipment_9819,Pump,416.59,10.23,118.52
Equipment_9820,Valve,180.52,5.52,273.73
Equipment_9821,Compressor,496.14,8.28,95.97
Equipment_9822,Condenser,417.37,6.43,102.04
Equipment_9823,HeatExchanger,368.59,7.66,164.87
Equipment_9824,Compressor,77.61,1.39,190.67
Equipment_9825,Condenser,456.94,1.78,224.5
Equipment_9826,Condenser,405.52,13.93,253.25
Equipment_9827,Condenser,153.06,13.95,214.08
Equipment_9828,Compressor,226.51,7.27,65.97
Equipment_9829,HeatExchanger,170.88,17.82,170.21
Equipment_9830,Separator,492.99,6.06,71.48
Equipment_9831,Reactor,434.39,8.52,91.33
Equipment_9832,Compressor,468.6,14.9,82.49
Equipment_9833,Condenser,404.95,15.13,105.33
Equipment_9834,HeatExchanger,255.36,17.36,334.52
Equipment_9835,Separator,142.45,1.55,269.65
Equipment_9836,Valve,143.64,4.49,227.37
Equipment_9837,Pump,118.26,13.17,306.29
Equipment_9838,Condenser,295.99,7.43,386.43
Equipment_9839,Valve,463.98,1.83,196.19
Equipment_9840,Reactor,496.31,12.14,178.59
Equipment_9841,Separator,179.28,8.47,392.22
Equipment_9842,Separator,363.79,7.92,319.97
Equipment_9843,Condenser,318.69,6.02,321.99
Equipment_9844,Separator,270.02,1.11,259.98
Equipment_9845,Valve,349.6,4.46,227.45
Equipment_9846,Condenser,217.11,10.01,242.71
Equipment_9847,Compressor,475.02,6.24,278.23
Equipment_9848,HeatExchanger,367.45,17.61,181.89
Equipment_9849,Valve,389.39,3.72,323.8
Equipment_9850,HeatExchanger,159.09,17.63,368.23
Equipment_9851,Compressor,125.86,8.69,249.95
Equipment_9852,Compressor,227.45,6.24,183.52
Equipment_9853,HeatExchanger,395.0,6.78,293.46
Equipment_9854,Valve,472.46,7.27,113.76
Equipment_9855,HeatExchanger,242.3,10.62,389.0
Equipment_9856,HeatExchanger,398.37,7.72,280.3
Equipment_9857,Pump,261.68,13.3,73.65
Equipment_9858,Valve,182.85,9.08,235.41
Equipment_9859,Pump,382.67,13.76,312.62
Equipment_9860,Condenser,409.19,12.48,147.25
Equipment_9861,Separator,141.28,5.64,67.85
Equipment_9862,HeatExchanger,187.33,16.44,221.21
Equipment_9863,Condenser,272.65,16.18,341.77
Equipment_9864,Valve,133.93,19.79,138.04
Equipment_9865,HeatExchanger,467.98,4.33,300.95
Equipment_9866,Separator,316.1,17.11,192.73
Equipment_9867,Condenser,104.54,17.57,70.87
Equipment_9868,Reactor,132.81,13.2,156.39
Equipment_9869,Compressor,479.46,10.62,159.87
Equipment_9870,HeatExchanger,382.18,19.19,366.63
Equipment_9871,Separator,380.48,19.48,393.61
Equipment_9872,Compressor,82.62,13.19,123.42
Equipment_9873,Pump,452.88,7.83,200.68
Equipment_9874,Condenser,249.68,16.53,391.85
Equipment_9875,Pump,346.87,2.7,192.54
Equipment_9876,Separator,481.86,6.52,172.21
Equipment_9877,HeatExchanger,95.01,19.73,88.46
Equipment_9878,Compressor,267.02,16.47,313.65
Equipment_9879,Compressor,72.33,18.85,206.45
Equipment_9880,Condenser,274.8,12.3,273.53
Equipment_9881,HeatExchanger,163.52,8.75,228.45
Equipment_9882,Reactor,459.98,19.61,111.09
Equipment_9883,Reactor,229.32,6.88,111.73
Equipment_9884,Condenser,335.24,15.39,378.91
Equipment_9885,HeatExchanger,437.13,11.61,361.33
Equipment_9886,Condenser,492.66,5.34,263.72
Equipment_9887,HeatExchanger,276.72,1.33,50.44
Equipment_9888,Separator,255.09,8.29,201.65
Equipment_9889,Separator,84.08,11.41,235.65
Equipment_9890,Pump,55.73,4.48,207.3
Equipment_9891,Condenser,323.96,8.88,373.91
Equipment_9892,HeatExchanger,79.46,12.69,64.3
Equipment_9893,Reactor,221.17,14.58,279.22
Equipment_9894,HeatExchanger,51.62,2.0,159.84
Equipment_9895,Separator,326.85,13.62,245.82
Equipment_9896,HeatExchanger,241.44,2.08,279.57
Equipment_9897,Condenser,107.16,1.54,204.29
Equipment_9898,Pump,183.37,3.9,101.93
Equipment_9899,Pump,306.35,13.42,231.66
Equipment_9900,Pump,345.52,2.0,376.53
Equipment_9901,Pump,258.05,1.4,237.56
Equipment_9902,Separator,411.78,3.24,93.03
Equipment_9903,Valve,100.6,19.04,338.46
Equipment_9904,Condenser,88.05,18.24,127.61
Equipment_9905,Compressor,69.91,2.64,179.58
Equipment_9906,Condenser,291.12,6.78,200.06
Equipment_9907,Valve,367.8,19.0,168.89
Equipment_9908,Pump,108.73,2.86,191.56
Equipment_9909,Valve,337.53,2.8,328.42
Equipment_9910,Reactor,264.63,2.63,128.18
Equipment_9911,Reactor,494.31,19.55,214.65
Equipment_9912,Separator,372.86,15.12,57.0
Equipment_9913,Condenser,345.86,5.08,227.68
Equipment_9914,Condenser,306.7,1.87,89.09
Equipment_9915,Compressor,498.81,19.34,148.78
Equipment_9916,Separator,491.21,9.08,163.71
Equipment_9917,Compressor,292.15,12.37,78.82
Equipment_9918,Reactor,254.83,6.3,176.2
Equipment_9919,Pump,257.95,15.41,224.32
Equipment_9920,Valve,242.75,4.74,200.88
Equipment_9921,Compressor,289.13,15.95,148.15
Equipment_9922,HeatExchanger,173.11,5.38,153.2
Equipment_9923,Compressor,467.05,2.86,271.75
Equipment_9924,Pump,270.6,10.1,301.44
Equipment_9925,Pump,428.9,16.45,251.79
Equipment_9926,Condenser,263.89,8.31,391.67
Equipment_9927,Valve,373.23,1.55,380.71
Equipment_9928,Pump,201.6,11.51,84.46
Equipment_9929,Separator,331.16,13.93,141.48
Equipment_9930,Compressor,274.27,15.07,353.94
Equipment_9931,Compressor,215.2,8.64,60.38
Equipment_9932,Reactor,446.7,2.84,257.27
Equipment_9933,Pump,100.72,12.1,384.07
Equipment_9934,HeatExchanger,269.12,7.26,287.55
Equipment_9935,Condenser,137.47,18.99,82.18
Equipment_9936,Valve,437.47,10.55,311.74
Equipment_9937,HeatExchanger,164.06,9.97,181.77
Equipment_9938,Condenser,335.04,6.87,372.54
Equipment_9939,Compressor,124.5,7.44,150.21
Equipment_9940,HeatExchanger,232.21,10.74,215.63
Equipment_9941,Condenser,454.71,6.83,311.31
Equipment_9942,Compressor,124.73,17.95,140.14
Equipment_9943,Compressor,348.44,9.34,113.62
Equipment_9944,Compressor,142.03,6.55,50.95
Equipment_9945,Compressor,237.09,3.95,220.79
Equipment_9946,Separator,293.28,13.77,375.02
Equipment_9947,Compressor,309.79,1.49,148.52
Equipment_9948,Reactor,321.13,9.55,65.18
Equipment_9949,HeatExchanger,338.06,11.45,267.15
Equipment_9950,Condenser,172.3,7.46,69.66
Equipment_9951,Reactor,230.62,15.25,227.42
Equipment_9952,Separator,66.79,13.84,183.54
Equipment_9953,Reactor,395.94,19.46,216.4
Equipment_9954,Pump,426.69,10.67,106.92
Equipment_9955,Pump,139.66,11.22,81.57
Equipment_9956,Pump,140.65,5.67,312.15
Equipment_9957,Valve,68.92,8.32,135.98
Equipment_9958,Pump,486.67,1.51,330.15
Equipment_9959,Condenser,413.23,14.1,315.46
Equipment_9960,Reactor,212.32,6.92,119.43
Equipment_9961,Condenser,266.86,11.27,367.9
Equipment_9962,HeatExchanger,181.39,5.84,106.45
Equipment_9963,Pump,318.76,12.8,329.0
Equipment_9964,Separator,372.79,9.5,197.19
Equipment_9965,Valve,251.32,10.16,114.06
Equipment_9966,HeatExchanger,443.12,18.91,378.34
Equipment_9967,Separator,282.66,14.42,387.14
Equipment_9968,Valve,114.91,5.98,228.98
Equipment_9969,HeatExchanger,330.03,10.57,214.21
Equipment_9970,Reactor,258.0,9.87,365.29
Equipment_9971,Condenser,471.05,16.11,258.65
Equipment_9972,Compressor,226.35,16.83,143.11
Equipment_9973,Condenser,231.29,6.39,198.82
Equipment_9974,Pump,342.85,16.6,342.6
Equipment_9975,Separator,287.14,4.41,350.85
Equipment_9976,Compressor,218.5,15.49,378.74
Equipment_9977,Valve,495.4,5.73,150.89
Equipment_9978,Reactor,185.98,6.66,287.98
Equipment_9979,Reactor,174.89,17.2,73.94
Equipment_9980,Valve,438.99,8.98,304.07
Equipment_9981,Pump,51.52,19.82,247.12
Equipment_9982,Valve,140.56,3.89,137.42
Equipment_9983,HeatExchanger,315.7,9.8,279.12
Equipment_9984,Separator,123.1,14.92,97.31
Equipment_9985,Separator,493.61,1.1,166.83
Equipment_9986,Pump,258.89,3.89,190.32
Equipment_9987,Compressor,318.81,1.39,322.0
Equipment_9988,Valve,122.17,19.86,158.07
Equipment_9989,Pump,180.22,15.45,67.16
Equipment_9990,Separator,326.58,8.1,113.26
Equipment_9991,Compressor,297.3,3.97,262.83
Equipment_9992,Valve,402.96,2.72,55.34
Equipment_9993,Reactor,171.15,11.11,327.28
Equipment_9994,Valve,344.09,19.54,365.39
Equipment_9995,Condenser,180.94,13.82,223.39
Equipment_9996,Valve,314.04,7.94,297.67
Equipment_9997,Condenser,322.26,10.52,211.94
Equipment_9998,Compressor,104.83,19.98,158.07
Equipment_9999,Valve,296.88,10.86,107.7
Equipment_10000,Compressor,55.37,19.32,231.36
